listing_id,cal_days,unavailable_rate_90d
11156,90,0.011111111111111112
15253,90,0.34444444444444444
44545,90,1.0
58506,90,0.6888888888888889
68999,90,0.9333333333333333
69956,90,0.0
71866,90,0.4666666666666667
75702,90,0.8555555555555555
79912,90,0.022222222222222223
87709,90,1.0
105938,90,0.14444444444444443
118658,90,0.0
122931,90,0.011111111111111112
135691,90,0.13333333333333333
153444,90,0.5444444444444444
200800,90,0.6
249100,90,0.2
266445,90,0.2111111111111111
276617,90,0.7
290146,90,0.7222222222222222
292905,90,0.5888888888888889
323999,90,0.9222222222222223
340563,90,0.044444444444444446
360141,90,0.45555555555555555
363282,90,0.03333333333333333
366856,90,0.3888888888888889
366857,90,0.32222222222222224
374072,90,1.0
379498,90,0.044444444444444446
386997,90,0.45555555555555555
411828,90,0.25555555555555554
446497,90,0.022222222222222223
465977,90,0.0
466383,90,1.0
472566,90,0.9777777777777777
475512,90,0.7666666666666667
498008,90,0.6222222222222222
499631,90,0.5
537851,90,0.9222222222222223
539231,90,0.3888888888888889
583321,90,0.13333333333333333
591662,90,1.0
594776,90,0.3111111111111111
616822,90,0.0
619474,90,0.37777777777777777
653240,90,0.5555555555555556
659009,90,0.14444444444444443
701670,90,1.0
706542,90,0.3111111111111111
709066,90,1.0
714131,90,1.0
718597,90,0.7
725235,90,0.07777777777777778
731503,90,0.18888888888888888
731529,90,0.18888888888888888
745467,90,1.0
751568,90,0.0
765619,90,0.14444444444444443
765765,90,1.0
767295,90,0.43333333333333335
771147,90,0.3111111111111111
771702,90,0.0
777184,90,0.0
783928,90,0.9
787970,90,0.1111111111111111
793020,90,0.0
806337,90,1.0
813853,90,0.13333333333333333
820678,90,0.3888888888888889
822347,90,0.1111111111111111
835531,90,0.35555555555555557
837460,90,0.0
837511,90,0.6111111111111112
846649,90,0.4444444444444444
846882,90,0.5222222222222223
847003,90,0.08888888888888889
866422,90,0.7222222222222222
871059,90,0.28888888888888886
873817,90,0.0
880940,90,0.5111111111111111
883062,90,0.4888888888888889
885875,90,0.044444444444444446
894042,90,0.12222222222222222
894233,90,0.03333333333333333
908809,90,0.12222222222222222
910871,90,0.0
910981,90,0.5555555555555556
915054,90,0.08888888888888889
918892,90,0.0
929853,90,0.0
934398,90,1.0
934543,90,0.4666666666666667
944360,90,0.3111111111111111
948716,90,0.07777777777777778
949950,90,0.06666666666666667
969603,90,0.4666666666666667
1014544,90,0.7444444444444445
1018623,90,0.08888888888888889
1046319,90,0.0
1054789,90,0.1111111111111111
1060530,90,0.0
1111328,90,0.45555555555555555
1122772,90,1.0
1125557,90,0.0
1130697,90,0.0
1130919,90,0.0
1131054,90,1.0
1139616,90,1.0
1141803,90,0.2222222222222222
1145502,90,1.0
1145571,90,0.0
1164589,90,0.17777777777777778
1168005,90,0.36666666666666664
1180462,90,0.6333333333333333
1181214,90,0.0
1184688,90,0.4777777777777778
1188276,90,0.9666666666666667
1211041,90,0.07777777777777778
1218594,90,0.6777777777777778
1243792,90,0.5444444444444444
1276799,90,0.7222222222222222
1314482,90,0.011111111111111112
1317388,90,0.3888888888888889
1317556,90,0.0
1321603,90,0.0
1336819,90,1.0
1383673,90,0.0
1394532,90,0.0
1394990,90,0.4
1408891,90,0.0
1451160,90,0.05555555555555555
1452636,90,1.0
1456826,90,0.7111111111111111
1469185,90,0.12222222222222222
1477506,90,0.25555555555555554
1480417,90,0.011111111111111112
1484181,90,0.07777777777777778
1484520,90,0.7
1500360,90,0.37777777777777777
1516013,90,0.7
1516150,90,0.0
1521151,90,0.07777777777777778
1521901,90,0.3333333333333333
1548155,90,0.0
1548191,90,0.8
1584102,90,0.5222222222222223
1584760,90,0.8777777777777778
1598143,90,0.7888888888888889
1623648,90,0.0
1624855,90,1.0
1664928,90,0.4777777777777778
1668941,90,0.28888888888888886
1669063,90,0.0
1678160,90,0.6111111111111112
1685109,90,0.4888888888888889
1693472,90,0.022222222222222223
1704477,90,0.32222222222222224
1714235,90,0.2111111111111111
1725625,90,0.37777777777777777
1742928,90,0.0
1747259,90,0.07777777777777778
1760082,90,0.5888888888888889
1763514,90,0.011111111111111112
1763888,90,0.7777777777777778
1764733,90,0.022222222222222223
1769186,90,0.0
1770560,90,0.2
1789833,90,0.8444444444444444
1808700,90,0.16666666666666666
1816009,90,0.7
1837068,90,1.0
1857367,90,0.2222222222222222
1866006,90,0.044444444444444446
1867010,90,0.0
1869390,90,0.8
1869653,90,0.03333333333333333
1869971,90,0.05555555555555555
1877472,90,0.12222222222222222
1886610,90,0.45555555555555555
1889213,90,0.0
1903284,90,0.34444444444444444
1907162,90,0.011111111111111112
1907945,90,0.7
1910165,90,0.36666666666666664
1925052,90,1.0
1926003,90,1.0
1927075,90,1.0
1937096,90,0.03333333333333333
1940766,90,0.13333333333333333
1941785,90,0.0
1945296,90,1.0
1961902,90,0.24444444444444444
1963395,90,0.14444444444444443
1966675,90,1.0
1967288,90,0.3
1968430,90,0.7111111111111111
1973045,90,0.15555555555555556
1979812,90,0.6444444444444445
1979927,90,0.9
1989968,90,0.8333333333333334
2008918,90,0.0
2012777,90,0.9888888888888889
2033151,90,0.9
2041490,90,1.0
2047261,90,0.011111111111111112
2047577,90,0.0
2053171,90,0.011111111111111112
2058631,90,0.022222222222222223
2062003,90,0.9444444444444444
2066597,90,0.3888888888888889
2068981,90,0.9222222222222223
2072184,90,0.08888888888888889
2078894,90,0.9666666666666667
2079278,90,0.0
2079709,90,0.6444444444444445
2082555,90,0.34444444444444444
2099368,90,1.0
2121015,90,1.0
2132102,90,0.7222222222222222
2167538,90,0.0
2172385,90,0.7111111111111111
2188156,90,0.35555555555555557
2197550,90,0.9
2203762,90,0.13333333333333333
2212520,90,1.0
2218225,90,0.03333333333333333
2223142,90,1.0
2238586,90,1.0
2256516,90,0.5888888888888889
2279185,90,0.0
2285490,90,0.9
2285493,90,0.022222222222222223
2292211,90,0.7555555555555555
2299737,90,0.06666666666666667
2304919,90,0.0
2316066,90,0.8888888888888888
2326607,90,1.0
2328016,90,0.011111111111111112
2367308,90,1.0
2392859,90,0.7555555555555555
2396968,90,1.0
2407046,90,0.9
2434101,90,0.15555555555555556
2438152,90,0.7555555555555555
2448611,90,1.0
2463096,90,0.07777777777777778
2467441,90,0.0
2468217,90,0.35555555555555557
2504664,90,0.13333333333333333
2506504,90,0.03333333333333333
2509648,90,0.6444444444444445
2511345,90,1.0
2514864,90,0.0
2526860,90,1.0
2539502,90,0.0
2546323,90,0.5
2547093,90,0.03333333333333333
2547558,90,1.0
2561006,90,0.2
2561206,90,0.43333333333333335
2565041,90,0.16666666666666666
2586615,90,0.011111111111111112
2608366,90,0.8666666666666667
2609433,90,0.0
2638223,90,0.011111111111111112
2660996,90,1.0
2665381,90,0.044444444444444446
2672392,90,0.7111111111111111
2673102,90,0.9777777777777777
2681223,90,1.0
2686405,90,0.9
2694037,90,0.044444444444444446
2694251,90,0.7444444444444445
2703494,90,0.5
2739990,90,0.34444444444444444
2749926,90,0.7888888888888889
2774803,90,0.3888888888888889
2786954,90,1.0
2796779,90,0.43333333333333335
2803416,90,0.03333333333333333
2811738,90,0.45555555555555555
2832968,90,0.5222222222222223
2838064,90,0.0
2858754,90,0.07777777777777778
2890011,90,0.05555555555555555
2899408,90,0.0
2920284,90,1.0
2920687,90,0.2777777777777778
2928091,90,0.022222222222222223
2943652,90,0.7444444444444445
2965688,90,0.9777777777777777
3013026,90,0.8111111111111111
3037737,90,0.23333333333333334
3042637,90,1.0
3044911,90,1.0
3096404,90,0.0
3115490,90,0.044444444444444446
3116017,90,0.4777777777777778
3126723,90,1.0
3178478,90,0.0
3194787,90,1.0
3197590,90,0.18888888888888888
3201248,90,0.6777777777777778
3210925,90,0.0
3220450,90,1.0
3221376,90,1.0
3259708,90,0.022222222222222223
3260371,90,0.022222222222222223
3273113,90,0.13333333333333333
3293665,90,1.0
3296812,90,0.34444444444444444
3305263,90,0.9888888888888889
3337502,90,0.6777777777777778
3363195,90,1.0
3366626,90,0.0
3407081,90,0.2111111111111111
3425736,90,0.4888888888888889
3426001,90,0.0
3479862,90,0.0
3489542,90,0.0
3489739,90,1.0
3499364,90,0.0
3513529,90,0.0
3513769,90,0.4777777777777778
3518136,90,0.08888888888888889
3534220,90,0.0
3534385,90,0.8666666666666667
3535464,90,0.0
3553797,90,0.011111111111111112
3555021,90,0.36666666666666664
3555199,90,1.0
3600691,90,1.0
3638462,90,0.0
3645790,90,0.4
3670285,90,1.0
3715176,90,0.5
3783193,90,0.4222222222222222
3796402,90,0.3333333333333333
3812319,90,0.14444444444444443
3817911,90,0.1111111111111111
3820441,90,0.3333333333333333
3821728,90,0.2222222222222222
3822947,90,1.0
3829034,90,0.044444444444444446
3835331,90,1.0
3890068,90,0.13333333333333333
3900144,90,1.0
3919714,90,0.0
3946228,90,0.07777777777777778
3948647,90,0.9222222222222223
3962691,90,0.6777777777777778
3978880,90,0.7777777777777778
3980480,90,0.15555555555555556
3988362,90,0.3888888888888889
3989395,90,0.7888888888888889
3994417,90,0.4777777777777778
4008182,90,0.6777777777777778
4025310,90,1.0
4033572,90,0.0
4034847,90,1.0
4061343,90,0.4
4076976,90,0.03333333333333333
4078418,90,0.5888888888888889
4083094,90,0.0
4085526,90,0.5555555555555556
4106027,90,0.9666666666666667
4122196,90,1.0
4145041,90,0.3888888888888889
4167238,90,0.0
4184110,90,0.5
4186298,90,0.6777777777777778
4194710,90,0.3111111111111111
4199110,90,0.0
4200468,90,1.0
4207786,90,0.0
4218338,90,0.2111111111111111
4221170,90,1.0
4236007,90,0.9333333333333333
4238194,90,1.0
4244433,90,1.0
4245259,90,0.0
4251796,90,0.03333333333333333
4252825,90,0.37777777777777777
4253843,90,0.08888888888888889
4259231,90,0.32222222222222224
4260877,90,0.13333333333333333
4264666,90,0.0
4270944,90,0.6888888888888889
4273459,90,1.0
4281477,90,0.0
4297264,90,0.022222222222222223
4298067,90,1.0
4337047,90,1.0
4367971,90,0.07777777777777778
4371723,90,0.022222222222222223
4372144,90,0.022222222222222223
4377332,90,0.6444444444444445
4379449,90,1.0
4387602,90,0.6666666666666666
4411586,90,1.0
4420479,90,0.12222222222222222
4424433,90,0.07777777777777778
4424593,90,0.0
4424626,90,0.07777777777777778
4438835,90,1.0
4440507,90,0.044444444444444446
4451610,90,0.7222222222222222
4465114,90,0.022222222222222223
4465427,90,0.7111111111111111
4470992,90,1.0
4471166,90,1.0
4477796,90,0.0
4491986,90,0.07777777777777778
4497296,90,0.011111111111111112
4499095,90,0.9666666666666667
4502957,90,0.7777777777777778
4512376,90,1.0
4519952,90,0.8888888888888888
4521519,90,0.6777777777777778
4528421,90,0.8333333333333334
4533332,90,0.0
4549327,90,0.0
4550363,90,0.0
4552083,90,0.011111111111111112
4560945,90,0.022222222222222223
4561042,90,0.2111111111111111
4566973,90,0.0
4569536,90,0.4888888888888889
4571075,90,0.07777777777777778
4582854,90,0.0
4588660,90,0.0
4589874,90,1.0
4590307,90,1.0
4590323,90,1.0
4615923,90,0.0
4617156,90,1.0
4624297,90,0.7444444444444445
4624359,90,0.13333333333333333
4653090,90,0.14444444444444443
4663535,90,0.8111111111111111
4674109,90,0.6888888888888889
4688422,90,1.0
4695353,90,1.0
4701779,90,1.0
4702448,90,0.03333333333333333
4709805,90,0.0
4711731,90,0.25555555555555554
4719896,90,1.0
4722723,90,0.06666666666666667
4755217,90,0.9222222222222223
4766592,90,1.0
4766604,90,0.8888888888888888
4768694,90,0.07777777777777778
4769647,90,1.0
4771018,90,0.0
4787478,90,0.35555555555555557
4795367,90,0.06666666666666667
4802208,90,1.0
4803813,90,0.011111111111111112
4804636,90,0.0
4839873,90,0.6333333333333333
4841999,90,0.6555555555555556
4849756,90,0.022222222222222223
4851065,90,0.011111111111111112
4857871,90,0.0
4883406,90,0.7
4886370,90,0.0
4895977,90,0.7555555555555555
4916502,90,0.0
4923761,90,0.0
4927328,90,0.07777777777777778
4932434,90,0.8
4942571,90,0.1111111111111111
4942763,90,0.3888888888888889
4951338,90,1.0
4968641,90,0.0
4968993,90,0.0
4969846,90,0.0
4969944,90,0.011111111111111112
5015758,90,0.8777777777777778
5024426,90,0.0
5042823,90,0.4666666666666667
5043008,90,1.0
5052611,90,0.24444444444444444
5079014,90,0.0
5084468,90,1.0
5127169,90,1.0
5128349,90,0.12222222222222222
5139135,90,1.0
5163979,90,0.5222222222222223
5164150,90,0.5777777777777777
5183296,90,0.3888888888888889
5185223,90,0.13333333333333333
5193493,90,0.8111111111111111
5195093,90,0.011111111111111112
5195552,90,1.0
5196011,90,0.9222222222222223
5203848,90,0.0
5224079,90,0.6888888888888889
5243185,90,0.07777777777777778
5254214,90,1.0
5310960,90,0.011111111111111112
5341412,90,0.0
5357073,90,0.43333333333333335
5364907,90,0.0
5367703,90,1.0
5376308,90,0.0
5387081,90,0.0
5394576,90,0.0
5406141,90,0.7777777777777778
5422840,90,0.0
5426536,90,0.0
5435721,90,0.08888888888888889
5446271,90,0.8777777777777778
5459315,90,0.0
5473593,90,0.3111111111111111
5491060,90,0.03333333333333333
5491790,90,0.0
5512685,90,0.4444444444444444
5551123,90,0.18888888888888888
5560772,90,0.4222222222222222
5572652,90,0.044444444444444446
5604994,90,0.011111111111111112
5609319,90,0.3888888888888889
5609925,90,0.0
5619581,90,0.07777777777777778
5622326,90,1.0
5652283,90,0.0
5661656,90,0.0
5685025,90,0.0
5708726,90,0.7666666666666667
5731148,90,1.0
5733370,90,1.0
5733723,90,0.0
5751283,90,0.2777777777777778
5753253,90,0.011111111111111112
5775203,90,0.0
5785549,90,0.5444444444444444
5789223,90,0.0
5796607,90,0.0
5796898,90,0.011111111111111112
5836800,90,0.022222222222222223
5852076,90,0.5111111111111111
5876117,90,0.03333333333333333
5887408,90,0.9555555555555556
5893273,90,0.28888888888888886
5893296,90,0.0
5895126,90,0.4888888888888889
5906496,90,0.08888888888888889
5923031,90,0.5666666666666667
5932690,90,0.0
5932798,90,0.2777777777777778
5947393,90,0.23333333333333334
5960077,90,0.011111111111111112
5971929,90,0.12222222222222222
5980151,90,0.03333333333333333
5981263,90,0.6777777777777778
5991876,90,0.0
5993432,90,0.6555555555555556
5999221,90,0.07777777777777778
5999550,90,0.07777777777777778
6007664,90,0.32222222222222224
6009215,90,1.0
6020522,90,0.18888888888888888
6020536,90,0.18888888888888888
6020591,90,0.06666666666666667
6092940,90,1.0
6094307,90,0.07777777777777778
6098223,90,0.1
6112100,90,0.0
6121617,90,0.28888888888888886
6170899,90,0.4777777777777778
6226394,90,0.0
6227445,90,0.011111111111111112
6253555,90,0.011111111111111112
6264596,90,0.0
6267310,90,0.0
6276355,90,0.24444444444444444
6277850,90,0.9333333333333333
6280076,90,0.0
6306090,90,0.0
6330875,90,0.37777777777777777
6348164,90,0.044444444444444446
6349130,90,0.022222222222222223
6362810,90,1.0
6364143,90,0.0
6381575,90,0.08888888888888889
6391942,90,0.32222222222222224
6395363,90,0.0
6426355,90,0.3333333333333333
6426630,90,0.5333333333333333
6428036,90,0.35555555555555557
6437651,90,0.5555555555555556
6442023,90,1.0
6466486,90,0.03333333333333333
6470222,90,1.0
6479714,90,0.8444444444444444
6514913,90,0.8888888888888888
6516085,90,0.7777777777777778
6518475,90,0.7666666666666667
6522122,90,0.0
6534880,90,0.0
6562229,90,0.9444444444444444
6575878,90,0.03333333333333333
6577816,90,0.9777777777777777
6607663,90,0.7666666666666667
6696037,90,0.0
6718556,90,0.1111111111111111
6785167,90,1.0
6788254,90,0.1
6813890,90,0.14444444444444443
6828592,90,0.12222222222222222
6853218,90,0.6888888888888889
6853548,90,0.022222222222222223
6855050,90,0.4111111111111111
6855178,90,0.32222222222222224
6856024,90,0.28888888888888886
6889998,90,0.8555555555555555
6890254,90,0.011111111111111112
6890621,90,0.2222222222222222
6896098,90,0.3888888888888889
6902317,90,0.4222222222222222
6902748,90,0.5111111111111111
6925526,90,0.5666666666666667
6939281,90,0.6333333333333333
6975874,90,0.37777777777777777
6976076,90,0.03333333333333333
6979968,90,0.4888888888888889
7006523,90,0.03333333333333333
7027195,90,0.32222222222222224
7038486,90,0.0
7039724,90,0.0
7042866,90,0.8222222222222222
7074686,90,0.0
7075458,90,0.0
7076824,90,0.0
7142357,90,1.0
7163277,90,0.2
7168362,90,0.5444444444444444
7186117,90,0.011111111111111112
7211024,90,1.0
7228713,90,0.14444444444444443
7247648,90,1.0
7294213,90,1.0
7349477,90,0.9333333333333333
7351266,90,0.8222222222222222
7353616,90,1.0
7392024,90,0.03333333333333333
7404524,90,0.0
7406644,90,0.0
7407049,90,0.0
7427765,90,0.4666666666666667
7483184,90,0.12222222222222222
7506429,90,0.0
7510857,90,1.0
7531456,90,0.0
7536161,90,0.17777777777777778
7548377,90,0.12222222222222222
7549109,90,0.06666666666666667
7581657,90,0.03333333333333333
7581665,90,0.03333333333333333
7581942,90,1.0
7586506,90,0.0
7588847,90,0.9333333333333333
7601841,90,0.0
7601951,90,0.0
7638582,90,0.13333333333333333
7640081,90,0.06666666666666667
7652191,90,0.0
7652413,90,0.1111111111111111
7665921,90,1.0
7712099,90,0.6111111111111112
7714890,90,0.28888888888888886
7717845,90,0.0
7790340,90,1.0
7846383,90,0.0
7849016,90,0.022222222222222223
7917442,90,0.022222222222222223
7921725,90,0.9333333333333333
7958008,90,0.4888888888888889
7958113,90,0.8444444444444444
7963207,90,1.0
7974089,90,0.14444444444444443
7986721,90,0.0
7989487,90,0.0
8025015,90,0.07777777777777778
8051340,90,1.0
8071786,90,0.16666666666666666
8089456,90,0.4777777777777778
8089890,90,0.7555555555555555
8096646,90,0.0
8121226,90,0.5444444444444444
8132999,90,1.0
8171448,90,0.43333333333333335
8193171,90,0.4666666666666667
8193217,90,0.011111111111111112
8196539,90,0.0
8212667,90,0.3111111111111111
8212723,90,0.0
8213958,90,0.011111111111111112
8238970,90,0.0
8239488,90,0.9333333333333333
8257820,90,0.17777777777777778
8279761,90,0.8888888888888888
8282644,90,0.36666666666666664
8292273,90,0.0
8313239,90,0.0
8317223,90,0.6111111111111112
8317766,90,0.4111111111111111
8332544,90,0.35555555555555557
8342986,90,0.0
8371694,90,0.0
8395485,90,0.12222222222222222
8410964,90,0.022222222222222223
8431384,90,0.32222222222222224
8432641,90,1.0
8461058,90,1.0
8461067,90,1.0
8474401,90,0.5666666666666667
8477051,90,0.6444444444444445
8506494,90,1.0
8506611,90,0.0
8508270,90,0.022222222222222223
8510573,90,0.13333333333333333
8520972,90,1.0
8523520,90,0.0
8524383,90,0.0
8528330,90,0.15555555555555556
8558507,90,0.03333333333333333
8572187,90,0.3111111111111111
8575021,90,0.4777777777777778
8596993,90,1.0
8617383,90,0.8888888888888888
8639646,90,0.8111111111111111
8662221,90,0.7333333333333333
8673910,90,0.1
8705622,90,0.6333333333333333
8739001,90,0.1
8740611,90,0.0
8740711,90,0.5555555555555556
8746044,90,1.0
8747750,90,1.0
8766964,90,0.0
8767570,90,0.7333333333333333
8780351,90,0.07777777777777778
8801526,90,0.9333333333333333
8815875,90,1.0
8831721,90,0.3
8849319,90,0.7888888888888889
8866836,90,0.7444444444444445
8867224,90,0.7111111111111111
8869495,90,0.0
8869697,90,0.0
8872840,90,0.0
8905329,90,1.0
8905714,90,0.011111111111111112
8926500,90,0.0
8940421,90,0.8777777777777778
8942973,90,0.4111111111111111
8957949,90,0.0
8977284,90,0.6222222222222222
8977590,90,0.25555555555555554
8989010,90,0.45555555555555555
8991803,90,0.0
8992641,90,0.011111111111111112
8993906,90,0.5888888888888889
8994288,90,1.0
8996950,90,0.12222222222222222
9016480,90,0.0
9017809,90,0.0
9019724,90,0.0
9032500,90,0.011111111111111112
9042084,90,0.0
9066462,90,0.4777777777777778
9069411,90,0.0
9078491,90,0.011111111111111112
9079436,90,0.5111111111111111
9080393,90,0.5222222222222223
9096976,90,0.7
9097988,90,0.9888888888888889
9098095,90,0.6222222222222222
9136716,90,0.1111111111111111
9164562,90,0.24444444444444444
9175945,90,0.0
9202266,90,1.0
9220063,90,1.0
9222068,90,0.3333333333333333
9224272,90,0.7777777777777778
9239802,90,0.15555555555555556
9240361,90,0.9222222222222223
9258418,90,1.0
9262301,90,0.044444444444444446
9302572,90,0.9666666666666667
9303672,90,0.0
9322790,90,0.9777777777777777
9333756,90,1.0
9336254,90,0.8111111111111111
9349911,90,0.7666666666666667
9352316,90,0.37777777777777777
9356412,90,0.6333333333333333
9369170,90,0.0
9369875,90,0.022222222222222223
9371491,90,0.0
9373605,90,0.0
9376988,90,0.03333333333333333
9413057,90,0.28888888888888886
9415438,90,0.28888888888888886
9420360,90,0.07777777777777778
9438445,90,0.28888888888888886
9452970,90,0.18888888888888888
9467015,90,0.28888888888888886
9475599,90,0.0
9479274,90,0.4777777777777778
9494426,90,0.0
9497576,90,0.0
9497746,90,0.9888888888888889
9514731,90,0.7333333333333333
9515341,90,0.13333333333333333
9532775,90,1.0
9532851,90,0.5333333333333333
9533906,90,1.0
9537762,90,0.03333333333333333
9553298,90,0.37777777777777777
9563497,90,0.9777777777777777
9566883,90,1.0
9579599,90,0.4888888888888889
9582232,90,0.011111111111111112
9599285,90,0.28888888888888886
9602676,90,0.17777777777777778
9612902,90,0.0
9615165,90,0.18888888888888888
9617945,90,0.0
9634655,90,0.0
9634683,90,0.6
9634963,90,0.0
9652771,90,0.022222222222222223
9654068,90,0.0
9669025,90,0.03333333333333333
9669251,90,0.4
9670114,90,0.36666666666666664
9670287,90,0.0
9685901,90,1.0
9685977,90,0.2222222222222222
9697067,90,0.022222222222222223
9698145,90,0.9
9698646,90,0.5444444444444444
9702491,90,0.0
9716970,90,0.7333333333333333
9717866,90,0.5111111111111111
9718405,90,0.5666666666666667
9723636,90,0.18888888888888888
9736958,90,0.9777777777777777
9741063,90,0.0
9742459,90,0.0
9745877,90,0.0
9756396,90,0.9
9757081,90,0.26666666666666666
9757839,90,0.07777777777777778
9779029,90,0.0
9779233,90,0.0
9779812,90,0.0
9795780,90,0.0
9801139,90,0.13333333333333333
9812847,90,1.0
9816151,90,0.3
9817858,90,0.17777777777777778
9827731,90,0.6666666666666666
9828963,90,0.4777777777777778
9830174,90,0.9888888888888889
9832917,90,0.7666666666666667
9846163,90,1.0
9850285,90,0.022222222222222223
9868683,90,0.011111111111111112
9870561,90,0.0
9910698,90,0.011111111111111112
9911617,90,0.8111111111111111
9928529,90,0.2222222222222222
9942320,90,1.0
9944097,90,1.0
9945151,90,0.08888888888888889
9958784,90,0.8111111111111111
9965002,90,0.5777777777777777
9976320,90,0.3888888888888889
9978026,90,0.0
10021995,90,1.0
10024520,90,0.23333333333333334
10045915,90,0.7444444444444445
10047072,90,0.45555555555555555
10048949,90,0.23333333333333334
10074639,90,0.13333333333333333
10087759,90,0.0
10102438,90,1.0
10103161,90,0.05555555555555555
10108272,90,0.0
10108388,90,0.7222222222222222
10124185,90,0.0
10136190,90,0.13333333333333333
10153511,90,1.0
10168999,90,0.0
10169255,90,1.0
10182761,90,0.6777777777777778
10191224,90,0.9666666666666667
10216485,90,0.0
10229965,90,0.011111111111111112
10233426,90,0.6444444444444445
10273575,90,0.4666666666666667
10299148,90,0.0
10301601,90,0.5333333333333333
10302621,90,0.7666666666666667
10318389,90,1.0
10320098,90,0.25555555555555554
10328088,90,0.0
10371800,90,0.05555555555555555
10373363,90,1.0
10373909,90,0.18888888888888888
10388137,90,0.28888888888888886
10391965,90,0.0
10392092,90,0.03333333333333333
10415658,90,0.022222222222222223
10416452,90,0.022222222222222223
10416730,90,0.03333333333333333
10423504,90,1.0
10435109,90,0.7111111111111111
10436442,90,0.0
10456538,90,0.6111111111111112
10459851,90,0.8555555555555555
10478915,90,1.0
10482767,90,0.14444444444444443
10497704,90,0.5333333333333333
10497925,90,1.0
10501918,90,0.43333333333333335
10505961,90,0.9333333333333333
10521342,90,0.0
10526535,90,0.07777777777777778
10526870,90,0.6444444444444445
10573076,90,0.03333333333333333
10575238,90,0.3888888888888889
10621609,90,0.0
10635790,90,0.13333333333333333
10660570,90,0.0
10660647,90,0.9666666666666667
10661396,90,0.1
10686915,90,0.0
10691075,90,1.0
10693599,90,0.022222222222222223
10711571,90,0.5
10712276,90,0.0
10713802,90,0.011111111111111112
10732379,90,0.9777777777777777
10732560,90,0.7222222222222222
10755635,90,0.0
10756409,90,1.0
10811901,90,0.0
10867602,90,0.2222222222222222
10871292,90,0.0
10929826,90,0.4888888888888889
10947414,90,0.34444444444444444
10949144,90,0.15555555555555556
10995325,90,0.4
11023378,90,0.6444444444444445
11025885,90,1.0
11047921,90,0.7222222222222222
11063067,90,0.5111111111111111
11066371,90,0.011111111111111112
11084973,90,0.5111111111111111
11088470,90,0.08888888888888889
11092240,90,0.0
11103882,90,0.9888888888888889
11105823,90,1.0
11124239,90,0.45555555555555555
11124867,90,0.0
11126192,90,0.0
11127779,90,0.0
11146652,90,0.0
11148586,90,0.7333333333333333
11189798,90,0.0
11209551,90,0.9
11209774,90,0.5
11212853,90,0.8444444444444444
11245014,90,1.0
11264211,90,0.6555555555555556
11361293,90,1.0
11381672,90,1.0
11403210,90,0.07777777777777778
11403897,90,0.0
11404309,90,0.25555555555555554
11404342,90,0.044444444444444446
11417204,90,0.24444444444444444
11425178,90,0.0
11441479,90,0.0
11441680,90,0.16666666666666666
11449214,90,0.24444444444444444
11462172,90,0.12222222222222222
11462468,90,0.08888888888888889
11480581,90,0.9888888888888889
11487187,90,0.0
11505651,90,0.0
11530550,90,0.022222222222222223
11530700,90,0.0
11532010,90,0.34444444444444444
11532982,90,0.07777777777777778
11572238,90,0.06666666666666667
11593322,90,0.45555555555555555
11593889,90,0.5444444444444444
11659833,90,0.34444444444444444
11680167,90,0.1111111111111111
11698734,90,1.0
11702755,90,0.6222222222222222
11704942,90,0.34444444444444444
11720900,90,0.0
11740187,90,1.0
11743252,90,0.9333333333333333
11747960,90,1.0
11761760,90,1.0
11782624,90,0.0
11799778,90,0.9888888888888889
11805646,90,1.0
11848069,90,0.0
11849408,90,0.1111111111111111
11877029,90,0.2111111111111111
11893015,90,1.0
11898939,90,0.2
11911109,90,0.011111111111111112
11931851,90,0.2
11954028,90,0.03333333333333333
11956630,90,0.13333333333333333
12026867,90,0.044444444444444446
12027015,90,0.25555555555555554
12044261,90,0.6222222222222222
12073490,90,0.0
12077327,90,0.0
12114078,90,0.2
12114752,90,0.45555555555555555
12115369,90,0.4777777777777778
12135601,90,0.0
12136877,90,1.0
12156171,90,1.0
12175499,90,0.07777777777777778
12176184,90,0.7555555555555555
12194795,90,0.0
12200274,90,0.5666666666666667
12211108,90,0.2222222222222222
12231914,90,0.0
12232483,90,0.5555555555555556
12233475,90,0.011111111111111112
12234040,90,0.35555555555555557
12347833,90,1.0
12368500,90,0.7888888888888889
12370710,90,0.8555555555555555
12388803,90,0.4444444444444444
12414197,90,0.6666666666666666
12434800,90,1.0
12439673,90,0.0
12454661,90,0.011111111111111112
12456072,90,0.5888888888888889
12501859,90,0.0
12503272,90,0.0
12531701,90,1.0
12547803,90,0.6666666666666666
12567719,90,0.9333333333333333
12570075,90,0.28888888888888886
12592683,90,0.011111111111111112
12611882,90,1.0
12613238,90,0.011111111111111112
12655535,90,0.16666666666666666
12659192,90,0.022222222222222223
12663509,90,0.011111111111111112
12682740,90,1.0
12684140,90,0.0
12684278,90,0.0
12762639,90,0.8111111111111111
12786819,90,0.0
12796018,90,0.16666666666666666
12811576,90,1.0
12814872,90,0.0
12815786,90,0.9888888888888889
12875140,90,0.022222222222222223
12878847,90,0.011111111111111112
12897385,90,0.5
12916005,90,0.15555555555555556
12917491,90,0.32222222222222224
12939941,90,0.7666666666666667
12940577,90,0.011111111111111112
12977708,90,1.0
12993280,90,0.0
12995227,90,0.03333333333333333
13007477,90,1.0
13019475,90,0.0
13033425,90,0.0
13046821,90,0.12222222222222222
13051230,90,0.0
13067022,90,0.9888888888888889
13081969,90,0.2777777777777778
13085062,90,0.8777777777777778
13101762,90,0.1
13104942,90,0.17777777777777778
13114422,90,0.0
13141519,90,0.0
13156889,90,0.3
13159634,90,0.6555555555555556
13163379,90,0.6222222222222222
13163389,90,0.05555555555555555
13163397,90,0.36666666666666664
13175354,90,0.011111111111111112
13177459,90,1.0
13180227,90,0.011111111111111112
13195474,90,0.0
13222694,90,0.0
13230252,90,1.0
13239461,90,0.17777777777777778
13251504,90,0.9222222222222223
13252121,90,0.7888888888888889
13279696,90,0.0
13281532,90,0.1111111111111111
13285772,90,0.7777777777777778
13318435,90,0.7555555555555555
13349204,90,0.0
13378629,90,0.4222222222222222
13378869,90,1.0
13387746,90,0.0
13418605,90,0.0
13437349,90,0.3
13438832,90,0.24444444444444444
13453527,90,0.022222222222222223
13453809,90,0.16666666666666666
13467060,90,0.9888888888888889
13471235,90,0.022222222222222223
13500273,90,0.0
13520955,90,0.044444444444444446
13529946,90,0.15555555555555556
13530122,90,0.5333333333333333
13566052,90,0.13333333333333333
13590302,90,0.5111111111111111
13595339,90,0.2
13607553,90,0.4111111111111111
13624361,90,0.2222222222222222
13647183,90,0.9
13703484,90,0.5777777777777777
13703983,90,1.0
13713916,90,0.23333333333333334
13714367,90,0.07777777777777778
13715183,90,0.6555555555555556
13719567,90,0.45555555555555555
13721209,90,0.022222222222222223
13751219,90,0.6222222222222222
13753034,90,0.3333333333333333
13792267,90,0.011111111111111112
13793021,90,0.011111111111111112
13802474,90,0.7222222222222222
13814042,90,0.0
13835974,90,1.0
13866668,90,0.0
13885900,90,0.011111111111111112
13889119,90,0.5555555555555556
13900213,90,1.0
13926607,90,0.011111111111111112
13927278,90,0.16666666666666666
13941742,90,0.2
13943084,90,0.9888888888888889
13943752,90,0.6555555555555556
13946859,90,0.13333333333333333
13948769,90,0.5777777777777777
13951723,90,0.1111111111111111
13961693,90,0.022222222222222223
13962753,90,0.7111111111111111
13982055,90,0.32222222222222224
14017416,90,0.7111111111111111
14019426,90,1.0
14029629,90,0.4666666666666667
14047334,90,0.6
14047525,90,0.0
14076297,90,1.0
14079441,90,0.011111111111111112
14082827,90,0.0
14090859,90,0.23333333333333334
14097004,90,0.0
14098743,90,0.8222222222222222
14115303,90,0.36666666666666664
14117450,90,0.0
14156273,90,0.5
14159010,90,0.03333333333333333
14165783,90,0.9777777777777777
14170604,90,0.14444444444444443
14187148,90,0.011111111111111112
14187939,90,0.25555555555555554
14222591,90,0.03333333333333333
14223050,90,0.0
14228381,90,0.6555555555555556
14236965,90,0.8444444444444444
14237420,90,0.35555555555555557
14237448,90,1.0
14238507,90,0.2222222222222222
14239164,90,0.5222222222222223
14251477,90,0.7555555555555555
14258453,90,0.28888888888888886
14282614,90,0.011111111111111112
14283303,90,0.2777777777777778
14320268,90,0.0
14326360,90,0.32222222222222224
14345961,90,0.0
14363147,90,0.022222222222222223
14376458,90,1.0
14377918,90,0.24444444444444444
14391469,90,0.7222222222222222
14423981,90,0.28888888888888886
14434426,90,1.0
14453026,90,0.6666666666666666
14459483,90,0.07777777777777778
14472503,90,0.0
14514256,90,0.0
14520479,90,0.13333333333333333
14520669,90,0.022222222222222223
14521652,90,0.022222222222222223
14522735,90,0.7444444444444445
14524713,90,0.8555555555555555
14560737,90,0.0
14561350,90,0.8111111111111111
14595532,90,0.12222222222222222
14598080,90,0.3
14643986,90,0.9777777777777777
14650414,90,0.13333333333333333
14656187,90,0.011111111111111112
14657133,90,0.07777777777777778
14657206,90,0.13333333333333333
14660659,90,1.0
14661304,90,0.0
14671928,90,0.0
14676474,90,0.9888888888888889
14680046,90,0.011111111111111112
14730268,90,1.0
14733589,90,1.0
14733674,90,0.0
14747108,90,0.2777777777777778
14748875,90,0.05555555555555555
14775432,90,0.03333333333333333
14808077,90,1.0
14809941,90,0.5222222222222223
14826645,90,0.16666666666666666
14828038,90,0.08888888888888889
14830748,90,0.011111111111111112
14843386,90,1.0
14857702,90,0.011111111111111112
14858050,90,0.36666666666666664
14859293,90,0.2222222222222222
14886923,90,0.4666666666666667
14890287,90,0.5666666666666667
14901257,90,1.0
14902267,90,0.7
14905727,90,0.8666666666666667
14906472,90,0.23333333333333334
14917826,90,0.14444444444444443
14919920,90,0.4
14935456,90,1.0
14951907,90,1.0
14953596,90,1.0
14959368,90,1.0
14968400,90,0.9
15013882,90,0.6
15013927,90,1.0
15029226,90,0.6555555555555556
15060021,90,0.0
15064386,90,0.011111111111111112
15092541,90,0.16666666666666666
15097795,90,0.6333333333333333
15104423,90,0.3
15115531,90,0.4
15116222,90,0.011111111111111112
15121983,90,0.6888888888888889
15131381,90,1.0
15134153,90,0.18888888888888888
15138240,90,0.4
15148666,90,0.022222222222222223
15166425,90,0.011111111111111112
15207086,90,0.07777777777777778
15211184,90,0.14444444444444443
15223166,90,0.0
15241675,90,0.1111111111111111
15271287,90,0.4
15290178,90,0.0
15314015,90,0.2777777777777778
15314873,90,0.07777777777777778
15315590,90,0.2111111111111111
15319415,90,0.5222222222222223
15327163,90,0.07777777777777778
15327450,90,0.14444444444444443
15328394,90,0.03333333333333333
15342796,90,0.0
15346166,90,0.6111111111111112
15352190,90,0.044444444444444446
15359826,90,0.07777777777777778
15365077,90,1.0
15398262,90,1.0
15415843,90,0.7111111111111111
15418137,90,0.0
15423322,90,0.0
15424022,90,0.0
15429408,90,0.36666666666666664
15440617,90,0.011111111111111112
15441324,90,0.011111111111111112
15455613,90,0.022222222222222223
15468103,90,0.03333333333333333
15468134,90,1.0
15470077,90,0.6111111111111112
15471190,90,0.011111111111111112
15472341,90,1.0
15484595,90,0.12222222222222222
15484710,90,0.5111111111111111
15486764,90,0.011111111111111112
15486833,90,0.011111111111111112
15494142,90,0.18888888888888888
15523456,90,0.07777777777777778
15527291,90,0.0
15572820,90,0.07777777777777778
15593279,90,1.0
15606947,90,0.07777777777777778
15625483,90,0.0
15636352,90,0.0
15637991,90,0.45555555555555555
15638612,90,0.011111111111111112
15650236,90,1.0
15650737,90,0.12222222222222222
15662903,90,0.23333333333333334
15667326,90,0.12222222222222222
15694864,90,1.0
15719654,90,0.03333333333333333
15740530,90,0.4444444444444444
15747455,90,0.3888888888888889
15760873,90,0.0
15763540,90,0.2222222222222222
15774205,90,0.9333333333333333
15777203,90,0.011111111111111112
15806964,90,0.12222222222222222
15819505,90,0.011111111111111112
15825498,90,0.06666666666666667
15831837,90,0.15555555555555556
15834095,90,0.011111111111111112
15835416,90,0.23333333333333334
15848771,90,0.07777777777777778
15848851,90,0.011111111111111112
15875113,90,0.25555555555555554
15879515,90,0.13333333333333333
15889399,90,0.5444444444444444
15891870,90,1.0
15904613,90,0.37777777777777777
15904787,90,0.5666666666666667
15916077,90,0.0
15920870,90,1.0
15925909,90,0.011111111111111112
15926906,90,0.022222222222222223
15930081,90,0.26666666666666666
15935252,90,0.28888888888888886
15941085,90,0.4444444444444444
15947467,90,0.3111111111111111
15954901,90,1.0
15956224,90,1.0
15974985,90,0.9222222222222223
15977927,90,0.12222222222222222
15987735,90,1.0
15994631,90,0.18888888888888888
15999660,90,0.7222222222222222
16004393,90,0.0
16010892,90,0.0
16016603,90,0.4666666666666667
16017289,90,0.4888888888888889
16029413,90,0.2222222222222222
16035173,90,1.0
16040484,90,0.7666666666666667
16041803,90,0.0
16044611,90,0.12222222222222222
16055154,90,0.0
16058053,90,0.7333333333333333
16059408,90,0.0
16060854,90,0.0
16069675,90,0.13333333333333333
16071877,90,1.0
16076192,90,0.03333333333333333
16085915,90,0.2222222222222222
16087040,90,0.011111111111111112
16091428,90,0.0
16092083,90,0.011111111111111112
16098286,90,0.011111111111111112
16102896,90,0.23333333333333334
16112912,90,0.18888888888888888
16113018,90,0.2111111111111111
16124692,90,0.07777777777777778
16125785,90,0.7333333333333333
16133658,90,0.9555555555555556
16134095,90,0.8111111111111111
16135006,90,0.7666666666666667
16147205,90,1.0
16163465,90,1.0
16179032,90,0.6666666666666666
16192297,90,0.9111111111111111
16195267,90,1.0
16203659,90,0.7777777777777778
16205762,90,0.45555555555555555
16208617,90,0.011111111111111112
16216393,90,1.0
16216438,90,0.6555555555555556
16219355,90,0.37777777777777777
16219808,90,0.0
16220945,90,0.022222222222222223
16232184,90,0.9
16232712,90,0.022222222222222223
16233200,90,0.4
16233653,90,0.011111111111111112
16234488,90,0.9333333333333333
16234810,90,0.25555555555555554
16243691,90,0.8
16244343,90,1.0
16244534,90,0.6111111111111112
16245554,90,0.4222222222222222
16245887,90,0.011111111111111112
16246285,90,0.0
16247145,90,0.13333333333333333
16247584,90,0.0
16247841,90,0.011111111111111112
16249968,90,0.28888888888888886
16259821,90,1.0
16277154,90,0.0
16278514,90,0.011111111111111112
16278655,90,0.15555555555555556
16281113,90,0.25555555555555554
16289925,90,0.13333333333333333
16291159,90,0.0
16292322,90,1.0
16305002,90,0.022222222222222223
16312611,90,0.5222222222222223
16314087,90,0.022222222222222223
16315546,90,0.0
16317374,90,1.0
16323439,90,0.36666666666666664
16353373,90,0.011111111111111112
16354049,90,0.0
16354326,90,0.07777777777777778
16364076,90,0.7
16365753,90,1.0
16366019,90,0.5555555555555556
16381531,90,0.9888888888888889
16394059,90,1.0
16394521,90,0.0
16395099,90,0.8222222222222222
16395970,90,0.0
16398805,90,0.0
16398875,90,1.0
16408038,90,0.45555555555555555
16417975,90,0.011111111111111112
16430755,90,0.4111111111111111
16432212,90,0.7111111111111111
16432223,90,0.011111111111111112
16432225,90,0.7222222222222222
16441076,90,0.0
16442255,90,0.5333333333333333
16442642,90,0.011111111111111112
16445733,90,0.8333333333333334
16446409,90,0.45555555555555555
16469511,90,0.3111111111111111
16485812,90,0.011111111111111112
16490389,90,0.0
16490810,90,0.9777777777777777
16508493,90,0.45555555555555555
16520418,90,0.9777777777777777
16521006,90,0.8888888888888888
16532508,90,0.0
16536645,90,0.7555555555555555
16549021,90,0.36666666666666664
16549868,90,0.03333333333333333
16557053,90,0.0
16569865,90,1.0
16570331,90,0.9555555555555556
16580443,90,0.0
16586234,90,1.0
16587005,90,0.7777777777777778
16588009,90,1.0
16590520,90,0.9333333333333333
16616747,90,0.6222222222222222
16617195,90,0.07777777777777778
16618791,90,1.0
16635150,90,0.7666666666666667
16650340,90,0.6888888888888889
16666362,90,0.4777777777777778
16667642,90,0.03333333333333333
16680537,90,0.8888888888888888
16682381,90,1.0
16742947,90,1.0
16743960,90,0.9777777777777777
16745927,90,0.8444444444444444
16757064,90,0.9333333333333333
16784457,90,0.7666666666666667
16785366,90,0.6777777777777778
16795146,90,0.7
16796343,90,0.03333333333333333
16798732,90,1.0
16801124,90,0.022222222222222223
16810413,90,0.0
16819199,90,1.0
16830926,90,0.7888888888888889
16831392,90,0.0
16849983,90,0.5555555555555556
16849993,90,1.0
16861128,90,0.35555555555555557
16886074,90,0.011111111111111112
16893789,90,0.011111111111111112
16896803,90,0.0
16914010,90,0.0
16916624,90,0.12222222222222222
16917955,90,0.0
16934706,90,0.7
16950118,90,0.6555555555555556
16974667,90,0.15555555555555556
16986933,90,0.7
16989031,90,0.5222222222222223
16997750,90,1.0
16999162,90,0.0
17107778,90,0.32222222222222224
17124153,90,0.0
17125160,90,0.1111111111111111
17130062,90,0.15555555555555556
17158170,90,0.4666666666666667
17178952,90,0.0
17213609,90,0.4111111111111111
17224781,90,0.0
17239521,90,0.45555555555555555
17244358,90,1.0
17255751,90,0.08888888888888889
17256885,90,1.0
17263431,90,0.08888888888888889
17269191,90,1.0
17271814,90,0.0
17286827,90,0.0
17288692,90,0.2111111111111111
17292635,90,0.0
17333122,90,0.28888888888888886
17334563,90,0.4
17370723,90,1.0
17387907,90,0.03333333333333333
17388272,90,0.6333333333333333
17388700,90,0.07777777777777778
17392632,90,0.07777777777777778
17395276,90,0.3888888888888889
17406235,90,0.32222222222222224
17421173,90,0.13333333333333333
17423339,90,0.9888888888888889
17436906,90,1.0
17438054,90,0.13333333333333333
17448778,90,1.0
17450684,90,0.3
17451815,90,0.17777777777777778
17460788,90,1.0
17495119,90,1.0
17499925,90,1.0
17516705,90,0.8222222222222222
17547955,90,1.0
17563458,90,0.0
17573047,90,0.6666666666666666
17578428,90,0.6666666666666666
17606304,90,0.25555555555555554
17609537,90,0.15555555555555556
17610318,90,0.05555555555555555
17640607,90,0.4444444444444444
17641860,90,0.6
17658974,90,0.9888888888888889
17660941,90,0.011111111111111112
17666559,90,0.2
17684739,90,1.0
17684807,90,0.1111111111111111
17685063,90,0.08888888888888889
17685229,90,0.07777777777777778
17687442,90,0.06666666666666667
17687602,90,1.0
17687712,90,0.3
17702803,90,0.7222222222222222
17706238,90,0.9111111111111111
17736812,90,0.0
17780620,90,0.4111111111111111
17795683,90,0.0
17812942,90,0.0
17815957,90,0.0
17841386,90,0.32222222222222224
17847626,90,0.37777777777777777
17848401,90,0.3111111111111111
17869120,90,0.4
17870298,90,0.4777777777777778
17881731,90,0.07777777777777778
17884008,90,0.05555555555555555
17895868,90,0.011111111111111112
17907608,90,0.03333333333333333
17909413,90,0.43333333333333335
17932652,90,0.7222222222222222
17943638,90,1.0
17944310,90,0.4111111111111111
17949598,90,0.0
17965186,90,0.0
17967489,90,0.9111111111111111
17982961,90,0.0
17996413,90,0.0
18007741,90,0.1
18008686,90,0.7444444444444445
18015295,90,0.0
18042064,90,1.0
18047045,90,0.03333333333333333
18062423,90,0.13333333333333333
18062766,90,0.14444444444444443
18065364,90,1.0
18081448,90,0.7
18082235,90,0.05555555555555555
18084382,90,0.3333333333333333
18093040,90,0.0
18098372,90,0.43333333333333335
18098383,90,0.0
18100358,90,0.9777777777777777
18132053,90,0.37777777777777777
18142992,90,0.6555555555555556
18149310,90,0.011111111111111112
18170230,90,0.3
18180258,90,0.6666666666666666
18184871,90,0.8777777777777778
18185132,90,0.4
18196517,90,0.12222222222222222
18204904,90,0.08888888888888889
18214867,90,0.011111111111111112
18240769,90,1.0
18242805,90,0.14444444444444443
18276926,90,0.0
18301786,90,0.25555555555555554
18317876,90,1.0
18346630,90,1.0
18359565,90,1.0
18361940,90,0.1
18364117,90,0.6666666666666666
18376372,90,0.0
18376457,90,0.0
18377145,90,0.0
18377824,90,0.0
18378060,90,0.0
18379576,90,0.8333333333333334
18383639,90,1.0
18397965,90,0.36666666666666664
18398960,90,0.7666666666666667
18414031,90,0.0
18416869,90,0.25555555555555554
18421323,90,0.011111111111111112
18431687,90,0.18888888888888888
18434926,90,1.0
18439038,90,0.5444444444444444
18451248,90,1.0
18462216,90,0.0
18466687,90,0.011111111111111112
18467999,90,0.7888888888888889
18482467,90,1.0
18498155,90,0.0
18507709,90,0.0
18510598,90,0.05555555555555555
18512152,90,0.7111111111111111
18514675,90,0.1111111111111111
18549479,90,1.0
18570931,90,0.044444444444444446
18585695,90,0.0
18603618,90,0.0
18619560,90,0.0
18620288,90,0.06666666666666667
18637982,90,0.2222222222222222
18661600,90,0.9777777777777777
18673633,90,0.0
18737646,90,0.6222222222222222
18761052,90,0.2222222222222222
18765294,90,0.36666666666666664
18778583,90,0.7
18797238,90,0.03333333333333333
18809058,90,0.32222222222222224
18829286,90,0.7
18843931,90,1.0
18877219,90,0.4111111111111111
18880304,90,0.03333333333333333
18900607,90,0.4666666666666667
18919668,90,0.05555555555555555
18949706,90,0.011111111111111112
18954126,90,0.07777777777777778
18975743,90,0.15555555555555556
18979822,90,0.0
18982369,90,0.5666666666666667
18984271,90,0.4888888888888889
19023882,90,0.7222222222222222
19039778,90,0.03333333333333333
19043223,90,0.6333333333333333
19047430,90,0.8666666666666667
19058657,90,0.07777777777777778
19062473,90,0.43333333333333335
19063496,90,0.8111111111111111
19065568,90,1.0
19087636,90,0.0
19090499,90,0.35555555555555557
19102968,90,0.0
19104559,90,0.23333333333333334
19119705,90,0.7777777777777778
19123635,90,0.05555555555555555
19125798,90,0.7444444444444445
19142692,90,0.011111111111111112
19169681,90,0.5111111111111111
19170060,90,1.0
19175773,90,0.0
19197922,90,1.0
19248145,90,0.8333333333333334
19270094,90,0.0
19274110,90,0.07777777777777778
19276533,90,0.43333333333333335
19279636,90,0.0
19283035,90,0.13333333333333333
19316806,90,0.0
19318843,90,0.0
19319322,90,0.011111111111111112
19348543,90,0.6333333333333333
19350554,90,0.0
19355435,90,0.2222222222222222
19368692,90,0.37777777777777777
19390139,90,0.3
19413149,90,1.0
19437216,90,0.6666666666666666
19441262,90,0.5666666666666667
19469794,90,1.0
19478392,90,0.8777777777777778
19483137,90,0.6
19493717,90,0.17777777777777778
19505658,90,0.0
19511763,90,0.03333333333333333
19516322,90,0.28888888888888886
19533643,90,1.0
19533740,90,0.5111111111111111
19575982,90,1.0
19595027,90,1.0
19612490,90,0.0
19644023,90,1.0
19647179,90,0.23333333333333334
19684287,90,0.07777777777777778
19704466,90,1.0
19723327,90,0.011111111111111112
19726874,90,0.9888888888888889
19737098,90,1.0
19752646,90,0.6777777777777778
19791170,90,0.0
19792276,90,0.5
19797499,90,0.25555555555555554
19799827,90,0.13333333333333333
19811161,90,0.8555555555555555
19813648,90,0.044444444444444446
19825328,90,0.7777777777777778
19832552,90,1.0
19846861,90,0.06666666666666667
19849928,90,0.6222222222222222
19850860,90,0.05555555555555555
19852401,90,0.07777777777777778
19866420,90,0.0
19869580,90,0.5777777777777777
19876969,90,0.23333333333333334
19877387,90,0.0
19879690,90,0.0
19893518,90,1.0
19894669,90,1.0
19898628,90,0.12222222222222222
19931891,90,1.0
19953242,90,0.24444444444444444
19958133,90,0.36666666666666664
19966033,90,0.6666666666666666
19967200,90,0.7222222222222222
19978174,90,0.32222222222222224
19988301,90,0.13333333333333333
19990097,90,0.0
19990098,90,0.5333333333333333
19992589,90,0.6333333333333333
20005331,90,0.7777777777777778
20017622,90,0.07777777777777778
20057573,90,0.0
20057797,90,0.011111111111111112
20059492,90,0.16666666666666666
20172265,90,1.0
20208778,90,0.25555555555555554
20218251,90,0.0
20233176,90,0.07777777777777778
20236018,90,0.8666666666666667
20292752,90,1.0
20308751,90,0.0
20315651,90,0.6888888888888889
20316079,90,1.0
20316122,90,0.7555555555555555
20337211,90,0.28888888888888886
20345370,90,0.9888888888888889
20426276,90,0.37777777777777777
20426519,90,0.6
20429843,90,1.0
20443388,90,0.07777777777777778
20445786,90,0.07777777777777778
20478688,90,0.35555555555555557
20489999,90,0.03333333333333333
20505575,90,0.24444444444444444
20513236,90,0.011111111111111112
20533424,90,0.0
20536322,90,0.8666666666666667
20558335,90,0.6111111111111112
20558721,90,0.0
20574187,90,1.0
20576895,90,1.0
20603347,90,0.0
20621485,90,0.2777777777777778
20622071,90,1.0
20624509,90,1.0
20630695,90,0.12222222222222222
20645233,90,1.0
20670125,90,0.011111111111111112
20682671,90,0.0
20699728,90,0.18888888888888888
20701793,90,0.3
20711469,90,0.0
20712167,90,1.0
20714220,90,0.8
20727256,90,0.7888888888888889
20728797,90,0.06666666666666667
20751195,90,0.7222222222222222
20777419,90,0.7666666666666667
20786176,90,1.0
20787414,90,0.044444444444444446
20787624,90,0.17777777777777778
20791176,90,0.1111111111111111
20800110,90,0.0
20804086,90,0.0
20819797,90,0.3111111111111111
20819979,90,0.0
20820825,90,0.0
20832996,90,0.3
20852248,90,0.0
20865085,90,0.8333333333333334
20865556,90,0.37777777777777777
20877924,90,1.0
20905091,90,0.5222222222222223
20918456,90,0.022222222222222223
20935603,90,0.011111111111111112
20938719,90,0.022222222222222223
20939474,90,0.07777777777777778
20949381,90,0.15555555555555556
20962172,90,0.18888888888888888
20970869,90,1.0
20974456,90,0.0
20984031,90,0.7555555555555555
20985289,90,0.35555555555555557
21014905,90,0.011111111111111112
21019533,90,0.022222222222222223
21044299,90,0.7666666666666667
21046059,90,1.0
21046334,90,0.2777777777777778
21061904,90,1.0
21084355,90,0.7333333333333333
21098681,90,0.0
21099511,90,0.9555555555555556
21114033,90,0.5111111111111111
21115763,90,0.17777777777777778
21117418,90,0.0
21128806,90,0.2
21132184,90,0.4666666666666667
21141705,90,0.35555555555555557
21153240,90,0.2
21154836,90,0.7666666666666667
21158288,90,0.011111111111111112
21166422,90,0.7555555555555555
21175879,90,0.2222222222222222
21177860,90,0.6777777777777778
21178322,90,0.5555555555555556
21190923,90,1.0
21194452,90,0.3888888888888889
21194839,90,0.0
21195313,90,0.022222222222222223
21203923,90,0.011111111111111112
21206434,90,0.0
21221172,90,0.28888888888888886
21243223,90,0.17777777777777778
21243843,90,0.022222222222222223
21248082,90,1.0
21249007,90,0.35555555555555557
21254143,90,0.011111111111111112
21255800,90,1.0
21257956,90,0.9888888888888889
21269648,90,0.0
21275654,90,0.34444444444444444
21282022,90,0.0
21282210,90,0.0
21297653,90,0.34444444444444444
21298497,90,0.5888888888888889
21298706,90,0.6888888888888889
21301586,90,1.0
21302670,90,0.8888888888888888
21308964,90,0.1111111111111111
21310789,90,0.06666666666666667
21313316,90,0.6111111111111112
21314165,90,0.0
21314987,90,0.7333333333333333
21348329,90,0.7555555555555555
21348509,90,0.07777777777777778
21357473,90,0.8888888888888888
21369437,90,1.0
21372128,90,0.5333333333333333
21384244,90,0.011111111111111112
21389634,90,0.7666666666666667
21390310,90,0.6222222222222222
21399379,90,0.8111111111111111
21413943,90,0.0
21417575,90,1.0
21426571,90,0.0
21431589,90,1.0
21440331,90,1.0
21442133,90,0.011111111111111112
21449178,90,0.03333333333333333
21462505,90,1.0
21479532,90,0.12222222222222222
21483495,90,0.7555555555555555
21491232,90,0.0
21504549,90,0.9
21506342,90,0.17777777777777778
21509253,90,0.0
21516399,90,0.2777777777777778
21519572,90,0.7666666666666667
21531358,90,0.011111111111111112
21531457,90,1.0
21531662,90,0.0
21533739,90,0.4777777777777778
21533848,90,1.0
21542602,90,0.0
21552902,90,0.08888888888888889
21553027,90,1.0
21553863,90,0.022222222222222223
21568553,90,0.07777777777777778
21581537,90,1.0
21582384,90,1.0
21583224,90,0.13333333333333333
21583402,90,0.07777777777777778
21585802,90,0.6555555555555556
21624049,90,0.0
21624512,90,1.0
21625614,90,0.0
21639809,90,0.6333333333333333
21647918,90,1.0
21651368,90,0.1
21653125,90,0.0
21654605,90,0.011111111111111112
21667542,90,0.24444444444444444
21678304,90,0.0
21684408,90,1.0
21688018,90,0.5222222222222223
21698776,90,0.9
21700543,90,0.0
21700704,90,0.0
21702989,90,0.2777777777777778
21716308,90,0.07777777777777778
21716331,90,0.0
21729106,90,0.7777777777777778
21729737,90,0.5777777777777777
21752834,90,0.7111111111111111
21754620,90,0.05555555555555555
21755344,90,0.0
21755927,90,0.022222222222222223
21756160,90,0.0
21768317,90,0.0
21770507,90,1.0
21788010,90,0.35555555555555557
21801284,90,1.0
21829072,90,0.5555555555555556
21829851,90,0.6333333333333333
21830474,90,0.5444444444444444
21830902,90,0.0
21839890,90,0.26666666666666666
21842226,90,1.0
21850553,90,0.5222222222222223
21852402,90,0.0
21869338,90,0.0
21869724,90,0.17777777777777778
21874077,90,0.03333333333333333
21882686,90,1.0
21884226,90,0.3
21887246,90,0.0
21897829,90,0.2111111111111111
21907106,90,0.011111111111111112
21918551,90,0.05555555555555555
21926722,90,0.7111111111111111
21937462,90,0.37777777777777777
21939223,90,0.14444444444444443
21939239,90,0.6444444444444445
21939506,90,0.6555555555555556
21940896,90,0.7111111111111111
21948591,90,0.9777777777777777
21949234,90,0.9777777777777777
21951397,90,0.13333333333333333
21951779,90,0.36666666666666664
21953286,90,0.1111111111111111
21966681,90,0.5333333333333333
21966815,90,0.4444444444444444
21970579,90,0.25555555555555554
21971876,90,0.011111111111111112
21973027,90,0.3
21986300,90,0.0
21987522,90,0.011111111111111112
21988403,90,0.044444444444444446
21999107,90,0.18888888888888888
22019051,90,0.7111111111111111
22020768,90,0.35555555555555557
22020910,90,0.03333333333333333
22036014,90,0.0
22051855,90,0.7111111111111111
22052718,90,0.8222222222222222
22054104,90,1.0
22056777,90,0.011111111111111112
22065931,90,0.4222222222222222
22068240,90,0.011111111111111112
22068842,90,0.35555555555555557
22072471,90,0.07777777777777778
22073507,90,0.044444444444444446
22083961,90,0.011111111111111112
22088998,90,0.022222222222222223
22091192,90,0.08888888888888889
22094242,90,0.011111111111111112
22106890,90,0.8222222222222222
22109317,90,0.2222222222222222
22109845,90,0.0
22122620,90,0.0
22123682,90,0.0
22132747,90,0.23333333333333334
22147901,90,0.45555555555555555
22160374,90,0.6777777777777778
22165243,90,0.5666666666666667
22166861,90,0.9888888888888889
22167118,90,1.0
22168587,90,0.3333333333333333
22179901,90,1.0
22180644,90,0.5666666666666667
22180751,90,0.9777777777777777
22182738,90,0.15555555555555556
22213377,90,0.6777777777777778
22213714,90,0.07777777777777778
22219933,90,0.0
22223290,90,1.0
22228400,90,1.0
22229178,90,0.0
22232589,90,0.26666666666666666
22247959,90,0.6222222222222222
22251488,90,0.6222222222222222
22252927,90,0.4777777777777778
22275293,90,1.0
22293968,90,0.12222222222222222
22294682,90,0.022222222222222223
22295050,90,0.06666666666666667
22295191,90,0.022222222222222223
22308596,90,0.4888888888888889
22308689,90,0.06666666666666667
22308945,90,0.35555555555555557
22311178,90,0.3111111111111111
22326081,90,0.4777777777777778
22328573,90,0.9777777777777777
22344471,90,0.022222222222222223
22346270,90,0.17777777777777778
22357485,90,0.5
22361332,90,0.7222222222222222
22378433,90,0.15555555555555556
22381556,90,0.03333333333333333
22390027,90,0.011111111111111112
22392523,90,0.9111111111111111
22421381,90,0.3
22438112,90,0.0
22439236,90,0.06666666666666667
22451398,90,0.1
22456550,90,0.3333333333333333
22458746,90,0.4888888888888889
22459171,90,0.43333333333333335
22470531,90,0.022222222222222223
22471810,90,0.022222222222222223
22486467,90,0.2111111111111111
22486937,90,0.6666666666666666
22490201,90,0.8444444444444444
22507418,90,0.3
22514304,90,0.2222222222222222
22520369,90,0.24444444444444444
22532740,90,0.8666666666666667
22539972,90,0.1111111111111111
22569163,90,0.05555555555555555
22569186,90,0.03333333333333333
22578432,90,0.45555555555555555
22590941,90,0.0
22600721,90,0.011111111111111112
22602912,90,1.0
22641501,90,0.43333333333333335
22655547,90,0.7555555555555555
22675244,90,1.0
22703947,90,1.0
22709315,90,0.4777777777777778
22720224,90,0.36666666666666664
22720407,90,0.7666666666666667
22741152,90,0.6333333333333333
22751910,90,0.26666666666666666
22757363,90,1.0
22773057,90,0.011111111111111112
22780147,90,0.32222222222222224
22798318,90,0.2111111111111111
22800488,90,0.5
22814347,90,0.0
22853293,90,0.8333333333333334
22884505,90,1.0
22887799,90,1.0
22892836,90,0.0
22893111,90,0.37777777777777777
22905410,90,1.0
22929300,90,0.3333333333333333
22932972,90,0.6444444444444445
22936728,90,0.0
22942515,90,1.0
22949077,90,0.0
22959404,90,1.0
23045093,90,0.03333333333333333
23060006,90,0.07777777777777778
23094926,90,0.0
23095669,90,0.9888888888888889
23117156,90,0.03333333333333333
23128300,90,0.022222222222222223
23133339,90,1.0
23149135,90,0.08888888888888889
23151998,90,0.0
23158301,90,0.0
23192362,90,1.0
23206659,90,0.3111111111111111
23209612,90,0.2222222222222222
23257112,90,0.5111111111111111
23258463,90,0.9666666666666667
23259230,90,0.6666666666666666
23262283,90,0.13333333333333333
23278104,90,0.6444444444444445
23294061,90,0.12222222222222222
23294389,90,0.14444444444444443
23294640,90,0.13333333333333333
23297392,90,0.0
23312254,90,1.0
23313395,90,0.8222222222222222
23317814,90,0.6333333333333333
23329589,90,0.2222222222222222
23329924,90,0.7888888888888889
23357643,90,0.5444444444444444
23400842,90,1.0
23416487,90,0.022222222222222223
23419020,90,0.0
23419625,90,0.07777777777777778
23420189,90,0.0
23420276,90,0.011111111111111112
23421196,90,1.0
23436005,90,0.0
23469623,90,0.7222222222222222
23470342,90,0.1111111111111111
23470586,90,0.03333333333333333
23471611,90,1.0
23491685,90,0.0
23493785,90,0.13333333333333333
23509323,90,0.07777777777777778
23509339,90,0.0
23527974,90,0.8888888888888888
23544106,90,0.1
23546493,90,0.9888888888888889
23636365,90,0.0
23647683,90,0.8111111111111111
23649700,90,0.0
23653014,90,1.0
23655758,90,0.34444444444444444
23671485,90,0.3333333333333333
23673439,90,1.0
23675354,90,1.0
23686575,90,1.0
23702937,90,0.2777777777777778
23703689,90,0.0
23703796,90,1.0
23734501,90,0.0
23772409,90,0.0
23788695,90,0.7222222222222222
23789839,90,0.0
23789943,90,0.16666666666666666
23791290,90,0.4
23792189,90,1.0
23813076,90,0.3333333333333333
23831539,90,1.0
23832982,90,0.0
23834072,90,0.0
23842519,90,0.9777777777777777
23847714,90,0.07777777777777778
23871654,90,0.45555555555555555
23881765,90,0.8555555555555555
23882472,90,0.3
23901619,90,0.2222222222222222
23901982,90,0.07777777777777778
23928128,90,0.8444444444444444
23958435,90,0.044444444444444446
23997967,90,0.12222222222222222
24001066,90,0.022222222222222223
24001193,90,0.2
24001254,90,0.15555555555555556
24001339,90,0.4777777777777778
24001360,90,0.24444444444444444
24043556,90,0.2222222222222222
24044037,90,0.011111111111111112
24045094,90,0.8444444444444444
24051089,90,0.15555555555555556
24051317,90,0.9888888888888889
24070356,90,0.6777777777777778
24080546,90,0.7333333333333333
24087525,90,0.0
24136837,90,1.0
24137584,90,0.022222222222222223
24138024,90,0.0
24139332,90,1.0
24159015,90,0.0
24161090,90,0.011111111111111112
24161228,90,0.011111111111111112
24161309,90,0.011111111111111112
24161569,90,0.011111111111111112
24161732,90,0.011111111111111112
24162879,90,0.2111111111111111
24171233,90,0.4666666666666667
24180170,90,0.0
24187014,90,0.011111111111111112
24187061,90,0.12222222222222222
24187280,90,0.9888888888888889
24188029,90,0.011111111111111112
24188450,90,0.7111111111111111
24188549,90,0.011111111111111112
24209392,90,0.0
24209611,90,0.011111111111111112
24209709,90,0.0
24209894,90,0.011111111111111112
24209992,90,0.011111111111111112
24210656,90,0.12222222222222222
24210815,90,1.0
24224773,90,0.0
24233140,90,0.044444444444444446
24251689,90,0.0
24286057,90,0.0
24287277,90,0.1111111111111111
24288428,90,0.011111111111111112
24288596,90,0.0
24288708,90,0.011111111111111112
24289449,90,0.011111111111111112
24296672,90,0.2777777777777778
24300832,90,0.17777777777777778
24315560,90,0.25555555555555554
24331869,90,1.0
24334247,90,0.0
24339913,90,0.0
24362318,90,0.5555555555555556
24365442,90,0.011111111111111112
24380456,90,0.4
24380917,90,1.0
24384249,90,1.0
24398689,90,1.0
24400164,90,0.5
24411477,90,1.0
24414008,90,1.0
24418894,90,0.2777777777777778
24429895,90,1.0
24479650,90,0.044444444444444446
24486861,90,0.07777777777777778
24499962,90,0.0
24525961,90,0.5777777777777777
24534836,90,0.022222222222222223
24562378,90,0.35555555555555557
24580407,90,0.011111111111111112
24585615,90,0.9888888888888889
24614795,90,1.0
24616964,90,0.37777777777777777
24656880,90,0.6666666666666666
24659606,90,0.0
24679534,90,1.0
24681173,90,0.6111111111111112
24681334,90,0.0
24786231,90,0.3
24809964,90,0.0
24810661,90,0.8777777777777778
24848349,90,0.24444444444444444
24855922,90,0.25555555555555554
24861670,90,0.16666666666666666
24899103,90,0.0
24918363,90,0.0
24922078,90,0.0
24946535,90,0.9111111111111111
24968233,90,0.0
24968549,90,0.0
24980304,90,0.4777777777777778
24996341,90,0.2
25020998,90,0.0
25034271,90,0.06666666666666667
25039227,90,0.0
25042007,90,0.5777777777777777
25054087,90,0.6222222222222222
25061779,90,1.0
25065651,90,1.0
25089442,90,0.6666666666666666
25090724,90,0.03333333333333333
25110544,90,1.0
25111474,90,0.6666666666666666
25138260,90,0.15555555555555556
25168170,90,0.8333333333333334
25169259,90,0.08888888888888889
25169508,90,0.3888888888888889
25174383,90,0.8777777777777778
25192641,90,1.0
25198445,90,0.24444444444444444
25238487,90,0.6333333333333333
25276176,90,0.011111111111111112
25295154,90,0.05555555555555555
25301274,90,0.7444444444444445
25329217,90,0.4777777777777778
25332472,90,0.5333333333333333
25335294,90,0.0
25335945,90,0.011111111111111112
25357095,90,0.9666666666666667
25379988,90,0.26666666666666666
25387609,90,1.0
25402233,90,0.0
25439456,90,0.32222222222222224
25489002,90,0.43333333333333335
25493223,90,0.011111111111111112
25493621,90,0.011111111111111112
25493653,90,0.35555555555555557
25493710,90,0.5111111111111111
25493733,90,0.4111111111111111
25518378,90,0.9
25520306,90,0.05555555555555555
25528771,90,1.0
25533262,90,0.13333333333333333
25556185,90,0.022222222222222223
25556685,90,0.2111111111111111
25602941,90,0.25555555555555554
25626412,90,0.0
25657306,90,0.03333333333333333
25682289,90,0.0
25684978,90,0.06666666666666667
25693525,90,0.011111111111111112
25694654,90,0.0
25695286,90,0.03333333333333333
25695791,90,0.1
25696991,90,0.03333333333333333
25710442,90,0.3111111111111111
25746635,90,0.7888888888888889
25750451,90,0.07777777777777778
25760287,90,0.011111111111111112
25782920,90,0.3111111111111111
25842107,90,1.0
25843303,90,0.1
25905950,90,1.0
25918215,90,1.0
25920654,90,1.0
25926528,90,0.3
25947025,90,0.8555555555555555
25949874,90,0.43333333333333335
25982723,90,0.3333333333333333
26010694,90,0.2777777777777778
26013481,90,0.4
26038203,90,0.3333333333333333
26038943,90,0.8777777777777778
26066061,90,0.0
26111169,90,0.0
26147181,90,0.1
26149268,90,1.0
26181043,90,0.0
26184342,90,0.022222222222222223
26200812,90,0.5222222222222223
26234419,90,1.0
26235455,90,0.022222222222222223
26244042,90,0.05555555555555555
26261082,90,0.07777777777777778
26267888,90,0.0
26306124,90,1.0
26308209,90,0.9222222222222223
26379095,90,0.4222222222222222
26383149,90,0.011111111111111112
26398610,90,0.0
26400912,90,0.011111111111111112
26434699,90,0.43333333333333335
26443741,90,0.8555555555555555
26459975,90,0.5333333333333333
26506746,90,0.0
26506861,90,0.5222222222222223
26539695,90,1.0
26569136,90,0.0
26607820,90,0.07777777777777778
26671010,90,0.0
26693141,90,0.7666666666666667
26697571,90,0.14444444444444443
26735808,90,0.8888888888888888
26741641,90,0.8333333333333334
26767190,90,0.28888888888888886
26793398,90,0.25555555555555554
26853314,90,0.43333333333333335
26853842,90,0.2777777777777778
26901938,90,0.4
26903139,90,1.0
26907878,90,0.13333333333333333
26924377,90,0.5444444444444444
26934151,90,0.8444444444444444
26966399,90,0.5888888888888889
26972100,90,0.08888888888888889
26996244,90,0.0
27033236,90,0.6444444444444445
27035835,90,0.2
27074719,90,0.9444444444444444
27136877,90,0.0
27140338,90,0.1
27140406,90,0.17777777777777778
27141589,90,0.9555555555555556
27149641,90,0.25555555555555554
27151413,90,0.45555555555555555
27170092,90,0.022222222222222223
27183507,90,1.0
27234789,90,1.0
27264279,90,0.05555555555555555
27264322,90,0.044444444444444446
27264356,90,0.07777777777777778
27264371,90,0.28888888888888886
27267273,90,0.022222222222222223
27267299,90,0.03333333333333333
27267312,90,0.011111111111111112
27292661,90,0.4111111111111111
27295254,90,0.022222222222222223
27298884,90,0.0
27300604,90,0.4222222222222222
27314313,90,1.0
27320842,90,0.0
27339452,90,0.07777777777777778
27341876,90,0.03333333333333333
27342060,90,0.18888888888888888
27371045,90,0.5444444444444444
27371180,90,0.37777777777777777
27376342,90,0.9888888888888889
27385752,90,0.7888888888888889
27408106,90,0.3
27409079,90,0.011111111111111112
27416316,90,1.0
27453566,90,0.3333333333333333
27475124,90,0.4444444444444444
27475490,90,0.0
27477869,90,0.0
27510956,90,0.7666666666666667
27512680,90,0.8333333333333334
27552545,90,0.044444444444444446
27555572,90,0.6888888888888889
27556372,90,0.13333333333333333
27567618,90,0.03333333333333333
27636706,90,0.011111111111111112
27636743,90,0.0
27636812,90,0.0
27641058,90,0.3888888888888889
27665740,90,0.13333333333333333
27667977,90,0.011111111111111112
27684006,90,0.3111111111111111
27703524,90,0.0
27703557,90,0.011111111111111112
27703582,90,0.34444444444444444
27716244,90,0.4444444444444444
27716426,90,0.5666666666666667
27718720,90,0.1111111111111111
27721039,90,0.5333333333333333
27733142,90,0.13333333333333333
27759540,90,0.45555555555555555
27764303,90,0.9222222222222223
27770989,90,0.0
27786464,90,0.34444444444444444
27788096,90,0.0
27789102,90,1.0
27797705,90,1.0
27809620,90,0.0
27812559,90,0.0
27813446,90,0.0
27815453,90,1.0
27816821,90,1.0
27817488,90,0.0
27840798,90,0.5333333333333333
27877254,90,1.0
27877296,90,0.6888888888888889
27881585,90,0.2777777777777778
27891336,90,0.0
27936966,90,0.05555555555555555
27947256,90,1.0
27992186,90,1.0
28040347,90,1.0
28041297,90,0.36666666666666664
28053236,90,0.4
28054873,90,0.044444444444444446
28083301,90,0.3888888888888889
28107266,90,0.9555555555555556
28112234,90,0.9777777777777777
28184849,90,0.0
28192131,90,1.0
28213656,90,0.5444444444444444
28227371,90,0.6
28242453,90,0.07777777777777778
28260836,90,0.03333333333333333
28267977,90,0.0
28285917,90,1.0
28300196,90,1.0
28316991,90,0.45555555555555555
28323916,90,0.0
28323996,90,0.0
28325436,90,0.2
28327869,90,0.4
28342307,90,0.8888888888888888
28369666,90,0.5777777777777777
28399933,90,1.0
28408593,90,0.4222222222222222
28414409,90,0.0
28421398,90,0.2
28440575,90,0.5222222222222223
28445307,90,0.03333333333333333
28453876,90,0.9555555555555556
28478632,90,0.011111111111111112
28481568,90,0.1
28494720,90,0.36666666666666664
28495883,90,0.011111111111111112
28504718,90,0.07777777777777778
28505672,90,0.43333333333333335
28521320,90,0.2222222222222222
28549656,90,0.2777777777777778
28551295,90,1.0
28564150,90,0.011111111111111112
28564512,90,0.7111111111111111
28567757,90,0.43333333333333335
28589972,90,0.022222222222222223
28593689,90,0.25555555555555554
28617268,90,0.0
28640935,90,0.1111111111111111
28652295,90,1.0
28672222,90,0.7222222222222222
28673006,90,0.07777777777777778
28718943,90,0.15555555555555556
28758700,90,0.05555555555555555
28762137,90,0.03333333333333333
28770939,90,0.011111111111111112
28787200,90,1.0
28789154,90,0.2777777777777778
28801751,90,0.0
28809636,90,0.07777777777777778
28824616,90,1.0
28826521,90,0.6333333333333333
28847277,90,0.4444444444444444
28855538,90,0.1
28881800,90,0.4222222222222222
28905414,90,0.0
28923339,90,0.06666666666666667
28940481,90,0.05555555555555555
28940652,90,0.5777777777777777
28941888,90,0.0
28942093,90,1.0
28943602,90,0.16666666666666666
28987263,90,0.011111111111111112
28989932,90,0.0
28993978,90,0.6444444444444445
29002716,90,0.0
29021535,90,0.7111111111111111
29040246,90,0.6333333333333333
29054129,90,0.12222222222222222
29069177,90,0.07777777777777778
29084501,90,0.3888888888888889
29086559,90,0.3111111111111111
29090283,90,0.0
29115715,90,0.4222222222222222
29128881,90,0.08888888888888889
29144796,90,0.0
29146589,90,0.0
29148814,90,0.0
29155008,90,0.0
29158790,90,0.5444444444444444
29159724,90,0.12222222222222222
29188311,90,1.0
29198132,90,0.0
29210843,90,0.03333333333333333
29216661,90,0.5111111111111111
29231711,90,0.011111111111111112
29239500,90,0.12222222222222222
29244212,90,1.0
29249478,90,1.0
29263433,90,1.0
29264150,90,1.0
29267169,90,0.0
29269162,90,0.044444444444444446
29289028,90,1.0
29312312,90,0.12222222222222222
29339536,90,0.9222222222222223
29339714,90,0.8
29339789,90,0.8222222222222222
29340087,90,0.23333333333333334
29340450,90,0.16666666666666666
29340735,90,0.011111111111111112
29341231,90,0.011111111111111112
29343723,90,0.0
29358251,90,0.0
29374688,90,0.7333333333333333
29375463,90,0.5222222222222223
29375614,90,0.6888888888888889
29375782,90,0.7666666666666667
29390269,90,0.13333333333333333
29391526,90,1.0
29391759,90,0.7555555555555555
29391840,90,0.7111111111111111
29391950,90,0.6222222222222222
29393297,90,0.1111111111111111
29404831,90,0.011111111111111112
29423228,90,0.12222222222222222
29438771,90,0.0
29446179,90,0.022222222222222223
29462725,90,0.28888888888888886
29463678,90,0.5111111111111111
29467217,90,0.18888888888888888
29469801,90,0.011111111111111112
29473505,90,0.14444444444444443
29490349,90,0.14444444444444443
29493268,90,1.0
29495771,90,0.5444444444444444
29499842,90,1.0
29500453,90,0.5111111111111111
29510465,90,1.0
29516989,90,0.05555555555555555
29517051,90,0.0
29542985,90,0.13333333333333333
29546198,90,0.8888888888888888
29547113,90,0.03333333333333333
29552661,90,0.8111111111111111
29568618,90,0.7777777777777778
29573610,90,0.2
29583328,90,0.9777777777777777
29633209,90,0.9888888888888889
29634313,90,1.0
29641938,90,0.022222222222222223
29644890,90,0.5444444444444444
29663784,90,0.4666666666666667
29712229,90,0.0
29722043,90,0.7222222222222222
29725519,90,0.07777777777777778
29726626,90,0.3
29747415,90,0.28888888888888886
29766458,90,0.03333333333333333
29777979,90,0.4444444444444444
29783100,90,1.0
29783686,90,0.0
29787140,90,0.12222222222222222
29789287,90,0.044444444444444446
29801834,90,0.15555555555555556
29809831,90,0.0
29831524,90,0.37777777777777777
29836665,90,0.7777777777777778
29840995,90,0.022222222222222223
29841145,90,0.0
29841295,90,0.0
29841395,90,0.0
29841446,90,0.0
29845654,90,0.6111111111111112
29857937,90,0.0
29860177,90,0.0
29862225,90,0.6555555555555556
29880526,90,0.05555555555555555
29880549,90,0.05555555555555555
29884753,90,0.5888888888888889
29886850,90,0.36666666666666664
29889181,90,1.0
29904712,90,0.07777777777777778
29908038,90,0.5888888888888889
29909091,90,0.011111111111111112
29915818,90,0.011111111111111112
29924882,90,0.14444444444444443
29948467,90,0.07777777777777778
29948797,90,0.3333333333333333
29949740,90,0.9444444444444444
29968082,90,0.9777777777777777
29968956,90,0.3
29971826,90,0.03333333333333333
29972712,90,0.32222222222222224
29973840,90,0.0
29974943,90,0.0
29990482,90,0.5222222222222223
29994789,90,0.6444444444444445
29998613,90,0.07777777777777778
30020548,90,0.6333333333333333
30025552,90,0.03333333333333333
30043797,90,0.044444444444444446
30072416,90,0.0
30092070,90,0.07777777777777778
30112488,90,0.5111111111111111
30132745,90,1.0
30133927,90,0.13333333333333333
30135874,90,0.6111111111111112
30145237,90,0.0
30157649,90,0.6111111111111112
30157790,90,0.0
30168460,90,0.011111111111111112
30168953,90,0.0
30189964,90,1.0
30201955,90,0.7
30208020,90,0.03333333333333333
30214338,90,1.0
30214389,90,1.0
30214448,90,0.1111111111111111
30217204,90,0.07777777777777778
30218655,90,1.0
30233850,90,1.0
30234932,90,0.36666666666666664
30238091,90,0.37777777777777777
30251847,90,0.5
30254908,90,0.044444444444444446
30299960,90,0.0
30301022,90,0.25555555555555554
30302922,90,0.0
30309368,90,0.0
30321974,90,0.16666666666666666
30343210,90,0.24444444444444444
30350594,90,0.0
30362631,90,1.0
30374610,90,1.0
30386838,90,0.07777777777777778
30404878,90,0.0
30446358,90,0.0
30453832,90,1.0
30454775,90,1.0
30466846,90,0.022222222222222223
30484140,90,0.022222222222222223
30485675,90,0.0
30491364,90,0.4222222222222222
30506683,90,1.0
30507473,90,0.011111111111111112
30507868,90,1.0
30517262,90,0.5
30535993,90,1.0
30538547,90,0.0
30539856,90,0.0
30541503,90,0.2777777777777778
30542282,90,0.13333333333333333
30546630,90,0.8666666666666667
30567170,90,1.0
30570747,90,1.0
30571665,90,1.0
30578506,90,0.4777777777777778
30590481,90,1.0
30593193,90,1.0
30595509,90,0.3888888888888889
30603267,90,0.2
30620969,90,0.37777777777777777
30622190,90,0.07777777777777778
30693667,90,0.0
30695236,90,0.8
30698371,90,1.0
30712148,90,0.0
30712149,90,0.0
30719375,90,1.0
30719506,90,0.8444444444444444
30719520,90,0.0
30721335,90,0.0
30739832,90,0.022222222222222223
30750723,90,0.16666666666666666
30767813,90,0.5222222222222223
30770595,90,0.022222222222222223
30771306,90,0.0
30772486,90,0.9555555555555556
30772727,90,0.0
30774533,90,0.25555555555555554
30791487,90,0.5333333333333333
30800994,90,0.0
30802162,90,0.08888888888888889
30808926,90,0.08888888888888889
30821744,90,0.022222222222222223
30822374,90,0.5555555555555556
30824275,90,0.7666666666666667
30826393,90,0.0
30835293,90,0.03333333333333333
30837310,90,1.0
30857082,90,0.3111111111111111
30857251,90,0.0
30857810,90,0.0
30860686,90,0.011111111111111112
30872498,90,0.2222222222222222
30876209,90,0.0
30891890,90,0.0
30896248,90,0.8111111111111111
30897795,90,0.011111111111111112
30909449,90,1.0
30933930,90,0.0
30939236,90,1.0
30961311,90,1.0
30962378,90,0.4666666666666667
30964480,90,0.0
30969736,90,0.9333333333333333
30973580,90,0.14444444444444443
30974325,90,0.5111111111111111
31007554,90,0.011111111111111112
31008044,90,0.6666666666666666
31018671,90,0.16666666666666666
31020171,90,0.011111111111111112
31023069,90,0.0
31026032,90,0.0
31032881,90,0.03333333333333333
31045112,90,0.6333333333333333
31047235,90,0.0
31059331,90,1.0
31072970,90,0.6222222222222222
31075026,90,0.0
31075169,90,0.4
31094306,90,0.6777777777777778
31124488,90,0.9111111111111111
31130045,90,0.2111111111111111
31154180,90,0.4777777777777778
31154445,90,0.2
31156979,90,0.0
31172009,90,0.0
31174002,90,0.022222222222222223
31175229,90,0.4777777777777778
31177467,90,0.011111111111111112
31177565,90,0.011111111111111112
31177602,90,0.011111111111111112
31177620,90,0.011111111111111112
31191946,90,0.0
31208806,90,0.6444444444444445
31223895,90,0.5222222222222223
31225284,90,0.011111111111111112
31226735,90,1.0
31229051,90,1.0
31230375,90,1.0
31246811,90,0.6333333333333333
31295650,90,1.0
31318060,90,0.3
31359565,90,0.1
31362124,90,0.5111111111111111
31363231,90,0.5666666666666667
31363879,90,0.022222222222222223
31387141,90,0.4111111111111111
31394998,90,0.0
31397545,90,0.12222222222222222
31406106,90,0.0
31418663,90,0.2777777777777778
31419441,90,0.35555555555555557
31419733,90,0.34444444444444444
31421527,90,0.03333333333333333
31422010,90,1.0
31526035,90,0.2777777777777778
31543369,90,0.03333333333333333
31543381,90,0.044444444444444446
31543383,90,0.13333333333333333
31544864,90,0.4888888888888889
31546415,90,0.3888888888888889
31559938,90,0.4
31570091,90,0.011111111111111112
31596128,90,0.6444444444444445
31605368,90,0.37777777777777777
31607454,90,0.5333333333333333
31626828,90,0.8333333333333334
31629223,90,0.03333333333333333
31646383,90,0.36666666666666664
31650921,90,0.0
31654113,90,0.25555555555555554
31658664,90,0.35555555555555557
31714116,90,0.05555555555555555
31718572,90,0.07777777777777778
31721891,90,0.13333333333333333
31722224,90,0.044444444444444446
31722377,90,0.35555555555555557
31722572,90,0.17777777777777778
31722670,90,0.0
31763464,90,1.0
31763793,90,0.37777777777777777
31764231,90,0.7555555555555555
31806176,90,0.0
31807602,90,0.0
31808514,90,0.8
31809037,90,0.2
31809311,90,0.044444444444444446
31810233,90,0.07777777777777778
31810712,90,0.13333333333333333
31811663,90,0.044444444444444446
31811880,90,0.3
31812290,90,0.1
31812409,90,0.0
31812511,90,0.1111111111111111
31812674,90,0.6222222222222222
31812912,90,0.15555555555555556
31835486,90,0.2111111111111111
31860288,90,0.0
31884205,90,0.23333333333333334
31909619,90,0.0
31912755,90,0.0
31913682,90,0.06666666666666667
31934949,90,0.8222222222222222
31940520,90,0.5
31942024,90,0.18888888888888888
31961140,90,0.18888888888888888
31964987,90,0.1111111111111111
31965274,90,0.06666666666666667
31965430,90,0.2222222222222222
31969412,90,0.17777777777777778
31970605,90,0.0
31988009,90,0.16666666666666666
31988226,90,0.2777777777777778
31990818,90,0.28888888888888886
31991704,90,0.2111111111111111
31991735,90,0.044444444444444446
31991981,90,0.26666666666666666
31992561,90,0.044444444444444446
31995846,90,0.5777777777777777
32017016,90,0.5777777777777777
32027701,90,0.9777777777777777
32092122,90,0.4666666666666667
32095400,90,0.3333333333333333
32114962,90,0.0
32115835,90,0.6888888888888889
32138458,90,0.0
32138628,90,0.0
32138970,90,0.0
32139421,90,0.13333333333333333
32157458,90,0.03333333333333333
32195481,90,0.6333333333333333
32196965,90,0.0
32224679,90,0.05555555555555555
32243855,90,0.022222222222222223
32249235,90,0.0
32270991,90,0.011111111111111112
32274732,90,0.28888888888888886
32293482,90,0.022222222222222223
32295655,90,0.0
32296089,90,0.6888888888888889
32314244,90,0.0
32318447,90,0.011111111111111112
32328763,90,0.0
32328850,90,0.0
32348268,90,0.0
32372903,90,0.05555555555555555
32386130,90,0.17777777777777778
32406947,90,1.0
32413275,90,0.022222222222222223
32429617,90,0.0
32464453,90,0.0
32471907,90,1.0
32474758,90,0.011111111111111112
32478447,90,0.7111111111111111
32502042,90,0.18888888888888888
32509002,90,0.03333333333333333
32512306,90,1.0
32549957,90,0.0
32550593,90,0.044444444444444446
32618032,90,0.0
32618479,90,0.2222222222222222
32649138,90,0.0
32672360,90,0.022222222222222223
32721529,90,1.0
32747342,90,0.0
32766799,90,1.0
32773550,90,0.06666666666666667
32793893,90,0.0
32820418,90,0.5333333333333333
32843085,90,0.8333333333333334
32844469,90,0.03333333333333333
32845777,90,1.0
32847253,90,0.3333333333333333
32874297,90,0.8777777777777778
32884107,90,0.6222222222222222
32919869,90,0.8222222222222222
32948529,90,0.28888888888888886
32973771,90,0.8444444444444444
32974469,90,0.2111111111111111
32995435,90,1.0
32995719,90,1.0
32995811,90,1.0
32995843,90,1.0
33018254,90,0.0
33021503,90,0.4
33048255,90,1.0
33050898,90,0.3333333333333333
33051317,90,0.14444444444444443
33075566,90,0.6555555555555556
33118231,90,0.011111111111111112
33118326,90,0.011111111111111112
33119969,90,0.5555555555555556
33137778,90,0.6333333333333333
33175565,90,0.0
33196090,90,1.0
33197884,90,0.8111111111111111
33230933,90,0.0
33240605,90,0.011111111111111112
33254402,90,0.1111111111111111
33262936,90,0.07777777777777778
33275323,90,0.011111111111111112
33275521,90,1.0
33286859,90,0.6111111111111112
33319284,90,1.0
33321019,90,1.0
33322319,90,0.07777777777777778
33327815,90,0.1111111111111111
33372328,90,0.0
33375960,90,0.6555555555555556
33401431,90,0.1
33408252,90,0.18888888888888888
33408786,90,0.06666666666666667
33416820,90,0.4777777777777778
33419086,90,1.0
33428791,90,0.07777777777777778
33429098,90,0.6111111111111112
33430294,90,0.7111111111111111
33430465,90,0.022222222222222223
33479275,90,0.022222222222222223
33480935,90,1.0
33496313,90,1.0
33500805,90,1.0
33502045,90,0.9888888888888889
33531874,90,0.022222222222222223
33538424,90,0.4
33557586,90,0.5222222222222223
33559582,90,0.6666666666666666
33587338,90,0.4444444444444444
33587506,90,0.8444444444444444
33590638,90,1.0
33622551,90,0.13333333333333333
33697144,90,0.0
33722297,90,0.0
33728557,90,0.7555555555555555
33733189,90,0.022222222222222223
33753005,90,0.5888888888888889
33753870,90,0.3333333333333333
33757329,90,0.011111111111111112
33762653,90,0.3111111111111111
33800591,90,0.0
33808071,90,0.08888888888888889
33811655,90,0.13333333333333333
33836362,90,0.2111111111111111
33841425,90,0.011111111111111112
33842466,90,0.5222222222222223
33847736,90,0.011111111111111112
33859420,90,0.022222222222222223
33866810,90,0.0
33870354,90,0.6555555555555556
33870668,90,0.0
33877350,90,0.0
33880461,90,0.0
33882641,90,0.0
33885456,90,0.0
33890277,90,0.011111111111111112
33892357,90,0.022222222222222223
33913506,90,0.4222222222222222
33922876,90,0.4222222222222222
33931533,90,0.7
33948484,90,0.15555555555555556
33949054,90,0.16666666666666666
33949414,90,0.25555555555555554
33995558,90,0.07777777777777778
33997554,90,0.07777777777777778
34000432,90,0.0
34044064,90,0.011111111111111112
34048097,90,0.0
34048274,90,0.022222222222222223
34051897,90,1.0
34052487,90,0.022222222222222223
34064815,90,0.8222222222222222
34074640,90,0.34444444444444444
34095761,90,0.0
34095936,90,0.3111111111111111
34097243,90,0.24444444444444444
34099291,90,0.022222222222222223
34099732,90,0.0
34104792,90,0.022222222222222223
34128844,90,0.5
34130416,90,0.011111111111111112
34133263,90,0.011111111111111112
34153458,90,0.0
34161195,90,0.4
34181473,90,0.0
34185751,90,0.0
34186332,90,0.07777777777777778
34186340,90,0.7888888888888889
34186751,90,0.05555555555555555
34187216,90,0.24444444444444444
34189448,90,0.5888888888888889
34209487,90,0.0
34229907,90,0.23333333333333334
34232623,90,0.011111111111111112
34233467,90,0.8666666666666667
34236562,90,1.0
34236932,90,0.0
34238246,90,0.5222222222222223
34256472,90,0.0
34259643,90,0.12222222222222222
34260614,90,0.23333333333333334
34261819,90,0.08888888888888889
34269330,90,0.14444444444444443
34284551,90,0.3111111111111111
34286168,90,0.044444444444444446
34287754,90,0.0
34287916,90,0.34444444444444444
34315975,90,0.1111111111111111
34316965,90,0.05555555555555555
34318253,90,1.0
34318552,90,1.0
34321058,90,0.0
34321161,90,0.0
34345032,90,1.0
34345899,90,1.0
34351992,90,0.011111111111111112
34354827,90,0.0
34369972,90,0.9777777777777777
34399418,90,0.011111111111111112
34400552,90,0.05555555555555555
34428655,90,0.4222222222222222
34432460,90,0.2777777777777778
34445241,90,0.6
34447165,90,0.6888888888888889
34457051,90,0.05555555555555555
34515869,90,0.5222222222222223
34519944,90,0.0
34523199,90,1.0
34546102,90,0.4
34589129,90,0.5222222222222223
34605781,90,1.0
34636948,90,0.3111111111111111
34652283,90,1.0
34655060,90,0.0
34659962,90,0.5666666666666667
34691972,90,0.3
34730534,90,0.0
34751925,90,0.5777777777777777
34754492,90,0.18888888888888888
34762862,90,0.4777777777777778
34763336,90,0.2111111111111111
34764921,90,0.13333333333333333
34765770,90,0.5111111111111111
34789274,90,0.0
34789984,90,0.0
34791603,90,0.6222222222222222
34792493,90,0.0
34818726,90,1.0
34819283,90,0.0
34826378,90,0.0
34829411,90,0.06666666666666667
34870902,90,0.0
34871176,90,0.03333333333333333
34896723,90,0.34444444444444444
34907221,90,1.0
34907790,90,0.0
34915784,90,0.36666666666666664
34918465,90,0.7777777777777778
34925422,90,0.9
34945819,90,0.06666666666666667
34947995,90,0.35555555555555557
34948439,90,1.0
34948779,90,0.15555555555555556
35007660,90,0.0
35044817,90,0.1111111111111111
35069268,90,0.7333333333333333
35070465,90,0.0
35072911,90,0.07777777777777778
35102731,90,0.044444444444444446
35104667,90,0.022222222222222223
35128117,90,0.0
35165719,90,0.35555555555555557
35178093,90,0.34444444444444444
35212074,90,0.05555555555555555
35230709,90,0.0
35321042,90,0.5777777777777777
35350453,90,1.0
35351024,90,1.0
35351370,90,0.9888888888888889
35354179,90,0.0
35356560,90,1.0
35363105,90,0.0
35374301,90,0.2777777777777778
35388769,90,0.044444444444444446
35416219,90,0.0
35428495,90,0.26666666666666666
35432055,90,0.6444444444444445
35446591,90,0.6111111111111112
35481844,90,0.34444444444444444
35510725,90,0.0
35522013,90,1.0
35524975,90,1.0
35532054,90,0.4222222222222222
35549409,90,0.8888888888888888
35559277,90,1.0
35581459,90,0.7444444444444445
35583857,90,0.5
35597262,90,0.37777777777777777
35613685,90,0.08888888888888889
35617905,90,0.5444444444444444
35620144,90,0.0
35627230,90,0.4444444444444444
35644588,90,0.5444444444444444
35654081,90,0.0
35654161,90,0.022222222222222223
35655215,90,0.0
35669494,90,0.23333333333333334
35688788,90,0.07777777777777778
35719901,90,0.0
35727234,90,1.0
35728491,90,0.6333333333333333
35729348,90,0.13333333333333333
35743117,90,0.9777777777777777
35748031,90,0.07777777777777778
35751951,90,0.1111111111111111
35769553,90,0.5
35773290,90,0.011111111111111112
35809641,90,0.0
35853538,90,0.0
35864097,90,1.0
35889443,90,1.0
35912406,90,0.9888888888888889
35916789,90,0.1
35917048,90,0.08888888888888889
35917210,90,1.0
35917334,90,0.43333333333333335
35917395,90,0.4666666666666667
35931289,90,0.12222222222222222
35949010,90,1.0
35971790,90,0.5
35976366,90,0.1111111111111111
35983599,90,0.36666666666666664
35983893,90,0.36666666666666664
35984053,90,0.17777777777777778
35984506,90,0.5888888888888889
35984837,90,0.43333333333333335
35984993,90,0.6
35985099,90,0.13333333333333333
36009060,90,0.35555555555555557
36013802,90,0.0
36017025,90,0.0
36038135,90,0.4
36038519,90,0.5666666666666667
36080720,90,0.0
36082463,90,1.0
36090288,90,1.0
36096319,90,0.9888888888888889
36117765,90,0.24444444444444444
36118028,90,0.6444444444444445
36118898,90,1.0
36131641,90,0.06666666666666667
36181306,90,1.0
36196483,90,0.5555555555555556
36197260,90,0.14444444444444443
36207590,90,0.6111111111111112
36210754,90,0.14444444444444443
36211534,90,0.4777777777777778
36220209,90,0.0
36237409,90,0.011111111111111112
36239192,90,0.4
36241264,90,0.06666666666666667
36245910,90,0.3888888888888889
36247228,90,0.022222222222222223
36251701,90,0.0
36277027,90,0.0
36280247,90,0.0
36286742,90,0.0
36315420,90,0.07777777777777778
36316630,90,0.03333333333333333
36323286,90,1.0
36327976,90,0.0
36353754,90,0.0
36361176,90,0.022222222222222223
36428979,90,0.03333333333333333
36437581,90,0.011111111111111112
36455188,90,0.2
36459740,90,0.022222222222222223
36466326,90,0.43333333333333335
36484394,90,0.32222222222222224
36488537,90,0.1111111111111111
36500210,90,1.0
36500927,90,0.7444444444444445
36504366,90,0.3333333333333333
36506833,90,0.8222222222222222
36523819,90,0.45555555555555555
36526269,90,0.03333333333333333
36531000,90,0.03333333333333333
36531206,90,0.03333333333333333
36531477,90,0.03333333333333333
36532047,90,0.044444444444444446
36532195,90,0.044444444444444446
36532305,90,0.044444444444444446
36536040,90,0.07777777777777778
36541584,90,0.4
36567539,90,0.05555555555555555
36567599,90,0.05555555555555555
36567650,90,0.05555555555555555
36568492,90,0.07777777777777778
36568651,90,0.07777777777777778
36568806,90,0.07777777777777778
36570049,90,0.044444444444444446
36570168,90,0.044444444444444446
36579848,90,0.0
36580915,90,0.0
36650100,90,0.0
36678592,90,0.011111111111111112
36710274,90,0.5888888888888889
36714990,90,0.0
36715976,90,1.0
36738405,90,0.2111111111111111
36745985,90,1.0
36774450,90,0.17777777777777778
36781597,90,0.7333333333333333
36814333,90,0.28888888888888886
36848519,90,0.45555555555555555
36888872,90,0.9333333333333333
36889490,90,0.0
36934487,90,0.06666666666666667
36979607,90,0.1
36979626,90,0.08888888888888889
36979666,90,0.05555555555555555
36979701,90,0.18888888888888888
36979747,90,0.24444444444444444
37001290,90,1.0
37032093,90,0.011111111111111112
37032556,90,0.9444444444444444
37032978,90,0.4222222222222222
37058957,90,0.14444444444444443
37059617,90,0.0
37090316,90,0.011111111111111112
37100946,90,1.0
37129867,90,0.4777777777777778
37138463,90,1.0
37139405,90,1.0
37140026,90,1.0
37146496,90,0.0
37155287,90,0.17777777777777778
37163068,90,1.0
37165705,90,0.1111111111111111
37170137,90,0.2222222222222222
37211383,90,0.24444444444444444
37215546,90,0.0
37215800,90,1.0
37216208,90,0.2777777777777778
37216223,90,0.08888888888888889
37216385,90,1.0
37216500,90,0.0
37217747,90,0.0
37219964,90,0.3111111111111111
37274192,90,0.17777777777777778
37293670,90,0.08888888888888889
37294675,90,0.0
37366825,90,0.011111111111111112
37368738,90,0.022222222222222223
37395749,90,1.0
37405822,90,1.0
37441360,90,0.6
37481109,90,0.5888888888888889
37549424,90,0.07777777777777778
37565395,90,0.0
37568688,90,0.17777777777777778
37583300,90,0.32222222222222224
37615522,90,0.0
37636107,90,1.0
37637514,90,0.022222222222222223
37639061,90,1.0
37640162,90,0.0
37640642,90,0.0
37646754,90,0.022222222222222223
37662001,90,0.17777777777777778
37674552,90,0.011111111111111112
37688156,90,0.07777777777777778
37692844,90,0.15555555555555556
37719447,90,0.17777777777777778
37719625,90,0.17777777777777778
37721144,90,0.24444444444444444
37722553,90,0.03333333333333333
37753598,90,0.3333333333333333
37754404,90,0.17777777777777778
37754695,90,0.1
37756225,90,0.011111111111111112
37756537,90,0.5222222222222223
37756554,90,0.4
37756602,90,0.6444444444444445
37756631,90,0.6444444444444445
37756681,90,0.32222222222222224
37756753,90,0.12222222222222222
37763071,90,0.011111111111111112
37764492,90,0.011111111111111112
37781733,90,0.0
37781869,90,0.0
37781892,90,0.0
37786636,90,0.07777777777777778
37796675,90,0.28888888888888886
37810620,90,0.4888888888888889
37814985,90,0.4
37817532,90,1.0
37846098,90,0.4222222222222222
37861168,90,1.0
37866409,90,0.0
37866660,90,0.6222222222222222
37895417,90,0.9555555555555556
37917139,90,0.0
37971595,90,0.022222222222222223
37972149,90,0.6888888888888889
37975375,90,0.044444444444444446
37979086,90,0.07777777777777778
37980482,90,0.03333333333333333
38000016,90,0.16666666666666666
38002001,90,0.0
38032798,90,0.17777777777777778
38036017,90,0.7777777777777778
38051147,90,1.0
38057237,90,0.011111111111111112
38077832,90,0.1
38086014,90,0.5777777777777777
38103769,90,0.16666666666666666
38105582,90,0.011111111111111112
38108902,90,0.3
38114763,90,0.0
38116452,90,0.03333333333333333
38135826,90,0.13333333333333333
38139576,90,0.03333333333333333
38145353,90,1.0
38163061,90,0.044444444444444446
38163978,90,0.0
38179816,90,0.34444444444444444
38194852,90,0.011111111111111112
38206266,90,0.011111111111111112
38220647,90,0.2222222222222222
38222830,90,0.17777777777777778
38246661,90,0.7666666666666667
38249213,90,0.13333333333333333
38294705,90,0.23333333333333334
38300739,90,0.07777777777777778
38303822,90,0.011111111111111112
38326998,90,0.26666666666666666
38330801,90,0.6444444444444445
38341660,90,0.26666666666666666
38343301,90,0.0
38356968,90,0.5555555555555556
38364553,90,0.43333333333333335
38370751,90,0.08888888888888889
38386707,90,0.011111111111111112
38417603,90,0.8
38422858,90,0.3333333333333333
38424758,90,0.011111111111111112
38439594,90,1.0
38443789,90,0.0
38444277,90,0.6777777777777778
38444567,90,0.011111111111111112
38459531,90,0.0
38494799,90,0.011111111111111112
38534204,90,0.12222222222222222
38568228,90,0.12222222222222222
38607482,90,0.0
38609964,90,0.0
38623644,90,0.36666666666666664
38629693,90,0.0
38632347,90,0.0
38635071,90,0.022222222222222223
38647706,90,0.044444444444444446
38660221,90,0.9333333333333333
38676539,90,0.011111111111111112
38705765,90,0.6888888888888889
38706799,90,0.03333333333333333
38740249,90,0.37777777777777777
38756685,90,0.5666666666666667
38760797,90,0.0
38784153,90,0.0
38791025,90,0.022222222222222223
38800445,90,1.0
38803975,90,0.011111111111111112
38808629,90,0.0
38811204,90,0.13333333333333333
38822174,90,0.022222222222222223
38827479,90,0.2777777777777778
38827558,90,0.1111111111111111
38836792,90,1.0
38852504,90,0.7888888888888889
38854800,90,0.022222222222222223
38854855,90,0.8
38855404,90,1.0
38866459,90,0.1
38878081,90,0.6666666666666666
38884452,90,0.12222222222222222
38889922,90,0.011111111111111112
38905116,90,0.7111111111111111
38906603,90,0.13333333333333333
38907164,90,0.5
38918454,90,0.06666666666666667
38938916,90,0.7777777777777778
38942667,90,0.8222222222222222
38947093,90,0.011111111111111112
38982195,90,0.7333333333333333
38988521,90,0.05555555555555555
39006421,90,0.011111111111111112
39009640,90,0.0
39015099,90,1.0
39031999,90,0.0
39035362,90,0.7555555555555555
39037489,90,0.011111111111111112
39049051,90,0.43333333333333335
39058903,90,0.7333333333333333
39066677,90,0.8888888888888888
39091340,90,0.07777777777777778
39100415,90,0.36666666666666664
39111363,90,0.0
39115185,90,0.022222222222222223
39139649,90,0.0
39155909,90,0.07777777777777778
39176935,90,0.011111111111111112
39177204,90,0.9111111111111111
39177275,90,0.0
39177334,90,0.0
39178193,90,0.6111111111111112
39182360,90,0.12222222222222222
39186342,90,1.0
39206375,90,0.011111111111111112
39212378,90,0.13333333333333333
39229023,90,0.0
39231363,90,0.6444444444444445
39232932,90,0.0
39235835,90,0.8666666666666667
39254779,90,0.0
39255054,90,0.0
39264340,90,0.12222222222222222
39277088,90,1.0
39306806,90,0.6666666666666666
39307470,90,0.5666666666666667
39319984,90,0.011111111111111112
39323440,90,0.4222222222222222
39323568,90,0.0
39326771,90,1.0
39327280,90,0.2111111111111111
39327524,90,0.07777777777777778
39328724,90,0.8222222222222222
39329683,90,0.07777777777777778
39332668,90,0.8222222222222222
39338731,90,1.0
39339418,90,1.0
39339619,90,0.7
39339728,90,0.9888888888888889
39340372,90,0.7888888888888889
39344252,90,1.0
39344392,90,1.0
39345267,90,0.0
39347344,90,0.011111111111111112
39366261,90,1.0
39368023,90,0.13333333333333333
39369112,90,0.07777777777777778
39369864,90,0.03333333333333333
39376473,90,0.0
39397806,90,0.9
39406151,90,1.0
39406419,90,1.0
39406838,90,0.07777777777777778
39423299,90,0.022222222222222223
39425338,90,0.3333333333333333
39434607,90,0.022222222222222223
39446713,90,0.07777777777777778
39470907,90,0.9222222222222223
39475102,90,0.26666666666666666
39476700,90,0.0
39480065,90,0.0
39487191,90,0.0
39493752,90,0.8888888888888888
39493919,90,0.34444444444444444
39494013,90,0.0
39511626,90,0.011111111111111112
39512702,90,1.0
39514101,90,0.15555555555555556
39517811,90,0.5555555555555556
39539774,90,0.5222222222222223
39542849,90,0.0
39545841,90,0.1
39563264,90,0.0
39595483,90,0.022222222222222223
39612055,90,0.36666666666666664
39613524,90,0.0
39644108,90,0.0
39644912,90,0.6666666666666666
39653117,90,0.05555555555555555
39654007,90,0.6333333333333333
39654653,90,1.0
39655594,90,0.0
39657775,90,0.0
39657957,90,0.08888888888888889
39658195,90,1.0
39659129,90,0.05555555555555555
39659416,90,0.011111111111111112
39659631,90,0.07777777777777778
39660405,90,0.022222222222222223
39672749,90,0.9111111111111111
39673011,90,1.0
39676593,90,0.32222222222222224
39678776,90,0.03333333333333333
39680422,90,0.0
39701047,90,0.011111111111111112
39705584,90,0.36666666666666664
39727714,90,0.25555555555555554
39733220,90,0.2111111111111111
39738359,90,0.3888888888888889
39739750,90,0.8666666666666667
39757301,90,0.6888888888888889
39757567,90,1.0
39758527,90,0.5666666666666667
39758606,90,0.26666666666666666
39758608,90,0.06666666666666667
39758609,90,0.022222222222222223
39758610,90,0.12222222222222222
39758612,90,0.044444444444444446
39758613,90,0.022222222222222223
39776450,90,0.0
39777447,90,0.0
39779817,90,0.0
39782725,90,0.0
39784817,90,1.0
39804542,90,0.8444444444444444
39822989,90,0.0
39823676,90,1.0
39824379,90,0.2222222222222222
39829490,90,0.0
39842331,90,0.3888888888888889
39842734,90,1.0
39843217,90,0.9888888888888889
39843269,90,1.0
39845118,90,0.6333333333333333
39849575,90,0.022222222222222223
39870205,90,1.0
39870423,90,1.0
39874815,90,0.7555555555555555
39900080,90,1.0
39906087,90,1.0
39922966,90,0.011111111111111112
39927766,90,1.0
39932671,90,0.0
39977387,90,1.0
39981239,90,0.4222222222222222
39992448,90,0.0
39998577,90,1.0
40000077,90,0.011111111111111112
40009907,90,0.6444444444444445
40010335,90,0.13333333333333333
40010569,90,0.5888888888888889
40011679,90,0.37777777777777777
40015060,90,0.044444444444444446
40015179,90,0.0
40018486,90,0.05555555555555555
40018950,90,0.8777777777777778
40024033,90,0.7444444444444445
40033412,90,0.7111111111111111
40035320,90,0.3888888888888889
40039968,90,0.07777777777777778
40041930,90,0.0
40043097,90,0.6666666666666666
40048259,90,0.0
40051700,90,0.14444444444444443
40066703,90,0.16666666666666666
40067283,90,0.011111111111111112
40072139,90,0.7888888888888889
40073626,90,0.0
40076237,90,0.0
40076720,90,0.07777777777777778
40088153,90,0.0
40090518,90,0.03333333333333333
40090832,90,0.03333333333333333
40090921,90,0.03333333333333333
40090981,90,0.03333333333333333
40091034,90,0.03333333333333333
40091080,90,0.03333333333333333
40092572,90,0.011111111111111112
40100934,90,0.0
40102839,90,0.0
40117070,90,0.0
40118451,90,0.9444444444444444
40118814,90,0.9444444444444444
40129117,90,0.03333333333333333
40129527,90,0.07777777777777778
40137758,90,0.0
40138801,90,0.011111111111111112
40140809,90,0.6888888888888889
40142436,90,0.011111111111111112
40144510,90,1.0
40149901,90,0.0
40159252,90,0.13333333333333333
40161167,90,0.3333333333333333
40161578,90,0.011111111111111112
40163205,90,0.43333333333333335
40179316,90,0.17777777777777778
40180481,90,0.9777777777777777
40187539,90,0.6666666666666666
40187919,90,0.6222222222222222
40189190,90,0.0
40198709,90,1.0
40212981,90,1.0
40234802,90,0.9777777777777777
40239099,90,0.0
40256537,90,0.13333333333333333
40262026,90,0.32222222222222224
40270203,90,0.011111111111111112
40286599,90,1.0
40290343,90,0.0
40290883,90,1.0
40297289,90,0.45555555555555555
40309298,90,0.5888888888888889
40312447,90,0.011111111111111112
40312725,90,0.24444444444444444
40330128,90,0.011111111111111112
40330779,90,0.022222222222222223
40331530,90,0.0
40334320,90,1.0
40334972,90,0.0
40337839,90,0.011111111111111112
40345006,90,0.0
40351708,90,0.3
40351754,90,0.18888888888888888
40356420,90,0.011111111111111112
40356643,90,0.0
40359288,90,0.2
40373585,90,0.12222222222222222
40384262,90,0.0
40402815,90,0.7555555555555555
40405111,90,1.0
40407624,90,0.37777777777777777
40407779,90,1.0
40428287,90,0.36666666666666664
40437989,90,0.011111111111111112
40439353,90,0.011111111111111112
40442716,90,0.0
40445966,90,0.0
40450381,90,0.9333333333333333
40454866,90,0.6666666666666666
40454917,90,0.044444444444444446
40462052,90,0.07777777777777778
40471151,90,0.45555555555555555
40471808,90,0.011111111111111112
40500977,90,0.7
40507030,90,0.4888888888888889
40520781,90,0.0
40542547,90,0.3888888888888889
40564235,90,0.011111111111111112
40566019,90,0.0
40568711,90,0.022222222222222223
40595214,90,0.0
40597682,90,0.7333333333333333
40599358,90,0.4777777777777778
40626166,90,0.2777777777777778
40626609,90,0.6888888888888889
40631685,90,0.4222222222222222
40632066,90,0.011111111111111112
40632129,90,0.13333333333333333
40638809,90,1.0
40645586,90,0.3
40661992,90,0.0
40662625,90,0.0
40663885,90,0.07777777777777778
40664126,90,0.17777777777777778
40664135,90,0.011111111111111112
40664494,90,0.0
40664702,90,0.022222222222222223
40678776,90,0.011111111111111112
40680017,90,0.011111111111111112
40688057,90,0.6888888888888889
40708748,90,0.011111111111111112
40709847,90,0.6666666666666666
40710205,90,0.12222222222222222
40711909,90,1.0
40713469,90,0.022222222222222223
40731435,90,0.0
40734503,90,0.0
40737334,90,0.0
40739144,90,0.15555555555555556
40764483,90,0.5
40773596,90,0.9888888888888889
40783024,90,0.011111111111111112
40788795,90,0.022222222222222223
40797228,90,0.45555555555555555
40798074,90,0.13333333333333333
40805284,90,0.03333333333333333
40807222,90,0.0
40810359,90,0.6444444444444445
40811023,90,0.0
40821192,90,0.15555555555555556
40822369,90,0.32222222222222224
40822924,90,0.0
40823979,90,1.0
40827775,90,0.022222222222222223
40829516,90,0.0
40844025,90,0.7111111111111111
40845424,90,0.36666666666666664
40852454,90,1.0
40853425,90,0.6444444444444445
40863258,90,0.011111111111111112
40864416,90,1.0
40868067,90,0.0
40868923,90,0.0
40869178,90,0.12222222222222222
40869226,90,0.13333333333333333
40875028,90,0.4111111111111111
40877662,90,1.0
40886282,90,0.5444444444444444
40896250,90,1.0
40896787,90,0.6888888888888889
40897026,90,0.011111111111111112
40897127,90,0.7
40901368,90,0.0
40907207,90,0.7
40914028,90,0.011111111111111112
40923198,90,0.7444444444444445
40926325,90,0.4111111111111111
40926782,90,0.3888888888888889
40928250,90,0.0
40934581,90,0.32222222222222224
40946254,90,0.2111111111111111
40946803,90,0.0
40947245,90,1.0
40951579,90,0.36666666666666664
40952158,90,0.022222222222222223
40953661,90,0.4888888888888889
40954600,90,0.7888888888888889
40975588,90,0.011111111111111112
40988374,90,1.0
40988722,90,1.0
40997936,90,0.5555555555555556
41008151,90,0.0
41010858,90,0.0
41014745,90,0.8111111111111111
41016854,90,0.8
41038110,90,0.13333333333333333
41040348,90,0.0
41049787,90,0.0
41068580,90,1.0
41089586,90,1.0
41094960,90,0.011111111111111112
41108682,90,0.3111111111111111
41118555,90,0.0
41119974,90,0.044444444444444446
41121309,90,1.0
41134051,90,0.0
41139587,90,0.011111111111111112
41150768,90,0.9111111111111111
41154730,90,0.0
41156272,90,0.4777777777777778
41163776,90,0.0
41168266,90,0.05555555555555555
41179507,90,0.03333333333333333
41180292,90,0.23333333333333334
41196942,90,0.4444444444444444
41197663,90,1.0
41197701,90,0.7777777777777778
41201719,90,0.0
41214457,90,0.0
41215343,90,0.0
41245240,90,0.011111111111111112
41246072,90,1.0
41248160,90,0.0
41264660,90,0.0
41267046,90,1.0
41269659,90,0.24444444444444444
41271145,90,0.03333333333333333
41276607,90,0.13333333333333333
41295174,90,0.28888888888888886
41298194,90,0.0
41322906,90,0.1111111111111111
41329575,90,0.23333333333333334
41329622,90,0.7
41350907,90,0.3333333333333333
41386356,90,0.0
41389682,90,0.0
41409402,90,0.03333333333333333
41412598,90,0.13333333333333333
41412659,90,1.0
41413067,90,0.0
41414470,90,0.9111111111111111
41418046,90,0.022222222222222223
41434185,90,0.0
41440030,90,0.011111111111111112
41441484,90,0.4
41443740,90,0.9888888888888889
41467185,90,1.0
41468827,90,1.0
41482904,90,0.4
41485005,90,0.022222222222222223
41486069,90,0.2
41486706,90,0.5555555555555556
41487455,90,0.4111111111111111
41488655,90,0.03333333333333333
41512634,90,0.0
41514672,90,0.45555555555555555
41536689,90,0.0
41538473,90,0.0
41540798,90,0.0
41545286,90,0.45555555555555555
41563863,90,0.08888888888888889
41600777,90,0.022222222222222223
41605159,90,0.011111111111111112
41605213,90,0.5666666666666667
41630206,90,0.6777777777777778
41633874,90,0.13333333333333333
41670061,90,0.0
41671820,90,0.06666666666666667
41672230,90,1.0
41693087,90,0.011111111111111112
41693188,90,0.07777777777777778
41693295,90,0.011111111111111112
41693489,90,0.0
41695771,90,0.1
41698629,90,0.6
41719398,90,0.011111111111111112
41752162,90,1.0
41753388,90,0.0
41770667,90,0.9333333333333333
41777264,90,0.6777777777777778
41778563,90,0.3333333333333333
41780260,90,0.0
41785405,90,0.8333333333333334
41803235,90,1.0
41805137,90,0.0
41840494,90,0.0
41841174,90,0.36666666666666664
41890153,90,0.011111111111111112
41891396,90,0.8555555555555555
41893487,90,0.0
41908525,90,0.7888888888888889
41915336,90,0.0
41915409,90,0.0
41922829,90,0.0
41943987,90,0.17777777777777778
41945602,90,0.5111111111111111
41961701,90,0.8555555555555555
41966050,90,0.3111111111111111
41983356,90,0.25555555555555554
41984360,90,1.0
41984966,90,0.03333333333333333
41985926,90,0.4888888888888889
42001357,90,0.0
42006950,90,0.011111111111111112
42008363,90,0.3
42027136,90,0.2
42027929,90,0.06666666666666667
42047470,90,0.4666666666666667
42050424,90,0.0
42050434,90,0.011111111111111112
42054240,90,0.8777777777777778
42079173,90,0.0
42096115,90,0.0
42096220,90,0.0
42096242,90,0.0
42096347,90,0.0
42096591,90,0.0
42096753,90,0.0
42097802,90,0.0
42099367,90,0.0
42103077,90,1.0
42105149,90,0.0
42121195,90,0.011111111111111112
42123948,90,0.17777777777777778
42125125,90,0.35555555555555557
42126020,90,0.2
42126043,90,0.0
42142041,90,1.0
42142325,90,0.1
42150724,90,0.07777777777777778
42162207,90,1.0
42164272,90,0.0
42181975,90,0.4111111111111111
42184417,90,0.5777777777777777
42191325,90,0.0
42208326,90,0.0
42231525,90,0.13333333333333333
42232075,90,0.13333333333333333
42232214,90,0.6888888888888889
42232360,90,0.7111111111111111
42237080,90,0.4111111111111111
42237580,90,0.5888888888888889
42258723,90,0.36666666666666664
42259535,90,0.011111111111111112
42276447,90,0.4888888888888889
42277695,90,0.022222222222222223
42278447,90,0.24444444444444444
42281333,90,0.0
42304378,90,0.07777777777777778
42337403,90,0.0
42340788,90,0.0
42360379,90,0.7444444444444445
42369592,90,0.6444444444444445
42413598,90,1.0
42435047,90,0.011111111111111112
42439409,90,0.03333333333333333
42458099,90,0.0
42477379,90,0.0
42479017,90,0.0
42497829,90,0.4111111111111111
42502751,90,0.7222222222222222
42517723,90,0.0
42522854,90,1.0
42543165,90,1.0
42547736,90,1.0
42590156,90,0.15555555555555556
42590301,90,0.13333333333333333
42595203,90,1.0
42596020,90,0.011111111111111112
42598243,90,0.0
42622489,90,0.5111111111111111
42627054,90,0.022222222222222223
42632432,90,0.4111111111111111
42644174,90,0.0
42668491,90,0.0
42668579,90,0.0
42669209,90,1.0
42687907,90,0.0
42691752,90,1.0
42693214,90,0.0
42696211,90,0.0
42696284,90,0.0
42696341,90,0.0
42696928,90,0.7111111111111111
42717833,90,1.0
42720587,90,1.0
42743172,90,0.0
42743320,90,0.0
42743410,90,0.044444444444444446
42743699,90,1.0
42746017,90,0.0
42761328,90,0.022222222222222223
42774964,90,0.24444444444444444
42779001,90,0.15555555555555556
42779757,90,0.5222222222222223
42779879,90,0.044444444444444446
42818984,90,0.011111111111111112
42834184,90,0.0
42843473,90,0.35555555555555557
42843522,90,0.07777777777777778
42843588,90,0.6888888888888889
42843642,90,0.5111111111111111
42844425,90,0.12222222222222222
42864167,90,1.0
42881027,90,0.011111111111111112
42881748,90,0.011111111111111112
42884398,90,0.0
42884822,90,0.03333333333333333
42892449,90,0.1
42896022,90,0.13333333333333333
42905781,90,0.0
42906401,90,0.08888888888888889
42906754,90,0.45555555555555555
42907111,90,0.0
42907264,90,1.0
42908649,90,0.0
42920607,90,0.044444444444444446
42929157,90,0.011111111111111112
42929409,90,0.12222222222222222
42930305,90,0.5444444444444444
42931109,90,0.13333333333333333
42931277,90,0.0
42931718,90,0.0
42955465,90,0.17777777777777778
42967039,90,0.011111111111111112
42967663,90,0.3
42982574,90,0.6111111111111112
42983190,90,0.36666666666666664
42985724,90,0.3111111111111111
42990874,90,0.03333333333333333
43003026,90,0.28888888888888886
43004516,90,0.011111111111111112
43039288,90,1.0
43040368,90,0.0
43057669,90,0.2
43061335,90,0.011111111111111112
43062560,90,0.16666666666666666
43073491,90,0.011111111111111112
43074904,90,0.011111111111111112
43084197,90,0.0
43089903,90,0.4666666666666667
43091207,90,0.0
43096619,90,0.1
43117935,90,0.6333333333333333
43126390,90,0.37777777777777777
43129827,90,0.25555555555555554
43135335,90,0.022222222222222223
43138746,90,0.43333333333333335
43142050,90,1.0
43150207,90,1.0
43150689,90,1.0
43164867,90,0.0
43200383,90,1.0
43211028,90,0.0
43215441,90,0.5111111111111111
43226503,90,0.011111111111111112
43230898,90,1.0
43231648,90,0.0
43240235,90,0.022222222222222223
43249539,90,0.0
43250022,90,0.044444444444444446
43271490,90,0.8111111111111111
43278968,90,0.15555555555555556
43294625,90,0.044444444444444446
43299640,90,0.0
43303467,90,0.17777777777777778
43319273,90,0.15555555555555556
43320592,90,0.011111111111111112
43320624,90,0.15555555555555556
43320643,90,0.28888888888888886
43326709,90,0.0
43344573,90,0.0
43345856,90,0.5
43352297,90,0.13333333333333333
43358369,90,0.9777777777777777
43374857,90,1.0
43391404,90,0.0
43402495,90,0.6555555555555556
43405872,90,0.37777777777777777
43407975,90,0.24444444444444444
43425862,90,1.0
43426508,90,0.06666666666666667
43438099,90,0.14444444444444443
43439739,90,0.2
43456336,90,0.0
43460573,90,0.4
43468460,90,0.6777777777777778
43468482,90,0.4
43488577,90,0.2111111111111111
43489786,90,0.0
43490405,90,0.2
43490499,90,0.7888888888888889
43490561,90,0.2777777777777778
43509307,90,1.0
43510922,90,1.0
43538781,90,0.022222222222222223
43539916,90,0.8333333333333334
43572533,90,0.0
43628597,90,1.0
43629106,90,0.5111111111111111
43629261,90,0.0
43629812,90,0.1
43642972,90,0.3
43643543,90,0.28888888888888886
43684303,90,0.6333333333333333
43730410,90,0.3888888888888889
43731075,90,0.13333333333333333
43731809,90,0.6333333333333333
43745814,90,0.022222222222222223
43749992,90,0.011111111111111112
43794123,90,0.011111111111111112
43794993,90,0.07777777777777778
43806887,90,0.0
43807173,90,0.2
43821224,90,1.0
43835056,90,0.4444444444444444
43835284,90,0.0
43835322,90,0.0
43835424,90,0.0
43835749,90,0.044444444444444446
43864477,90,0.0
43883376,90,0.1111111111111111
43883388,90,0.1
43883397,90,0.08888888888888889
43883412,90,0.06666666666666667
43899537,90,0.0
43901513,90,0.0
43901907,90,0.044444444444444446
43960756,90,0.0
43964993,90,0.5222222222222223
43985764,90,0.011111111111111112
43993213,90,0.13333333333333333
43993553,90,0.4888888888888889
44003610,90,0.7111111111111111
44004920,90,0.18888888888888888
44005744,90,0.6444444444444445
44006441,90,0.2777777777777778
44007162,90,1.0
44007206,90,0.2
44007351,90,0.6444444444444445
44010540,90,0.4666666666666667
44012684,90,1.0
44013118,90,1.0
44025552,90,0.13333333333333333
44026060,90,0.0
44042961,90,0.0
44051580,90,0.8444444444444444
44094026,90,0.044444444444444446
44123332,90,1.0
44140992,90,0.03333333333333333
44141007,90,0.2111111111111111
44141118,90,0.32222222222222224
44160908,90,0.0
44170323,90,1.0
44171766,90,0.9777777777777777
44182142,90,0.011111111111111112
44185578,90,0.0
44196730,90,0.1111111111111111
44198768,90,0.6
44203936,90,0.35555555555555557
44222621,90,1.0
44232895,90,0.0
44234987,90,0.4111111111111111
44248589,90,0.0
44257409,90,0.044444444444444446
44259352,90,1.0
44284905,90,0.044444444444444446
44289618,90,0.4888888888888889
44294792,90,0.18888888888888888
44324096,90,0.0
44324130,90,0.03333333333333333
44340971,90,0.022222222222222223
44340973,90,0.12222222222222222
44341042,90,0.28888888888888886
44341593,90,0.6444444444444445
44342520,90,0.022222222222222223
44342573,90,0.03333333333333333
44342590,90,0.011111111111111112
44344229,90,0.08888888888888889
44360148,90,0.0
44406801,90,0.6777777777777778
44420172,90,0.044444444444444446
44420186,90,0.07777777777777778
44420272,90,0.022222222222222223
44506965,90,0.8222222222222222
44522408,90,0.9444444444444444
44527778,90,0.35555555555555557
44538619,90,0.16666666666666666
44549974,90,0.4444444444444444
44558727,90,0.0
44599584,90,0.0
44620008,90,0.0
44621877,90,0.18888888888888888
44633984,90,0.07777777777777778
44650364,90,1.0
44651453,90,0.23333333333333334
44652066,90,0.12222222222222222
44685281,90,0.28888888888888886
44876964,90,0.0
44877741,90,0.03333333333333333
44877768,90,1.0
44880818,90,1.0
44920100,90,0.07777777777777778
44975119,90,0.13333333333333333
44982480,90,0.0
44982759,90,0.7333333333333333
44983091,90,0.6333333333333333
45001327,90,0.6222222222222222
45003152,90,0.4888888888888889
45003964,90,0.8444444444444444
45038849,90,0.17777777777777778
45039185,90,0.17777777777777778
45039294,90,0.24444444444444444
45039629,90,0.17777777777777778
45039698,90,0.2111111111111111
45039885,90,0.24444444444444444
45057827,90,0.9333333333333333
45058848,90,1.0
45059878,90,0.4777777777777778
45062440,90,0.6
45090599,90,0.07777777777777778
45090956,90,0.43333333333333335
45094997,90,0.8666666666666667
45109294,90,0.24444444444444444
45109556,90,0.8333333333333334
45133698,90,0.7333333333333333
45206793,90,0.044444444444444446
45207677,90,0.044444444444444446
45209709,90,0.12222222222222222
45226932,90,0.18888888888888888
45241596,90,0.1111111111111111
45242141,90,0.6555555555555556
45242534,90,0.35555555555555557
45263192,90,0.5222222222222223
45275459,90,0.6
45309726,90,0.011111111111111112
45319700,90,0.25555555555555554
45319932,90,0.05555555555555555
45321114,90,0.0
45322042,90,1.0
45324060,90,0.7666666666666667
45350198,90,1.0
45351384,90,0.0
45352371,90,0.0
45357810,90,0.011111111111111112
45366073,90,0.011111111111111112
45413425,90,0.07777777777777778
45413995,90,1.0
45414039,90,0.07777777777777778
45415157,90,0.9777777777777777
45426437,90,0.6888888888888889
45456622,90,0.6444444444444445
45457530,90,0.044444444444444446
45457713,90,0.3111111111111111
45497047,90,0.011111111111111112
45506483,90,0.07777777777777778
45517914,90,0.13333333333333333
45520670,90,0.18888888888888888
45521006,90,0.36666666666666664
45535409,90,0.3888888888888889
45553449,90,1.0
45555688,90,0.022222222222222223
45568534,90,0.03333333333333333
45571570,90,0.25555555555555554
45582271,90,0.13333333333333333
45584442,90,0.7222222222222222
45584818,90,0.7888888888888889
45584871,90,0.18888888888888888
45584920,90,0.5333333333333333
45585209,90,0.18888888888888888
45585298,90,0.25555555555555554
45587819,90,0.13333333333333333
45598559,90,0.13333333333333333
45608474,90,0.7777777777777778
45624629,90,0.2
45640484,90,0.15555555555555556
45659620,90,0.6888888888888889
45676137,90,0.32222222222222224
45692663,90,0.03333333333333333
45701743,90,0.0
45703473,90,0.05555555555555555
45725724,90,0.0
45728988,90,0.4111111111111111
45737200,90,0.3111111111111111
45741917,90,0.25555555555555554
45742462,90,0.35555555555555557
45755617,90,0.7222222222222222
45775427,90,0.07777777777777778
45775504,90,1.0
45776364,90,0.43333333333333335
45790920,90,0.13333333333333333
45806351,90,0.15555555555555556
45806613,90,0.07777777777777778
45807796,90,1.0
45818169,90,0.28888888888888886
45836046,90,0.45555555555555555
45848062,90,0.23333333333333334
45859445,90,0.34444444444444444
45859750,90,0.0
45860053,90,0.18888888888888888
45868192,90,0.0
45884286,90,0.011111111111111112
45885467,90,0.0
45900750,90,0.9777777777777777
45901602,90,0.0
45913623,90,0.0
45917438,90,0.3333333333333333
45930409,90,1.0
45932584,90,0.022222222222222223
45942223,90,1.0
45947196,90,0.3
45947877,90,0.0
45965104,90,0.08888888888888889
45993497,90,0.5555555555555556
46010672,90,0.03333333333333333
46031477,90,0.6222222222222222
46043132,90,0.011111111111111112
46043288,90,0.05555555555555555
46045483,90,0.03333333333333333
46074654,90,1.0
46090131,90,0.0
46090853,90,0.45555555555555555
46091546,90,0.0
46091574,90,0.8
46091576,90,0.4666666666666667
46092204,90,0.35555555555555557
46106803,90,1.0
46126644,90,0.0
46141809,90,0.0
46164992,90,0.9
46179838,90,1.0
46188740,90,0.0
46196816,90,0.0
46205324,90,0.8222222222222222
46245431,90,0.32222222222222224
46264610,90,0.022222222222222223
46266546,90,0.6222222222222222
46267255,90,0.6888888888888889
46269940,90,1.0
46289964,90,1.0
46299573,90,0.03333333333333333
46301308,90,0.4666666666666667
46304278,90,1.0
46315649,90,0.0
46321809,90,0.25555555555555554
46337334,90,0.23333333333333334
46338743,90,0.23333333333333334
46340822,90,0.9666666666666667
46340897,90,0.011111111111111112
46356817,90,1.0
46365997,90,0.6555555555555556
46366002,90,0.6666666666666666
46378418,90,0.4777777777777778
46385063,90,0.011111111111111112
46385190,90,0.5777777777777777
46398835,90,0.5111111111111111
46402103,90,0.24444444444444444
46403454,90,0.011111111111111112
46417647,90,1.0
46419648,90,1.0
46421717,90,0.4777777777777778
46422351,90,0.0
46424609,90,0.5222222222222223
46434926,90,0.0
46439061,90,0.6
46447249,90,1.0
46454968,90,0.4888888888888889
46468759,90,0.0
46468911,90,1.0
46492940,90,0.0
46508400,90,1.0
46515289,90,1.0
46537661,90,0.0
46548888,90,0.022222222222222223
46553630,90,0.8888888888888888
46555907,90,0.0
46556120,90,0.8777777777777778
46590774,90,1.0
46594091,90,1.0
46603657,90,1.0
46608508,90,0.12222222222222222
46609628,90,0.8555555555555555
46628965,90,0.0
46633696,90,1.0
46633762,90,0.0
46641061,90,0.07777777777777778
46651491,90,0.07777777777777778
46662526,90,0.16666666666666666
46677225,90,1.0
46680511,90,0.011111111111111112
46681312,90,1.0
46683647,90,0.0
46685229,90,0.9777777777777777
46696507,90,0.8222222222222222
46697728,90,0.07777777777777778
46699679,90,0.17777777777777778
46714567,90,1.0
46719834,90,0.0
46730688,90,0.14444444444444443
46734455,90,0.3
46739156,90,0.022222222222222223
46741010,90,0.4444444444444444
46741413,90,0.28888888888888886
46756526,90,0.0
46757288,90,1.0
46757765,90,0.022222222222222223
46762719,90,0.5666666666666667
46777015,90,0.25555555555555554
46778769,90,0.0
46800871,90,0.011111111111111112
46801836,90,0.2111111111111111
46802673,90,0.8444444444444444
46803918,90,0.0
46805402,90,0.9666666666666667
46805698,90,0.0
46817170,90,0.044444444444444446
46822833,90,0.7777777777777778
46839753,90,0.0
46841651,90,0.7222222222222222
46843356,90,1.0
46853209,90,0.044444444444444446
46855273,90,0.011111111111111112
46858541,90,0.3888888888888889
46859197,90,0.03333333333333333
46861658,90,0.0
46863803,90,1.0
46873771,90,0.13333333333333333
46880736,90,0.07777777777777778
46882922,90,0.0
46886596,90,0.0
46901267,90,0.0
46908538,90,0.4777777777777778
46923043,90,0.1111111111111111
46925830,90,1.0
46927884,90,0.05555555555555555
46929403,90,0.3888888888888889
46931782,90,0.0
46946279,90,1.0
46949877,90,0.8333333333333334
46951493,90,0.9888888888888889
46968197,90,0.4666666666666667
46970658,90,0.06666666666666667
46989620,90,0.3333333333333333
46990089,90,1.0
46995401,90,0.4777777777777778
47011108,90,0.3333333333333333
47016345,90,0.9777777777777777
47039126,90,0.1
47039372,90,1.0
47040923,90,0.4222222222222222
47059734,90,0.9888888888888889
47064940,90,0.13333333333333333
47076555,90,1.0
47081583,90,0.011111111111111112
47100983,90,1.0
47106188,90,0.2222222222222222
47128817,90,0.9888888888888889
47138416,90,0.45555555555555555
47146478,90,0.25555555555555554
47157184,90,0.0
47164469,90,1.0
47180780,90,0.0
47183367,90,0.0
47226380,90,0.7555555555555555
47256540,90,0.6666666666666666
47292244,90,1.0
47293227,90,0.0
47294951,90,0.5555555555555556
47310048,90,0.022222222222222223
47321632,90,0.13333333333333333
47326120,90,0.26666666666666666
47336681,90,0.4
47339084,90,0.2111111111111111
47343063,90,0.0
47415487,90,0.3888888888888889
47415641,90,0.1
47418025,90,1.0
47426769,90,0.07777777777777778
47426857,90,0.24444444444444444
47428126,90,0.6333333333333333
47454192,90,1.0
47456917,90,1.0
47480219,90,0.0
47496706,90,0.13333333333333333
47497747,90,0.5333333333333333
47506096,90,0.6888888888888889
47551931,90,0.0
47554520,90,0.0
47584869,90,0.022222222222222223
47705505,90,0.4666666666666667
47721519,90,0.13333333333333333
47725220,90,1.0
47736571,90,0.7333333333333333
47750889,90,1.0
47759562,90,0.13333333333333333
47785856,90,0.022222222222222223
47786043,90,0.0
47802331,90,1.0
47815069,90,0.4888888888888889
47817918,90,1.0
47821177,90,0.6555555555555556
47852502,90,0.0
47862450,90,0.011111111111111112
47875608,90,0.9111111111111111
47879072,90,1.0
47888627,90,0.2222222222222222
47890864,90,0.28888888888888886
47891783,90,0.0
47894438,90,0.0
47894642,90,0.0
47925450,90,0.022222222222222223
47955555,90,0.43333333333333335
48035005,90,0.0
48043970,90,0.022222222222222223
48055501,90,0.0
48060421,90,1.0
48060477,90,0.14444444444444443
48060587,90,0.12222222222222222
48060686,90,0.0
48060727,90,0.044444444444444446
48060750,90,0.0
48095693,90,0.0
48108848,90,1.0
48112737,90,0.4111111111111111
48126934,90,0.0
48136336,90,0.022222222222222223
48150911,90,0.26666666666666666
48173202,90,1.0
48173922,90,0.13333333333333333
48185048,90,0.011111111111111112
48201651,90,1.0
48203879,90,0.7333333333333333
48215723,90,0.022222222222222223
48262877,90,1.0
48284431,90,0.022222222222222223
48285199,90,0.9666666666666667
48285299,90,0.13333333333333333
48287535,90,0.13333333333333333
48293946,90,0.07777777777777778
48306773,90,0.2
48319981,90,0.0
48331277,90,0.7777777777777778
48331687,90,0.0
48348199,90,0.6111111111111112
48355745,90,0.2777777777777778
48366360,90,1.0
48383646,90,1.0
48400752,90,0.0
48405942,90,0.6555555555555556
48409218,90,0.011111111111111112
48421685,90,0.37777777777777777
48428618,90,0.13333333333333333
48449846,90,0.03333333333333333
48474944,90,1.0
48477307,90,0.0
48524336,90,0.0
48531716,90,0.8222222222222222
48553763,90,0.8333333333333334
48556734,90,0.05555555555555555
48556842,90,0.0
48556980,90,0.5888888888888889
48569642,90,1.0
48590172,90,0.7111111111111111
48590643,90,1.0
48591274,90,1.0
48594999,90,0.07777777777777778
48599828,90,1.0
48612618,90,0.7777777777777778
48635058,90,0.6222222222222222
48644566,90,0.13333333333333333
48647648,90,0.28888888888888886
48651225,90,0.022222222222222223
48663068,90,0.4777777777777778
48684339,90,0.0
48699578,90,0.9555555555555556
48701728,90,0.044444444444444446
48739462,90,0.2222222222222222
48741124,90,1.0
48744553,90,0.0
48744826,90,0.044444444444444446
48752754,90,0.0
48772845,90,0.03333333333333333
48775135,90,0.07777777777777778
48792461,90,0.26666666666666666
48812496,90,0.6444444444444445
48832459,90,0.0
48833438,90,0.0
48854788,90,0.9777777777777777
48878736,90,0.5555555555555556
48886441,90,0.2
48887795,90,0.12222222222222222
48907695,90,0.07777777777777778
48919224,90,0.7777777777777778
48922718,90,0.45555555555555555
48928259,90,0.5111111111111111
48944261,90,0.011111111111111112
48950675,90,1.0
48957477,90,0.0
48980556,90,0.0
48989358,90,0.9888888888888889
48998177,90,0.37777777777777777
49007472,90,0.14444444444444443
49017754,90,0.011111111111111112
49019082,90,0.0
49032639,90,0.022222222222222223
49049421,90,0.18888888888888888
49063630,90,0.2111111111111111
49096855,90,0.011111111111111112
49097947,90,0.2111111111111111
49118065,90,0.13333333333333333
49162048,90,0.7111111111111111
49184412,90,0.05555555555555555
49201235,90,0.07777777777777778
49201396,90,0.0
49218901,90,0.8666666666666667
49221058,90,0.0
49248169,90,0.2222222222222222
49249902,90,0.022222222222222223
49250162,90,0.011111111111111112
49252655,90,0.0
49265135,90,0.011111111111111112
49278919,90,0.5222222222222223
49296591,90,0.03333333333333333
49297136,90,0.34444444444444444
49327233,90,0.14444444444444443
49327659,90,0.15555555555555556
49348169,90,0.6222222222222222
49358348,90,0.6222222222222222
49367978,90,0.07777777777777778
49370012,90,1.0
49370278,90,1.0
49372028,90,0.35555555555555557
49373321,90,0.07777777777777778
49379139,90,0.34444444444444444
49432215,90,0.4666666666666667
49449517,90,0.011111111111111112
49451628,90,0.32222222222222224
49465963,90,0.0
49472999,90,0.4666666666666667
49487847,90,0.5777777777777777
49520349,90,0.5666666666666667
49521386,90,1.0
49535218,90,0.5444444444444444
49551215,90,1.0
49571255,90,0.0
49580120,90,0.45555555555555555
49582224,90,0.0
49599169,90,0.0
49620896,90,0.05555555555555555
49622697,90,0.011111111111111112
49641413,90,0.0
49657806,90,0.011111111111111112
49692002,90,1.0
49692796,90,0.45555555555555555
49694688,90,0.0
49695634,90,0.6666666666666666
49696859,90,0.022222222222222223
49700857,90,1.0
49718556,90,0.5222222222222223
49728854,90,0.011111111111111112
49738640,90,0.16666666666666666
49739098,90,0.0
49751429,90,1.0
49759263,90,0.4888888888888889
49769326,90,0.044444444444444446
49778940,90,0.4444444444444444
49779192,90,0.0
49780364,90,0.0
49780976,90,0.03333333333333333
49781224,90,0.011111111111111112
49821160,90,1.0
49838998,90,0.32222222222222224
49862340,90,0.15555555555555556
49886740,90,0.0
49887333,90,0.05555555555555555
49888364,90,1.0
49901800,90,0.0
49933428,90,1.0
49933431,90,1.0
49970257,90,1.0
49970918,90,0.13333333333333333
49987344,90,1.0
49987496,90,0.03333333333333333
49990796,90,0.07777777777777778
49994514,90,0.24444444444444444
49998333,90,0.8555555555555555
50001749,90,1.0
50013205,90,0.5555555555555556
50015863,90,0.0
50019667,90,0.06666666666666667
50034839,90,0.4444444444444444
50039251,90,1.0
50054923,90,0.0
50055122,90,1.0
50055806,90,0.03333333333333333
50059099,90,0.3
50092471,90,0.0
50093006,90,0.0
50106107,90,1.0
50109056,90,1.0
50118577,90,0.3
50118948,90,0.7333333333333333
50119086,90,0.2777777777777778
50121795,90,1.0
50124917,90,1.0
50137244,90,0.7777777777777778
50139527,90,0.26666666666666666
50175978,90,0.1111111111111111
50178350,90,0.022222222222222223
50185298,90,0.36666666666666664
50204547,90,0.044444444444444446
50215253,90,1.0
50219136,90,0.0
50220572,90,0.36666666666666664
50237994,90,0.17777777777777778
50246366,90,0.0
50249310,90,0.0
50250835,90,0.0
50272821,90,0.0
50272928,90,0.9444444444444444
50291670,90,0.0
50292895,90,1.0
50312026,90,0.3111111111111111
50312169,90,0.6333333333333333
50315994,90,0.0
50316048,90,0.45555555555555555
50363401,90,0.6888888888888889
50383760,90,0.0
50403839,90,0.0
50430733,90,1.0
50437643,90,0.022222222222222223
50443795,90,0.4
50445228,90,0.37777777777777777
50445598,90,1.0
50454114,90,0.0
50477973,90,0.0
50490519,90,0.4777777777777778
50491628,90,0.7222222222222222
50491740,90,0.16666666666666666
50497012,90,0.0
50508895,90,0.8666666666666667
50538099,90,1.0
50574071,90,0.0
50584196,90,0.011111111111111112
50599249,90,0.35555555555555557
50605367,90,0.5222222222222223
50608699,90,0.3888888888888889
50628241,90,0.022222222222222223
50631736,90,0.3333333333333333
50665336,90,0.0
50704459,90,0.8444444444444444
50730364,90,0.2111111111111111
50755653,90,0.03333333333333333
50757774,90,0.2222222222222222
50777924,90,0.07777777777777778
50834146,90,0.34444444444444444
50853251,90,0.6444444444444445
50856627,90,0.4666666666666667
50857360,90,0.15555555555555556
50875268,90,0.12222222222222222
50881121,90,0.7
50884232,90,0.4888888888888889
50902911,90,1.0
50906322,90,1.0
50921707,90,0.14444444444444443
50930112,90,0.17777777777777778
50939201,90,0.0
50941665,90,0.26666666666666666
50944300,90,0.45555555555555555
50948552,90,0.06666666666666667
50960751,90,0.06666666666666667
50962033,90,0.0
50962824,90,0.9666666666666667
50963789,90,0.7666666666666667
50977314,90,0.03333333333333333
50978229,90,0.0
50979546,90,0.0
51004385,90,0.12222222222222222
51024829,90,1.0
51026336,90,0.5222222222222223
51027369,90,0.03333333333333333
51054919,90,0.8222222222222222
51076757,90,0.011111111111111112
51112071,90,0.3888888888888889
51135465,90,0.9333333333333333
51157380,90,0.06666666666666667
51157427,90,0.2
51157482,90,0.2111111111111111
51176791,90,0.07777777777777778
51184929,90,1.0
51218767,90,1.0
51219492,90,0.8444444444444444
51317290,90,0.0
51318373,90,0.6333333333333333
51352602,90,0.3888888888888889
51379305,90,0.0
51391437,90,0.0
51436423,90,0.13333333333333333
51476321,90,0.03333333333333333
51481813,90,0.32222222222222224
51510194,90,0.17777777777777778
51564766,90,0.8555555555555555
51584184,90,1.0
51584425,90,0.011111111111111112
51602970,90,1.0
51605874,90,0.6888888888888889
51607149,90,0.0
51673689,90,0.0
51714141,90,0.03333333333333333
51738000,90,1.0
51773894,90,1.0
51988079,90,0.35555555555555557
52020330,90,1.0
52031694,90,0.25555555555555554
52062202,90,0.5333333333333333
52081934,90,0.7222222222222222
52101342,90,0.18888888888888888
52175193,90,0.3111111111111111
52191971,90,0.03333333333333333
52195071,90,0.05555555555555555
52228468,90,0.14444444444444443
52277315,90,0.1
52286823,90,0.5222222222222223
52324477,90,0.2111111111111111
52324837,90,0.17777777777777778
52325696,90,0.37777777777777777
52339889,90,0.23333333333333334
52344154,90,0.37777777777777777
52370485,90,0.5
52391631,90,0.4777777777777778
52411897,90,0.03333333333333333
52425294,90,0.4
52445334,90,0.6111111111111112
52458814,90,0.1111111111111111
52458950,90,1.0
52459614,90,0.7
52472798,90,0.8111111111111111
52476676,90,0.36666666666666664
52477363,90,1.0
52482115,90,0.03333333333333333
52482625,90,0.0
52499508,90,0.0
52499839,90,0.3888888888888889
52517125,90,0.4222222222222222
52518032,90,0.5555555555555556
52518882,90,0.5444444444444444
52519999,90,0.5555555555555556
52520172,90,0.5888888888888889
52520437,90,0.5666666666666667
52520546,90,0.7333333333333333
52520666,90,0.5777777777777777
52520680,90,0.07777777777777778
52521049,90,0.6333333333333333
52523044,90,1.0
52523638,90,0.07777777777777778
52534602,90,0.07777777777777778
52539757,90,0.26666666666666666
52556097,90,0.08888888888888889
52572924,90,0.12222222222222222
52583935,90,0.5888888888888889
52600519,90,0.8333333333333334
52603738,90,0.07777777777777778
52604947,90,0.13333333333333333
52622026,90,0.5111111111111111
52625982,90,0.8888888888888888
52640721,90,1.0
52659352,90,0.7555555555555555
52676747,90,1.0
52682127,90,0.6333333333333333
52693093,90,0.8
52705829,90,0.13333333333333333
52707671,90,0.0
52711494,90,0.2222222222222222
52719773,90,0.16666666666666666
52720664,90,0.32222222222222224
52722117,90,0.022222222222222223
52723083,90,0.2
52723504,90,0.2777777777777778
52728465,90,0.9
52740021,90,0.4444444444444444
52741356,90,0.6555555555555556
52742378,90,0.0
52743753,90,0.0
52746248,90,0.28888888888888886
52778221,90,1.0
52784911,90,0.0
52800109,90,0.5555555555555556
52819230,90,0.044444444444444446
52832441,90,1.0
52840786,90,0.0
52843310,90,0.07777777777777778
52843544,90,0.0
52860787,90,0.32222222222222224
52862432,90,0.4111111111111111
52863197,90,0.43333333333333335
52864597,90,0.0
52872527,90,0.5777777777777777
52878749,90,1.0
52883964,90,0.3
52892814,90,0.07777777777777778
52905744,90,0.011111111111111112
52909792,90,0.8777777777777778
52922495,90,0.011111111111111112
52922707,90,0.0
52930596,90,0.9777777777777777
52939162,90,0.044444444444444446
52940478,90,0.011111111111111112
52942370,90,0.5333333333333333
52954503,90,0.0
52956036,90,0.0
52956626,90,0.9777777777777777
52957748,90,0.5555555555555556
52958781,90,0.6444444444444445
52958845,90,0.36666666666666664
52968649,90,0.23333333333333334
52969293,90,0.0
52969666,90,0.9666666666666667
52974783,90,0.05555555555555555
52992288,90,0.0
52992716,90,0.6333333333333333
52999181,90,1.0
53012234,90,0.6111111111111112
53012723,90,0.7555555555555555
53015559,90,0.36666666666666664
53033759,90,0.34444444444444444
53037562,90,0.4
53044180,90,0.45555555555555555
53052371,90,0.35555555555555557
53054848,90,0.044444444444444446
53055850,90,0.9555555555555556
53072096,90,0.35555555555555557
53072965,90,0.13333333333333333
53081646,90,1.0
53084775,90,0.13333333333333333
53085313,90,0.5111111111111111
53086171,90,0.022222222222222223
53099085,90,0.5
53115916,90,1.0
53116037,90,0.13333333333333333
53116930,90,1.0
53136888,90,1.0
53138240,90,1.0
53151211,90,1.0
53152997,90,1.0
53154030,90,0.4777777777777778
53155778,90,0.0
53159313,90,0.022222222222222223
53188964,90,1.0
53192472,90,0.6333333333333333
53193912,90,0.022222222222222223
53206546,90,0.0
53219902,90,0.6
53219969,90,0.35555555555555557
53220455,90,0.9888888888888889
53221986,90,0.5444444444444444
53222230,90,1.0
53239544,90,1.0
53243140,90,0.18888888888888888
53244420,90,0.36666666666666664
53261022,90,0.7666666666666667
53280874,90,0.0
53280980,90,0.13333333333333333
53282121,90,0.14444444444444443
53298620,90,0.07777777777777778
53300312,90,0.32222222222222224
53313227,90,0.0
53316658,90,0.13333333333333333
53316663,90,0.9777777777777777
53327719,90,0.3333333333333333
53328707,90,0.0
53332176,90,0.13333333333333333
53341005,90,0.4444444444444444
53345074,90,0.0
53349520,90,0.4888888888888889
53363060,90,1.0
53365530,90,0.3111111111111111
53368269,90,1.0
53370211,90,0.044444444444444446
53381716,90,0.3
53384123,90,0.4444444444444444
53387006,90,0.0
53399751,90,0.7111111111111111
53406405,90,0.0
53418008,90,0.36666666666666664
53425233,90,0.6777777777777778
53426153,90,0.0
53432672,90,1.0
53433283,90,0.0
53433780,90,1.0
53434968,90,0.0
53436181,90,0.0
53450518,90,0.25555555555555554
53450640,90,0.6111111111111112
53452147,90,0.2111111111111111
53464775,90,1.0
53465637,90,0.0
53469395,90,1.0
53471680,90,0.6222222222222222
53480399,90,0.35555555555555557
53481790,90,0.15555555555555556
53483690,90,0.8444444444444444
53488708,90,0.8555555555555555
53497178,90,0.14444444444444443
53497463,90,0.0
53501233,90,0.0
53503450,90,0.0
53520978,90,0.13333333333333333
53522046,90,1.0
53532777,90,0.07777777777777778
53534487,90,1.0
53534701,90,0.6444444444444445
53538763,90,0.0
53545120,90,1.0
53552823,90,0.4888888888888889
53560470,90,0.3
53560541,90,0.28888888888888886
53574506,90,0.6555555555555556
53577087,90,0.0
53579644,90,1.0
53596892,90,0.9888888888888889
53597796,90,0.4777777777777778
53600424,90,0.5777777777777777
53611961,90,0.0
53614873,90,0.24444444444444444
53616102,90,0.0
53630781,90,0.2777777777777778
53631198,90,0.2777777777777778
53633301,90,0.2777777777777778
53635598,90,0.12222222222222222
53637084,90,0.5666666666666667
53646913,90,0.0
53649013,90,0.3111111111111111
53653203,90,0.022222222222222223
53663339,90,0.9333333333333333
53674095,90,0.7444444444444445
53676248,90,0.2
53678588,90,0.022222222222222223
53688460,90,1.0
53689131,90,0.3333333333333333
53689170,90,0.011111111111111112
53707772,90,0.05555555555555555
53709697,90,1.0
53709720,90,1.0
53714350,90,0.13333333333333333
53726499,90,0.6555555555555556
53727392,90,1.0
53728105,90,1.0
53741317,90,1.0
53742726,90,0.14444444444444443
53743518,90,0.13333333333333333
53743900,90,0.5888888888888889
53756051,90,0.7
53756541,90,0.022222222222222223
53757237,90,1.0
53757557,90,0.011111111111111112
53761564,90,1.0
53762067,90,1.0
53771961,90,0.16666666666666666
53773578,90,0.3
53773960,90,0.13333333333333333
53784541,90,1.0
53789223,90,0.0
53797924,90,1.0
53800677,90,0.0
53800903,90,1.0
53813538,90,0.044444444444444446
53814700,90,0.022222222222222223
53815502,90,0.06666666666666667
53817326,90,1.0
53817633,90,0.0
53817713,90,0.0
53822225,90,0.011111111111111112
53831472,90,0.011111111111111112
53831859,90,0.08888888888888889
53834576,90,1.0
53835252,90,0.23333333333333334
53835349,90,0.0
53845565,90,0.6888888888888889
53854199,90,0.03333333333333333
53865803,90,0.011111111111111112
53867508,90,1.0
53869414,90,0.6888888888888889
53870798,90,0.0
53871008,90,0.6555555555555556
53878256,90,0.0
53880291,90,0.3888888888888889
53886749,90,0.3111111111111111
53892325,90,0.13333333333333333
53907803,90,0.07777777777777778
53908041,90,0.2777777777777778
53911986,90,0.14444444444444443
53914437,90,0.0
53926831,90,1.0
53928558,90,0.24444444444444444
53940988,90,0.28888888888888886
53941254,90,0.0
53942140,90,0.1
53942629,90,0.4222222222222222
53943850,90,0.9888888888888889
53945017,90,0.5555555555555556
53947345,90,1.0
53951445,90,1.0
53954606,90,0.9222222222222223
53955471,90,0.36666666666666664
53956670,90,0.43333333333333335
53958871,90,0.06666666666666667
53959984,90,0.35555555555555557
53960312,90,0.0
53960820,90,0.0
53983578,90,0.0
53991328,90,1.0
53991334,90,0.0
53994958,90,0.03333333333333333
54003659,90,1.0
54007621,90,0.4222222222222222
54009468,90,0.4666666666666667
54011130,90,0.0
54027027,90,1.0
54038002,90,0.0
54041275,90,0.13333333333333333
54061403,90,0.1
54077334,90,0.022222222222222223
54086044,90,0.0
54097119,90,0.9888888888888889
54098967,90,0.4
54101674,90,0.9222222222222223
54111254,90,0.08888888888888889
54114866,90,0.0
54124440,90,0.23333333333333334
54134539,90,0.13333333333333333
54146156,90,1.0
54169424,90,0.4222222222222222
54169531,90,1.0
54171539,90,0.8111111111111111
54183737,90,0.2222222222222222
54184945,90,0.7
54203331,90,0.0
54208911,90,1.0
54212242,90,0.0
54232558,90,0.022222222222222223
54232758,90,0.0
54248630,90,0.3
54254587,90,0.0
54265072,90,0.2222222222222222
54278731,90,0.5444444444444444
54286169,90,0.13333333333333333
54286173,90,0.0
54295491,90,0.13333333333333333
54295719,90,0.36666666666666664
54297608,90,0.3
54307512,90,0.16666666666666666
54308018,90,1.0
54309925,90,1.0
54311259,90,0.7444444444444445
54315505,90,0.4
54319616,90,0.7111111111111111
54343322,90,0.13333333333333333
54343625,90,0.7
54345006,90,0.4111111111111111
54345635,90,1.0
54360578,90,1.0
54362721,90,0.4666666666666667
54379584,90,0.37777777777777777
54380910,90,1.0
54393357,90,0.13333333333333333
54395244,90,0.6777777777777778
54406347,90,0.0
497468111066335940,90,0.8777777777777778
506768729245848293,90,0.0
507392867782423031,90,0.1
512538649169042658,90,0.0
513847924122374520,90,0.0
521154758306089050,90,0.0
522780033941919094,90,0.1
523369560986908576,90,0.6333333333333333
532066310951030121,90,0.3888888888888889
532763626065753193,90,0.14444444444444443
537240832537572185,90,1.0
537885574648497407,90,0.9777777777777777
538660468639201643,90,0.18888888888888888
543032424323176548,90,0.36666666666666664
543579171921197893,90,0.0
544249948353149020,90,0.08888888888888889
545105009346203360,90,1.0
545144510883357532,90,0.0
545232200040839707,90,0.6666666666666666
546645009694840114,90,0.05555555555555555
546720744758287511,90,0.06666666666666667
547403644202040404,90,0.0
548072981138441538,90,0.2222222222222222
548115505993251032,90,1.0
548261125663404363,90,1.0
548701110045503746,90,0.5111111111111111
548749381765316384,90,1.0
548825381468151066,90,1.0
549315371251808669,90,0.8555555555555555
549370285929657973,90,0.0
549403571154776769,90,0.7
549737459991621661,90,0.25555555555555554
549801911877992765,90,0.5222222222222223
550047503834014197,90,0.7111111111111111
550320560065378215,90,0.0
551015409583692351,90,0.0
551593384142911068,90,0.7555555555555555
551615025885643562,90,0.03333333333333333
551671922109167563,90,0.7777777777777778
551698980384757157,90,1.0
551712182047874468,90,1.0
552416471356746919,90,0.022222222222222223
552437120378834202,90,0.9222222222222223
552730090329007437,90,0.1
552975962072810770,90,0.011111111111111112
553004444451059420,90,0.13333333333333333
553129244029921188,90,0.03333333333333333
553141463520088055,90,0.4888888888888889
553369242693302951,90,1.0
553873559881905144,90,0.03333333333333333
553936603203162419,90,1.0
554002732041127092,90,0.0
554013203298146385,90,0.4888888888888889
554641637310923029,90,0.0
555439537307860529,90,0.6333333333333333
556012225352569344,90,0.6333333333333333
556671826123789075,90,0.5666666666666667
557491143876384001,90,0.9111111111111111
558139063492118496,90,0.5888888888888889
558855508118391217,90,1.0
558942543136511076,90,0.0
558961253592203098,90,0.25555555555555554
559625799922519268,90,0.2111111111111111
559633136660232954,90,0.24444444444444444
559690161008405602,90,0.6333333333333333
560461524888740955,90,0.8888888888888888
560948475337835904,90,0.5111111111111111
560950115174273208,90,0.9777777777777777
561245775840156694,90,0.8333333333333334
561847756732474826,90,0.022222222222222223
561868079297741795,90,0.15555555555555556
562374497351791009,90,0.0
562470909748047967,90,1.0
563208947936480541,90,0.7111111111111111
563333749245226888,90,0.011111111111111112
563378336980086874,90,1.0
564790647478150988,90,0.0
565669318441805425,90,0.13333333333333333
566459335149920291,90,0.24444444444444444
566650879935557859,90,0.6777777777777778
566796490224021445,90,0.7555555555555555
566860893473711840,90,0.7
566902146965202647,90,0.3111111111111111
566930350324799790,90,0.2222222222222222
566976516353935155,90,0.13333333333333333
567013620165518052,90,0.17777777777777778
567121017604040792,90,1.0
567253363075072843,90,0.07777777777777778
567508578542083920,90,1.0
567781776940433930,90,0.011111111111111112
568164208044632587,90,0.36666666666666664
568310576948952803,90,0.24444444444444444
568356949302670978,90,0.0
568401753604875912,90,0.28888888888888886
568559178421332543,90,0.03333333333333333
568572001599916741,90,0.08888888888888889
568579896234695121,90,0.022222222222222223
568927852875806761,90,0.0
568995571439750078,90,0.0
569272974019831985,90,0.16666666666666666
569856125681072655,90,0.0
570410020310193452,90,1.0
570471882109697516,90,0.011111111111111112
570823308729402590,90,0.13333333333333333
571271131032199114,90,0.32222222222222224
571318678519214230,90,0.0
571443978898740333,90,0.13333333333333333
572540948340050449,90,0.0
572763750712571983,90,0.16666666666666666
573485017097238098,90,0.15555555555555556
573622209566551000,90,0.0
573630267281303466,90,0.16666666666666666
573649731138763547,90,0.0
573981607839729209,90,0.34444444444444444
574184785178440047,90,0.26666666666666666
574268733677776137,90,0.4666666666666667
574412111320237995,90,0.0
574857769304474818,90,1.0
574862345630589227,90,0.06666666666666667
575038036288026771,90,0.0
575148798141197923,90,0.011111111111111112
576396485288874305,90,1.0
576425090581973581,90,0.32222222222222224
576499763583034111,90,0.0
576841493225353411,90,0.2777777777777778
577089014749568068,90,0.0
577114774738562679,90,0.3
577175902453461349,90,0.5444444444444444
577192079151023839,90,0.7777777777777778
577263175707966326,90,0.17777777777777778
578402154639145778,90,0.15555555555555556
578449495753851681,90,0.6555555555555556
578646852839588131,90,0.4222222222222222
578662976333598023,90,1.0
578941753426122608,90,0.0
579317418964433680,90,0.06666666666666667
579473667802438315,90,0.13333333333333333
579758379092160179,90,1.0
579838834720102305,90,0.0
579855347366578741,90,0.2111111111111111
580152908579545366,90,0.13333333333333333
581333016946581026,90,0.0
581348161248437015,90,0.0
581422472776377198,90,0.32222222222222224
581468665488323037,90,0.07777777777777778
581512739437530471,90,0.3
582106097096200272,90,0.13333333333333333
582135047883659089,90,0.4666666666666667
582717674379543006,90,0.13333333333333333
583035975312463197,90,1.0
583387012580266779,90,1.0
583529054200666845,90,0.0
583814580048362165,90,0.011111111111111112
583895884757632963,90,1.0
583907088018650243,90,1.0
584391283260019339,90,0.9
584402776833837281,90,1.0
584413597181202571,90,0.34444444444444444
584488976554377182,90,0.4888888888888889
585498469648047337,90,0.5111111111111111
587161253129255133,90,0.35555555555555557
587375472391572242,90,1.0
587515114472956066,90,0.0
587774072666744660,90,1.0
587780796130995809,90,0.7888888888888889
588390557673091926,90,0.3333333333333333
588590771331053851,90,1.0
588670020888984720,90,0.4888888888888889
589124705426348725,90,0.4666666666666667
589342941939407564,90,0.08888888888888889
589356644227158461,90,0.0
589379073607375059,90,0.13333333333333333
589500534639315051,90,1.0
589502472827621654,90,0.13333333333333333
589525448080741332,90,0.0
589917296391906742,90,1.0
589953693476527211,90,0.2111111111111111
590041675221042204,90,0.4666666666666667
590845453665118559,90,0.8666666666666667
590897249965636571,90,0.5
591458597589758498,90,0.0
591481586198284442,90,0.0
591489939423416515,90,0.5
591546622918084756,90,0.4444444444444444
592001040812402888,90,0.0
592199340605369199,90,0.13333333333333333
592300859913389945,90,0.36666666666666664
592464508636785565,90,0.13333333333333333
592735410030367173,90,0.35555555555555557
592949549305759022,90,1.0
593300092086960656,90,1.0
593549771276286140,90,0.7555555555555555
593614688468544518,90,0.9
593802096828889219,90,0.0
594339096607766674,90,1.0
594404969954398477,90,1.0
594436880461382697,90,0.4111111111111111
594589941482407967,90,0.5555555555555556
594637246703292533,90,0.8333333333333334
594673516097543451,90,0.07777777777777778
594992026309124875,90,0.0
595055382516324951,90,0.8222222222222222
595852309804898311,90,0.0
596019319643516146,90,0.011111111111111112
597052372272812789,90,0.4888888888888889
597136943464404011,90,0.03333333333333333
597247131247428049,90,0.5
597571413507116327,90,0.2
597991162871359442,90,1.0
598095037763182922,90,0.1111111111111111
598810603933878590,90,0.28888888888888886
598862757240729880,90,0.8888888888888888
598883270772367501,90,0.26666666666666666
598927694650812285,90,0.08888888888888889
599442500584209133,90,0.0
599551376582996886,90,0.07777777777777778
599608356809759006,90,0.0
600171145050111047,90,0.6333333333333333
600318252231557064,90,0.23333333333333334
600394276074421969,90,1.0
600919755509810122,90,0.7888888888888889
600999551298176506,90,0.2222222222222222
601480291808895751,90,0.6111111111111112
601584839325606408,90,1.0
601706904663493732,90,0.8888888888888888
601848983069789934,90,0.13333333333333333
602031209044790124,90,1.0
602375407767526868,90,0.1111111111111111
602462447241239262,90,0.9666666666666667
602603421171498549,90,1.0
602642816270155694,90,0.6666666666666666
602884804384269850,90,0.06666666666666667
603081024652313055,90,0.044444444444444446
603168726165945020,90,0.13333333333333333
603862648896332661,90,0.05555555555555555
603870254306981583,90,0.0
603872514272269023,90,0.5444444444444444
604400064468209289,90,0.9333333333333333
604649997987941056,90,0.6888888888888889
604945033468554947,90,0.13333333333333333
605157726903979874,90,0.0
605311141111774038,90,0.14444444444444443
606614412339126317,90,1.0
606767089254546820,90,0.13333333333333333
606967281208905542,90,0.4888888888888889
607477532017631360,90,0.4111111111111111
608219959689928708,90,0.7666666666666667
608232872622903738,90,0.05555555555555555
608458701614461258,90,0.5666666666666667
608823210324279714,90,0.03333333333333333
608868985668105437,90,0.0
608926880752070849,90,0.0
609141385417098412,90,0.4444444444444444
609141769279229683,90,0.25555555555555554
609711635406418684,90,0.08888888888888889
609762090577177179,90,0.6222222222222222
609895578817772125,90,0.044444444444444446
610272361955315123,90,0.13333333333333333
610511578703286317,90,0.8444444444444444
611399881499188908,90,0.17777777777777778
611718682364704571,90,0.23333333333333334
612018656283585606,90,0.0
612440968851816671,90,1.0
612450641612442754,90,0.36666666666666664
612568956028789928,90,0.4111111111111111
612795459340691087,90,0.07777777777777778
613260661679644653,90,1.0
613763800519275878,90,0.4
614632740832620797,90,0.8222222222222222
615635953923918061,90,1.0
616018597772229165,90,0.7333333333333333
616022653461551599,90,0.03333333333333333
616090496871136290,90,0.23333333333333334
616343526955456285,90,0.16666666666666666
616412216419940067,90,0.28888888888888886
616427034089551213,90,0.9333333333333333
616838285248102685,90,1.0
617002883555946980,90,0.9444444444444444
617499857398867792,90,0.8444444444444444
617524916243967401,90,0.0
617542071291167422,90,0.8444444444444444
617603273726447341,90,0.4666666666666667
617692078270918693,90,0.3333333333333333
617738815700845720,90,0.3333333333333333
617747862855393598,90,1.0
617754194259601089,90,0.9777777777777777
617755387654218090,90,0.28888888888888886
618651159899979136,90,0.07777777777777778
618689313970431512,90,1.0
619135709405285218,90,0.17777777777777778
619171437367959141,90,0.3333333333333333
619905289116476979,90,0.08888888888888889
620466249826392405,90,0.0
620549763498805913,90,0.1111111111111111
620556528272467698,90,0.011111111111111112
621281735705380873,90,0.13333333333333333
622022259288239699,90,0.14444444444444443
622196580148805540,90,0.0
622703300545414194,90,1.0
622908221482148825,90,0.5222222222222223
622962504628996189,90,0.2777777777777778
623222583789387515,90,0.36666666666666664
623356504114999034,90,0.6
624139912802647120,90,0.022222222222222223
624740292315311087,90,0.2111111111111111
624898334251644666,90,0.0
624952442761983951,90,0.0
625042259773366448,90,0.6888888888888889
626617781146317966,90,0.5111111111111111
626947454086855211,90,1.0
627142572224442960,90,0.9111111111111111
627497635520086516,90,0.6666666666666666
627665897079565481,90,0.0
627736236573763924,90,0.08888888888888889
627760877093893441,90,0.0
627805522371926101,90,0.0
627826301894282103,90,0.0
627958927875042406,90,0.022222222222222223
628416985052767921,90,0.011111111111111112
628572296985717075,90,0.24444444444444444
628727523002939462,90,1.0
629099659480251053,90,0.6333333333333333
629155985390401994,90,0.36666666666666664
629258843844020753,90,0.4111111111111111
629353925003099734,90,0.13333333333333333
629979737753266770,90,0.9888888888888889
630047285545985729,90,0.36666666666666664
630073141059362685,90,1.0
630197064263709699,90,0.6666666666666666
630696194769289117,90,0.3
631459404163785373,90,0.9222222222222223
631985616096733596,90,0.044444444444444446
632312022633821983,90,0.35555555555555557
632439282341268182,90,0.06666666666666667
632904758111547187,90,0.7222222222222222
633174738304958570,90,0.07777777777777778
633492510389738708,90,0.36666666666666664
633502054399363980,90,0.08888888888888889
633503531823385724,90,0.05555555555555555
634221230931997172,90,0.044444444444444446
634314741011467984,90,0.1111111111111111
634339444200089978,90,0.13333333333333333
634645235104343318,90,0.0
634876450512135113,90,0.022222222222222223
635090082728792698,90,0.4
635262285820816391,90,1.0
635726788644246547,90,0.0
635757005029837372,90,1.0
635968017626549033,90,0.28888888888888886
636011132214632746,90,0.3
636380171481469463,90,0.36666666666666664
636799355168245456,90,0.6222222222222222
637107564406636145,90,0.0
637387945322383799,90,0.5444444444444444
637450082006038909,90,0.3888888888888889
637572554917216225,90,0.0
638003108827586004,90,0.011111111111111112
638165555626824645,90,0.9222222222222223
638588945098165427,90,0.0
638703173558391510,90,0.34444444444444444
638745009473957072,90,1.0
638843271691560916,90,0.7555555555555555
638852210971972002,90,0.6
639950749421797783,90,0.15555555555555556
640149705617411058,90,0.0
640289618096314317,90,1.0
640359350181389258,90,0.4
640840339475819017,90,0.13333333333333333
640884471153781104,90,0.3111111111111111
640939432455451589,90,1.0
640946931918527215,90,1.0
640960316643348049,90,0.0
641560690231143061,90,1.0
641626442542109423,90,0.8888888888888888
641755514232906749,90,1.0
641805331947197416,90,0.13333333333333333
642085125328847489,90,0.43333333333333335
642203644261437462,90,0.8666666666666667
642317196597694419,90,0.4111111111111111
642469429410195530,90,0.07777777777777778
643121467108772834,90,0.6444444444444445
643218216259165974,90,0.0
643246745037460982,90,0.5888888888888889
643304164425449505,90,0.044444444444444446
643656327942538604,90,0.0
643683572565862622,90,1.0
643753549529321176,90,0.4
643793497682233431,90,0.8
644321478638751120,90,0.8888888888888888
644531099819438133,90,0.6444444444444445
644582577134645474,90,0.24444444444444444
644585184959945914,90,0.9333333333333333
644762600158008342,90,0.16666666666666666
644803176413437780,90,0.4777777777777778
644817747391805841,90,0.28888888888888886
645045484419835806,90,0.37777777777777777
645754836512433157,90,0.16666666666666666
645945188147818017,90,0.13333333333333333
645951145600471570,90,0.0
645977245107835016,90,0.0
646046721557838535,90,1.0
646514270425837553,90,0.03333333333333333
646631163011953793,90,0.0
646697576752201408,90,0.8111111111111111
646746404014702719,90,0.0
647288178204133121,90,0.0
647367633426539355,90,0.1
647431596675163978,90,0.4
647625981073542149,90,0.0
648712555688951908,90,0.13333333333333333
648770720342529043,90,1.0
648775673294934305,90,0.05555555555555555
648791750583882608,90,0.3
648800298362014495,90,1.0
648816437014757174,90,0.13333333333333333
648919951181475289,90,0.6777777777777778
648921893359651164,90,1.0
649391997923200027,90,0.1
649554154764668585,90,0.3333333333333333
649565112759285431,90,0.13333333333333333
649754355025562262,90,0.2
650190391004415100,90,0.2111111111111111
650887054900423938,90,0.2777777777777778
650896146114914530,90,0.16666666666666666
650896288716054597,90,0.28888888888888886
650948623813165958,90,0.4
651141780003157887,90,0.8111111111111111
651539387957236549,90,0.8888888888888888
651564023783025039,90,1.0
651707134266472141,90,0.6555555555555556
652304579651434880,90,0.17777777777777778
652514441279712502,90,0.4111111111111111
652969143550513199,90,0.0
653239889818316993,90,1.0
653321510867898039,90,0.011111111111111112
653405333136459241,90,0.36666666666666664
653829038681645323,90,0.7444444444444445
653831649982623770,90,0.0
653893565346340280,90,0.32222222222222224
653930784836944685,90,0.05555555555555555
653932376287667873,90,0.37777777777777777
653935953524854732,90,0.022222222222222223
653937754459510451,90,0.0
653938626574857405,90,0.0
653939327364257953,90,0.24444444444444444
654064208682267235,90,0.08888888888888889
654526916299179661,90,0.4777777777777778
654568395406488866,90,0.3333333333333333
654614336751043919,90,1.0
655207732603232252,90,0.07777777777777778
655379370626340327,90,0.13333333333333333
655421043815845760,90,0.044444444444444446
655477735681493113,90,0.37777777777777777
655563833149680921,90,0.5888888888888889
655962520940254063,90,0.13333333333333333
656245871825504656,90,0.7222222222222222
656834475293742034,90,0.35555555555555557
656961418207734811,90,0.24444444444444444
657378595571354150,90,0.7111111111111111
657661669532806132,90,0.3333333333333333
657699223474164280,90,1.0
657700108753291798,90,1.0
658148334330918141,90,0.06666666666666667
658358569036031353,90,1.0
658522950568057942,90,0.28888888888888886
658856053393831246,90,0.044444444444444446
659115531632969619,90,0.7111111111111111
659214925863310315,90,0.7111111111111111
659738758933382120,90,0.1
660151460746503202,90,0.13333333333333333
660268299460636446,90,0.5333333333333333
660302536623834045,90,0.4222222222222222
660313143037613618,90,0.2222222222222222
660419486868907885,90,0.43333333333333335
660431910072209406,90,0.15555555555555556
660726503222804586,90,0.6111111111111112
660993362465244839,90,0.35555555555555557
660997107013593367,90,0.0
661001245925766928,90,0.9777777777777777
661009791106963633,90,0.0
661263101857964276,90,1.0
661277714850196228,90,0.32222222222222224
661709863286051397,90,0.6888888888888889
661922765387046263,90,0.3333333333333333
662526806169013798,90,0.0
662735844574531829,90,0.26666666666666666
662738262359322420,90,0.18888888888888888
663111008460394972,90,0.28888888888888886
663187596569291253,90,0.6888888888888889
664224814622199130,90,1.0
664614739480870893,90,0.32222222222222224
664653784151823906,90,1.0
664878976286348954,90,0.35555555555555557
664879654030789141,90,0.34444444444444444
665403544752905286,90,0.011111111111111112
665409088022222130,90,0.022222222222222223
665490619286805079,90,0.011111111111111112
665588406920538209,90,0.0
665626742607801284,90,0.25555555555555554
666269248770259240,90,0.34444444444444444
666380774827879023,90,0.0
666417826171543404,90,0.0
666472850557626058,90,0.26666666666666666
667026655092444474,90,0.1111111111111111
667071703410933597,90,0.06666666666666667
667133601442489892,90,0.13333333333333333
667136050508221297,90,1.0
667147490467255403,90,0.13333333333333333
667523677468940563,90,1.0
667655702078101978,90,0.05555555555555555
667733725193099386,90,0.13333333333333333
667777687641470910,90,0.011111111111111112
667912863882473068,90,0.13333333333333333
668259801405159565,90,0.17777777777777778
668938321704943466,90,0.14444444444444443
668974736463211896,90,0.0
669008101230787517,90,1.0
669009478767693190,90,0.7111111111111111
669027915848999282,90,0.4888888888888889
669087336478541445,90,0.4666666666666667
669376581695271090,90,0.12222222222222222
669475547594212445,90,0.0
669657322321045159,90,0.7555555555555555
669799531778778920,90,0.6888888888888889
669835137209289617,90,1.0
669844126253879844,90,0.13333333333333333
669844171685518681,90,0.13333333333333333
669844263659772667,90,0.13333333333333333
669844392933785655,90,0.13333333333333333
669925799208349359,90,0.7555555555555555
670035099796441258,90,0.5111111111111111
670402555337452977,90,0.4444444444444444
670457043189656785,90,0.07777777777777778
670536343979145100,90,0.37777777777777777
670613682413402555,90,0.5
670619859683451814,90,0.5
670657461891047690,90,0.37777777777777777
670815015480632926,90,0.7444444444444445
671191274229439431,90,0.5111111111111111
671263494287140417,90,0.5222222222222223
671299340903909013,90,1.0
671341819826997655,90,1.0
672177784312952852,90,0.0
672718207657795475,90,0.3888888888888889
672731801056050784,90,0.32222222222222224
672893157988693664,90,1.0
673011798991727893,90,0.13333333333333333
674075336079565352,90,0.3111111111111111
674102568052081414,90,0.0
674133213844343813,90,0.3333333333333333
674154956357443928,90,0.0
674162670972936606,90,0.26666666666666666
674224505296534007,90,1.0
674273864124468831,90,0.4
674481048054829060,90,1.0
674706026126541697,90,0.7777777777777778
674750357337368236,90,0.0
674870476455847009,90,0.18888888888888888
675584358878189922,90,0.0
676257528868508945,90,0.5111111111111111
676319884856126228,90,0.45555555555555555
676456266645678719,90,0.28888888888888886
676485996251251739,90,1.0
676506859274631156,90,1.0
676535428531247470,90,1.0
676542087792918496,90,0.32222222222222224
677072094284612431,90,0.15555555555555556
677147485014509905,90,0.13333333333333333
677181472470111328,90,0.0
677808192982936116,90,1.0
678462627977956445,90,1.0
678565449454536207,90,1.0
678639945048235552,90,1.0
679001919577836101,90,1.0
679104388495789990,90,0.4444444444444444
679438732915269899,90,1.0
679853759289364347,90,0.0
679860980822936304,90,0.3888888888888889
679969354455556146,90,0.4111111111111111
679970269451725697,90,0.6666666666666666
680904250883367473,90,0.9555555555555556
680917029318631847,90,0.022222222222222223
680936768317510674,90,0.07777777777777778
680959125439927972,90,0.3888888888888889
681550187545272144,90,0.5777777777777777
682013573765976537,90,1.0
682016166261798781,90,0.7
682126931628145175,90,0.25555555555555554
682789046475702678,90,0.6111111111111112
682906430251759701,90,0.15555555555555556
682952378716964283,90,0.4111111111111111
682989943699178372,90,0.23333333333333334
683119527053838273,90,0.6333333333333333
683364345142496726,90,1.0
683589059357883857,90,0.4111111111111111
683698018008418960,90,0.05555555555555555
683908953273326252,90,1.0
684220700029404613,90,0.0
684329648778883479,90,0.2222222222222222
684405914465530287,90,0.0
685071396000891092,90,0.08888888888888889
685115316897587095,90,1.0
685149477620551651,90,0.17777777777777778
685280791312855978,90,0.8
685622865294878478,90,0.34444444444444444
685761430729342437,90,1.0
685781873546904865,90,0.17777777777777778
686286557469714002,90,1.0
686304101352274398,90,0.0
686398917610683818,90,1.0
686445383147507937,90,0.13333333333333333
686461113297839345,90,0.6333333333333333
686533506610414454,90,0.0
686645221188616611,90,1.0
686690028051178948,90,1.0
686713821282246000,90,1.0
687061339727999248,90,0.4777777777777778
687514325080462939,90,0.5111111111111111
687837842002728515,90,0.15555555555555556
688003920742154732,90,0.0
688121375071825142,90,0.044444444444444446
688138419321563482,90,1.0
688151511641481717,90,0.13333333333333333
688869857100176888,90,0.0
688874807102111800,90,0.5444444444444444
688889402763335082,90,0.0
688895609415118616,90,0.011111111111111112
689263885873310041,90,0.9777777777777777
689324955608951102,90,0.07777777777777778
689606371023170853,90,0.13333333333333333
690026523563396092,90,1.0
690128893498891643,90,0.13333333333333333
690142198059260112,90,0.18888888888888888
690202222103568983,90,0.2777777777777778
690237837209147356,90,0.9
690238995745648945,90,1.0
690243422928194038,90,1.0
690252860308735073,90,0.37777777777777777
690674743742363899,90,0.0
690902146606884955,90,0.2
691142449669072135,90,0.0
691483809989494894,90,1.0
691696128018540723,90,0.0
692000679093855586,90,0.0
692251610730972903,90,0.8666666666666667
693140871530121490,90,0.13333333333333333
693215707367310549,90,0.12222222222222222
693222406609554115,90,0.1111111111111111
693560073568869369,90,0.13333333333333333
693657921198429849,90,0.5111111111111111
693685439034933615,90,0.4111111111111111
693750070484809673,90,0.03333333333333333
693849963965400502,90,1.0
694386528826015126,90,0.0
694422062530699684,90,0.15555555555555556
694486694634383403,90,0.13333333333333333
694532614205237189,90,1.0
694552114213223026,90,0.07777777777777778
694565445351518029,90,0.05555555555555555
694658457402616901,90,0.0
694676735984074549,90,0.24444444444444444
694737034060862380,90,0.6444444444444445
695201385757963654,90,0.2111111111111111
695470387195876845,90,0.6111111111111112
695964572370326117,90,0.8
696098412246085415,90,0.0
696115685253104425,90,0.8555555555555555
696145916174781058,90,0.32222222222222224
696477874023460184,90,0.7888888888888889
696534132927177318,90,0.0
696566028638040480,90,0.03333333333333333
696584537860648489,90,0.044444444444444446
696615518150822293,90,0.8555555555555555
696616817197608646,90,0.06666666666666667
696627578032027611,90,0.2111111111111111
696694972879612786,90,0.13333333333333333
696876976241231335,90,0.0
697142432749772143,90,0.6333333333333333
697186306463758684,90,1.0
697317430454129958,90,0.13333333333333333
697458159885877521,90,1.0
697609828121529808,90,0.0
698657845211956833,90,1.0
698695530814715194,90,0.3
698704057696345312,90,0.6666666666666666
698955875381929661,90,0.4666666666666667
699065301009452848,90,0.9333333333333333
699068930843341981,90,1.0
699482838930051379,90,0.6666666666666666
699513636559107398,90,1.0
699548809504544837,90,0.8
700110842862941463,90,0.13333333333333333
700142407909118177,90,0.23333333333333334
700194807385904844,90,0.36666666666666664
700490982885249379,90,0.8666666666666667
700920773810507196,90,0.1111111111111111
701045486244097356,90,1.0
701584545094292698,90,0.0
701608307110146742,90,0.0
701668589005998224,90,0.4666666666666667
701686654326888657,90,0.15555555555555556
702287742800433535,90,0.26666666666666666
702381374921106368,90,0.5555555555555556
702434827924895044,90,0.18888888888888888
702473037432566965,90,0.0
702486421058583218,90,0.9555555555555556
702527226539529661,90,0.8444444444444444
702619975943626880,90,0.13333333333333333
702680602905587049,90,1.0
703233714366783569,90,0.0
703363505869978311,90,0.7111111111111111
703741655365006673,90,0.0
703760960680280145,90,0.12222222222222222
703785926882198777,90,0.2111111111111111
703823452406001407,90,0.9777777777777777
703834915659889372,90,0.011111111111111112
703943997983619275,90,1.0
704450973239138363,90,0.2
704485349865592489,90,0.23333333333333334
704612896693343630,90,0.7333333333333333
704671774122547941,90,1.0
704683877622664501,90,1.0
705120521049750266,90,0.36666666666666664
705184815453462492,90,0.36666666666666664
705280495673012031,90,0.07777777777777778
705338694410985438,90,0.13333333333333333
705409670234640349,90,0.7333333333333333
705436879942637484,90,0.1
705484762382173794,90,1.0
705823170706725428,90,0.06666666666666667
705844087032267783,90,0.5
705879788595914368,90,1.0
706278501497580112,90,0.0
706543765019617005,90,0.28888888888888886
706611791937281652,90,0.4111111111111111
706777863800597784,90,0.5888888888888889
706885844520361902,90,0.5
706903090749801759,90,1.0
706904007415906255,90,0.32222222222222224
706916091138537985,90,0.32222222222222224
707026969532856448,90,0.0
707594368012572039,90,0.1111111111111111
707654026008045555,90,1.0
708035255321126179,90,0.0
708118906208585478,90,0.4111111111111111
708130204320443446,90,0.17777777777777778
708159539357188895,90,1.0
708252370830967113,90,0.5555555555555556
708386287720732079,90,0.13333333333333333
708444005162188196,90,0.07777777777777778
708445011038132963,90,0.4777777777777778
708672568410092459,90,0.4222222222222222
708905526116524407,90,0.07777777777777778
709083633360969580,90,0.07777777777777778
709146055135392229,90,1.0
709231833243497323,90,1.0
709666671559617746,90,0.0
709684325770361539,90,0.0
709688354401271384,90,0.0
709694390960208028,90,0.0
709721350697760756,90,0.4111111111111111
709730751007464931,90,0.13333333333333333
709736393207515023,90,0.05555555555555555
710272067014729428,90,0.0
710383936135046292,90,1.0
710446998111662729,90,0.45555555555555555
710468242285393896,90,0.011111111111111112
710649642954747761,90,0.011111111111111112
711009201252878631,90,0.34444444444444444
711068481072316053,90,0.4
711098487399870451,90,0.022222222222222223
711117849273189400,90,0.25555555555555554
711332522790102878,90,1.0
711366980405281777,90,0.35555555555555557
711915692343998825,90,0.3111111111111111
712054597100563288,90,0.3111111111111111
712810292688629815,90,1.0
713121350879522778,90,0.0
713227106569380712,90,1.0
713563585217639227,90,0.4777777777777778
713705907487823749,90,0.0
713874865977866831,90,1.0
713910275352876957,90,0.03333333333333333
713946425492563835,90,0.6444444444444445
713959471578151990,90,0.9333333333333333
714017464351124917,90,0.0
714173542364936799,90,0.0
714220732873757523,90,1.0
714619681126243027,90,0.32222222222222224
714672801428900416,90,1.0
714716798009632217,90,0.23333333333333334
714772711058184965,90,0.12222222222222222
714785054536131663,90,1.0
714798758479759025,90,0.13333333333333333
714809107135034783,90,0.36666666666666664
715045426720300275,90,0.0
715395268264338423,90,0.1
715494912670094218,90,0.4444444444444444
715640072880473926,90,0.9555555555555556
715674358687257738,90,1.0
715748097997944243,90,0.0
716058174122951465,90,0.011111111111111112
716103536291832371,90,0.3333333333333333
716155730914606429,90,1.0
716241250407583570,90,0.37777777777777777
716270295506130360,90,1.0
716418049940542005,90,0.0
716850557908921072,90,0.0
716870662314766692,90,0.0
716961115972259701,90,1.0
717088908357363337,90,0.8777777777777778
717176900882388584,90,1.0
717642185782280091,90,0.25555555555555554
717671116658219003,90,0.14444444444444443
717684675679588119,90,1.0
717719471215260025,90,0.17777777777777778
718164412108866573,90,0.2111111111111111
718363276888433998,90,0.022222222222222223
719106727302600413,90,0.43333333333333335
719161546814486339,90,0.13333333333333333
719176394616170965,90,0.4444444444444444
719302399634157285,90,1.0
719302444853574379,90,1.0
719325991386828783,90,1.0
719353040753023433,90,0.6111111111111112
719630018487376442,90,0.03333333333333333
719710960307731815,90,0.17777777777777778
719718106446770939,90,0.0
719791303894994901,90,0.0
719857606720881384,90,1.0
720010942590624772,90,0.8111111111111111
720457123174875963,90,0.0
720630380016825387,90,0.05555555555555555
720699591845343037,90,0.1
721278212840875627,90,0.23333333333333334
721487824511193675,90,0.13333333333333333
721565118856581719,90,0.03333333333333333
721760093063991552,90,0.8333333333333334
722113802316533358,90,0.0
722237761357500270,90,1.0
722523760349911468,90,1.0
722673612218793306,90,0.0
722747987226993881,90,0.0
722800823777364248,90,0.5555555555555556
722925560574911869,90,0.35555555555555557
723025731187521597,90,0.6444444444444445
723059791008602593,90,0.0
723390900196937274,90,1.0
723448952928957990,90,0.7666666666666667
723634159939669206,90,0.07777777777777778
723635459201030051,90,0.7
724059914108340708,90,0.011111111111111112
724091761490581371,90,0.5777777777777777
724235319206742450,90,0.03333333333333333
724256865984802402,90,0.9777777777777777
724259289962066604,90,0.5888888888888889
724357698447078838,90,0.5888888888888889
724369892357215845,90,0.9777777777777777
724697222239308588,90,1.0
724870467201375923,90,0.32222222222222224
725013220570883566,90,0.9111111111111111
725047670251927953,90,1.0
725109427251790186,90,0.0
725406419818822997,90,0.1
725514529384129335,90,0.8444444444444444
725527451175280730,90,1.0
725772176640852079,90,0.4444444444444444
726163093206806472,90,1.0
726193277482106620,90,0.0
726219328065640855,90,0.8222222222222222
726249863519757980,90,0.0
726355180483179330,90,0.4111111111111111
726360609495364259,90,0.5777777777777777
726424562378769411,90,0.6111111111111112
726453422488416441,90,0.18888888888888888
726872291638979977,90,0.0
726942259962158305,90,0.08888888888888889
727028508131041088,90,0.28888888888888886
727097990160550546,90,0.8111111111111111
727298704010590834,90,0.08888888888888889
727361162018388465,90,0.08888888888888889
727644535947013690,90,1.0
727783055257141697,90,0.32222222222222224
727903467698510278,90,0.6888888888888889
728064227642487870,90,0.6666666666666666
728065356130340888,90,1.0
728417917853753995,90,0.0
728477267752644844,90,0.5777777777777777
728498289989126789,90,0.13333333333333333
728533444182342736,90,0.1
728558372541433568,90,1.0
728584676508875922,90,0.0
729136223297640750,90,0.24444444444444444
729168643928837589,90,0.17777777777777778
729295067075464906,90,0.8666666666666667
729372368557841105,90,0.011111111111111112
729644491637140916,90,0.9777777777777777
729872068434734026,90,1.0
729879921989243084,90,1.0
729933592973809865,90,0.03333333333333333
729953486786993097,90,0.0
730002747182521009,90,0.0
730559644700883993,90,0.17777777777777778
730568979612665871,90,0.011111111111111112
730607085168478919,90,0.0
730695736614492654,90,0.0
731212499543248043,90,0.5111111111111111
731240810978886256,90,0.12222222222222222
731280011168258953,90,0.05555555555555555
731412323844958002,90,0.36666666666666664
731675958818987307,90,0.28888888888888886
731974469558481913,90,0.15555555555555556
732304315015883637,90,0.9111111111111111
732371512932039178,90,0.07777777777777778
732772415335845110,90,0.0
733456033496259247,90,0.3
733619991276963980,90,1.0
733644188241905805,90,0.0
733784912685975702,90,0.0
734124037754875648,90,1.0
734179835598150026,90,1.0
734184304799475025,90,0.07777777777777778
734256745050563432,90,0.6111111111111112
734305723429860670,90,0.0
734380969375128314,90,0.03333333333333333
734428557622477051,90,1.0
734519288021282279,90,0.011111111111111112
735179194087061518,90,0.2111111111111111
735516670473757042,90,1.0
735599289930463731,90,0.7
735739351824472394,90,0.5
735962271820503694,90,0.5111111111111111
736350981261629642,90,1.0
736425230797666703,90,0.011111111111111112
736525312026760363,90,0.16666666666666666
736556774394150724,90,0.0
736662794700603909,90,1.0
736736026392736896,90,0.16666666666666666
736817956970073380,90,0.9111111111111111
737107653405489600,90,0.15555555555555556
737136890991515301,90,0.9333333333333333
737175473564586950,90,0.6222222222222222
737955554968278284,90,0.36666666666666664
738274184379284200,90,0.4888888888888889
738482124968068011,90,1.0
738515168351793089,90,1.0
738677866494534076,90,0.022222222222222223
738698659111946959,90,1.0
738856558609194054,90,0.12222222222222222
738913124327672550,90,0.6111111111111112
739554691999917841,90,0.0
739585065560534813,90,0.5333333333333333
740094718524355445,90,1.0
740254405183106129,90,0.15555555555555556
740288416832321017,90,0.0
740347709544261741,90,0.5777777777777777
740712166193462380,90,0.7555555555555555
740873284124736359,90,0.7
741045793813507325,90,1.0
741100233452098946,90,0.3888888888888889
741538589675976874,90,0.06666666666666667
741552128609959257,90,0.3111111111111111
741616965620097322,90,0.7333333333333333
741630856622950548,90,0.6111111111111112
741657129992529892,90,0.9888888888888889
741712783217613844,90,0.6
741718363339921130,90,1.0
741801901354136117,90,0.5333333333333333
742103033621986064,90,0.0
742128499998603942,90,0.15555555555555556
742223267984932110,90,0.5777777777777777
742297319475754510,90,0.07777777777777778
742307612696219516,90,0.0
742873547959264030,90,0.4666666666666667
742911117121284607,90,1.0
742930812461279567,90,1.0
742978760474232222,90,0.0
743009870988696813,90,0.6333333333333333
743017946567458725,90,0.9888888888888889
743122554774552139,90,1.0
743145315654760967,90,0.022222222222222223
743234191869228489,90,1.0
743657738329340873,90,0.8444444444444444
743785285353097517,90,0.43333333333333335
743821920505741275,90,0.13333333333333333
743992814232501727,90,0.2777777777777778
744317601160255748,90,0.2777777777777778
744354813480151717,90,0.8666666666666667
744375024659181792,90,0.26666666666666666
744383469611254686,90,1.0
744508789504346994,90,0.03333333333333333
744525750497644345,90,0.16666666666666666
744558053881324722,90,0.32222222222222224
744561771312591658,90,0.32222222222222224
744580281019299477,90,1.0
744693916494914302,90,0.7222222222222222
745063884677113399,90,0.5222222222222223
745112942833213042,90,0.6888888888888889
745148978342564883,90,0.7555555555555555
745155317862269473,90,0.9777777777777777
745182254886096529,90,0.32222222222222224
745253750397532828,90,0.13333333333333333
745380558564256555,90,0.0
745420708292030220,90,0.4666666666666667
745755906406646719,90,0.5555555555555556
745764753099496503,90,0.2777777777777778
745791005783508815,90,0.0
745833522358874131,90,0.0
745873873008266411,90,1.0
745937356374946751,90,0.0
745983480537475853,90,0.3333333333333333
746051449286606035,90,0.07777777777777778
746462946771932778,90,0.13333333333333333
746529599590077062,90,1.0
746540934752789221,90,0.36666666666666664
746602099757752323,90,1.0
746622711145904363,90,0.8666666666666667
746630427538044003,90,0.5222222222222223
746635337580048690,90,0.7333333333333333
746719704603938298,90,0.1111111111111111
746721435736213288,90,0.2
747162753577755121,90,0.9666666666666667
747482266426659994,90,0.0
747560259841294213,90,1.0
747890402864010566,90,1.0
748102898067482228,90,0.0
748165730965660811,90,0.0
748626299335521345,90,0.9888888888888889
748663399243574960,90,0.2111111111111111
748685151972674914,90,0.0
748867109065232612,90,0.16666666666666666
749020585894673093,90,0.022222222222222223
749321297966714275,90,0.0
749426087832084919,90,0.7555555555555555
749453000385348255,90,0.0
749568008265816877,90,0.13333333333333333
749713488572134788,90,0.2
749857093602042592,90,0.0
750207431858333173,90,0.3333333333333333
750325853310633874,90,0.13333333333333333
750355191322540123,90,0.08888888888888889
750492199776099881,90,0.07777777777777778
750654070637435878,90,0.0
750862360891280279,90,1.0
750924964268690632,90,0.022222222222222223
750946962719226701,90,0.9777777777777777
751036894696053722,90,1.0
751076511896917817,90,0.0
751126564008861880,90,1.0
751157472175135083,90,0.9777777777777777
751162444891076306,90,0.16666666666666666
751164150530393092,90,0.022222222222222223
751170663346810931,90,0.0
751714509022438228,90,1.0
751752385669031172,90,0.4444444444444444
751753302600586130,90,0.24444444444444444
752390971523478527,90,0.13333333333333333
752454280385348174,90,0.7111111111111111
752486118107138397,90,1.0
752651295928127258,90,0.2
753220371344031436,90,1.0
753232773960488192,90,0.022222222222222223
753237015944249491,90,0.8111111111111111
753393908355096922,90,0.5
753686253292104059,90,0.2111111111111111
753730588228864528,90,0.3111111111111111
753874144165917004,90,1.0
753882036906888121,90,0.9888888888888889
754007123800204952,90,0.5111111111111111
754081310309369691,90,0.45555555555555555
754099206435310507,90,0.45555555555555555
754112484224758911,90,0.45555555555555555
754123694352014445,90,0.0
754450849274421907,90,0.0
754459476552189257,90,1.0
754532423691278132,90,0.3
754568694965085872,90,0.14444444444444443
754682009385486078,90,0.37777777777777777
754701559911635712,90,1.0
754754800321810245,90,1.0
754784533123492442,90,0.5333333333333333
755217001128214764,90,0.022222222222222223
755299610325543958,90,0.35555555555555557
755346978769975789,90,0.0
755356271085703680,90,0.43333333333333335
755417343836884423,90,0.5222222222222223
755425880655683142,90,0.0
755443345304573311,90,0.13333333333333333
755510468032210774,90,0.28888888888888886
755561510812229951,90,0.8666666666666667
755566268074219368,90,0.0
755604361853112945,90,0.6888888888888889
755912113798518414,90,0.0
755974743651190693,90,0.3333333333333333
756080053422876824,90,0.0
756142353811849639,90,0.26666666666666666
756746158569798932,90,0.5555555555555556
756755991661847529,90,0.044444444444444446
756857313392948911,90,0.5333333333333333
756888312145928336,90,0.45555555555555555
756897003167369403,90,0.07777777777777778
756955349275274922,90,0.0
756995571160755386,90,0.3111111111111111
756998486928546476,90,0.23333333333333334
757103216392252260,90,0.4888888888888889
757177558091923500,90,0.0
757374954687132513,90,0.0
757434479897102762,90,0.022222222222222223
757549707156750762,90,0.3888888888888889
757718937226203495,90,0.022222222222222223
757927068042982640,90,0.9777777777777777
758148407253202203,90,0.15555555555555556
758252737137530939,90,0.4111111111111111
758794956827650319,90,0.07777777777777778
758958240666977647,90,0.8222222222222222
759018081668562378,90,0.13333333333333333
759493045474474471,90,0.022222222222222223
759735840013628857,90,0.0
760291265614208715,90,0.13333333333333333
760353729431281903,90,0.3
760354440193611471,90,0.7444444444444445
760356230862565275,90,0.022222222222222223
760358234447066283,90,0.0
760358951987380047,90,0.0
760386934586325612,90,0.03333333333333333
760388025653868035,90,0.7111111111111111
760478727484850816,90,0.0
760504323004797767,90,0.6777777777777778
760515438618607633,90,1.0
760548621573948318,90,1.0
760566896928730701,90,0.6333333333333333
760584219417762069,90,0.5444444444444444
760589665366753550,90,0.3333333333333333
760630811330929221,90,0.24444444444444444
760749599251722523,90,0.0
760925713501138365,90,0.5555555555555556
761135858803470586,90,0.5333333333333333
761153395936161436,90,0.03333333333333333
761190919748183227,90,0.7555555555555555
761193457559866080,90,0.0
761221353226113010,90,0.2222222222222222
761234800883892695,90,0.18888888888888888
761242305724484332,90,0.7111111111111111
761257303860769036,90,0.13333333333333333
761292578358592050,90,0.7
761293315277214104,90,0.07777777777777778
761314501596427849,90,0.13333333333333333
761339246554897775,90,0.28888888888888886
761344453202391306,90,0.6444444444444445
761354971175130912,90,0.08888888888888889
761523174696029262,90,1.0
761619659735038444,90,0.25555555555555554
761695597636173469,90,0.3333333333333333
761830705897281065,90,0.06666666666666667
761856114272014405,90,1.0
761998285108602273,90,1.0
762043089507709074,90,0.7111111111111111
762048687975517160,90,0.5333333333333333
762137281134263758,90,0.13333333333333333
762269663915545021,90,1.0
762511798008367198,90,0.0
762605700137687786,90,0.0
762649050841390616,90,0.2111111111111111
762721648961368685,90,0.03333333333333333
762770629705375293,90,0.23333333333333334
762992456669183645,90,1.0
763001351229728402,90,1.0
763016554489162668,90,0.36666666666666664
763286033214046056,90,1.0
763301576904199012,90,0.011111111111111112
763332060414309473,90,0.25555555555555554
763777330674448390,90,0.24444444444444444
763823988830992344,90,0.022222222222222223
763918909858245754,90,0.0
764001169288131103,90,0.7
764078713929244544,90,1.0
764114986418327099,90,0.12222222222222222
764149874923629060,90,0.8888888888888888
764188255094066375,90,0.13333333333333333
764230407403232948,90,0.23333333333333334
764236896668176222,90,0.4222222222222222
764598463922158203,90,0.5555555555555556
764710815576592000,90,1.0
764718098629251219,90,0.07777777777777778
764728546887723300,90,0.0
764739144606730704,90,1.0
764751024295293823,90,0.26666666666666666
764783392624545241,90,0.4888888888888889
764796328350365936,90,1.0
764797977098758809,90,1.0
764873168998671665,90,0.05555555555555555
764873942740234255,90,1.0
764902137470618649,90,0.24444444444444444
764954118646704831,90,0.5666666666666667
764956645522616667,90,1.0
765012716201632962,90,0.4666666666666667
765039957526995747,90,0.5222222222222223
765323719831750866,90,0.011111111111111112
765337162370556186,90,0.0
765417410586567169,90,0.16666666666666666
765426499193914518,90,1.0
765489201048452356,90,0.16666666666666666
765516385551280281,90,0.9777777777777777
765540616266484728,90,0.011111111111111112
765600651485081705,90,0.5555555555555556
765601018148256902,90,0.28888888888888886
765603508917529564,90,0.0
765728992259809814,90,1.0
765749274374761864,90,1.0
766102736280768195,90,1.0
766126264718675235,90,0.6555555555555556
766128595488908580,90,0.26666666666666666
766234293442648028,90,0.3111111111111111
766295811712332508,90,0.28888888888888886
766361395286257190,90,1.0
766631692436821839,90,0.6777777777777778
766654962505953904,90,0.011111111111111112
766702164313230433,90,0.6333333333333333
766786045058353360,90,0.35555555555555557
766827838859349519,90,0.5333333333333333
766957882206906260,90,0.6666666666666666
766983307120570885,90,0.05555555555555555
767009006865648241,90,0.3888888888888889
767017789390482014,90,0.0
767530368202959274,90,0.7777777777777778
767624711362701721,90,0.13333333333333333
767657446046172006,90,1.0
767733073537194536,90,0.07777777777777778
767816827406459845,90,0.28888888888888886
767837955912186022,90,0.0
767840041173679695,90,1.0
768210271663199475,90,0.0
768254618492855049,90,0.4111111111111111
768886998028765791,90,1.0
768905915219363281,90,0.0
768909718792718765,90,1.0
768919180396647564,90,0.45555555555555555
769128055483394289,90,0.8888888888888888
769198127607811190,90,1.0
769207881837832462,90,0.4111111111111111
769396061498195499,90,0.0
769795569080972997,90,0.24444444444444444
769853866832197468,90,0.06666666666666667
769910068708678169,90,0.4
769938113881404110,90,0.26666666666666666
769999626864318744,90,1.0
770014233374021308,90,0.7444444444444445
770048789270317339,90,1.0
770086223339955953,90,0.5555555555555556
770324797375884895,90,1.0
770397128048735318,90,0.0
770401995422337069,90,0.011111111111111112
770480411946221284,90,0.8333333333333334
770485144834358319,90,0.0
770557953051969800,90,1.0
770609142423579560,90,0.3888888888888889
770767224154944757,90,0.0
770767228742015118,90,0.13333333333333333
770796120302000311,90,0.13333333333333333
770802208781227218,90,0.13333333333333333
770811227756845789,90,0.13333333333333333
770815122297610261,90,0.15555555555555556
770964583992774319,90,0.36666666666666664
771186698771544178,90,0.45555555555555555
771212034945351018,90,0.06666666666666667
771220750615738510,90,0.03333333333333333
771308533200870093,90,0.06666666666666667
771428836524947218,90,0.0
771527098715869337,90,0.12222222222222222
771608203942106300,90,0.05555555555555555
771612359164366879,90,0.0
771978041339516726,90,0.022222222222222223
772101562500882877,90,0.6111111111111112
772105184048828383,90,1.0
772119338003292878,90,0.0
772193816904310615,90,0.2777777777777778
772266522321058654,90,0.03333333333333333
772599205803309506,90,1.0
772707157701170203,90,0.43333333333333335
772717239055813600,90,1.0
772751109526358759,90,0.26666666666666666
772779029760205156,90,0.4222222222222222
772812999432934438,90,1.0
772898946949434252,90,0.14444444444444443
773107499933366216,90,1.0
773305042907239685,90,0.35555555555555557
773340883285636622,90,0.8333333333333334
773374395024661349,90,1.0
773413577686982038,90,0.13333333333333333
773429816623191184,90,1.0
773502267800702900,90,1.0
773509247069454411,90,0.011111111111111112
773963418397696085,90,1.0
773963891947528124,90,1.0
774139862262193054,90,0.0
774197650705108268,90,0.0
774222001074091000,90,0.1
774287448663974120,90,0.9333333333333333
774297919599571663,90,0.0
774341583534251440,90,0.34444444444444444
774349163118585136,90,0.011111111111111112
774404704516487525,90,0.32222222222222224
774503475861761401,90,1.0
774717476267281959,90,0.011111111111111112
774810960458353277,90,1.0
774834704871102693,90,1.0
774875491663209022,90,0.011111111111111112
774895323479884559,90,0.6555555555555556
774908131713042784,90,0.15555555555555556
774910396580137449,90,0.0
774952730515053341,90,0.13333333333333333
774964834000144683,90,0.13333333333333333
774988303541548221,90,0.13333333333333333
775032316233448670,90,0.6555555555555556
775037834830194071,90,0.011111111111111112
775042988478377704,90,0.34444444444444444
775054031914051575,90,0.4444444444444444
775090036522627398,90,0.0
775295322947140121,90,1.0
775621639854292518,90,0.011111111111111112
775626029188406922,90,0.26666666666666666
775648894382182180,90,0.0
775688244193298938,90,0.8666666666666667
775781152137066823,90,0.13333333333333333
775806246053412393,90,1.0
775815334042980995,90,0.43333333333333335
775843628353282110,90,0.5
775876491191492760,90,0.7333333333333333
776039986465701381,90,0.4
776124945562720778,90,0.7111111111111111
776356246899301025,90,0.7555555555555555
776437442609207396,90,0.5333333333333333
776441078445130209,90,0.36666666666666664
776542012611308432,90,0.0
776583076742615748,90,0.13333333333333333
776934403044045692,90,0.7888888888888889
776981362239496493,90,0.35555555555555557
777023283124545336,90,0.0
777053138516256825,90,0.2111111111111111
777136222839583995,90,0.011111111111111112
777143737184908470,90,0.022222222222222223
777180325667142039,90,0.2777777777777778
777182110728919876,90,0.08888888888888889
777235145990947643,90,1.0
777281402463723453,90,0.5222222222222223
777294778291502335,90,1.0
777591876785831478,90,1.0
777663999974157217,90,0.0
777768150673156065,90,0.34444444444444444
777801955271279716,90,0.4
777856751326291808,90,0.022222222222222223
778046777704883965,90,1.0
778494254873988285,90,1.0
778505858049668937,90,0.17777777777777778
778540151504106188,90,0.4444444444444444
778718755090326722,90,0.0
778760890927159828,90,0.13333333333333333
778886177810509153,90,0.9222222222222223
778964293303872244,90,1.0
779194518166381635,90,0.28888888888888886
779312957006693034,90,0.8333333333333334
779332076448134846,90,0.0
779357323836322548,90,0.6333333333333333
779366279865181152,90,0.07777777777777778
779378123090553899,90,0.05555555555555555
779413974762626002,90,0.15555555555555556
779451071312827382,90,1.0
779596173511452220,90,0.0
779818215205582163,90,0.6333333333333333
779821616228701998,90,1.0
779987847025322755,90,0.7
780022613344388329,90,0.15555555555555556
780058773575589589,90,0.0
780063587572774271,90,0.17777777777777778
780079424564553322,90,0.5444444444444444
780141074216389981,90,0.2
780216464895615564,90,1.0
780271383975491009,90,0.0
780556089985377666,90,0.13333333333333333
780619769835226950,90,0.3888888888888889
780625593380439125,90,0.2222222222222222
780746263668374927,90,0.0
780746505990177333,90,0.28888888888888886
780795205286436076,90,0.0
780839980338552681,90,0.03333333333333333
780846138545390812,90,1.0
780873974589331575,90,0.0
781306545114016138,90,0.26666666666666666
781315166676140447,90,0.24444444444444444
781438885975922274,90,0.044444444444444446
781464499127433001,90,0.7666666666666667
781475447583519214,90,0.06666666666666667
781536014855964449,90,1.0
781564972640662831,90,0.6777777777777778
781683295866714075,90,0.0
781707997703497631,90,0.6111111111111112
781960835645394518,90,0.5888888888888889
781964073660143758,90,0.4777777777777778
781982727806956432,90,0.0
782000813242362921,90,0.5555555555555556
782061343638129441,90,0.011111111111111112
782286873643636023,90,0.7111111111111111
782302010694881258,90,0.8222222222222222
782386686701122173,90,0.23333333333333334
782412951627643011,90,0.25555555555555554
782730981083019823,90,0.9333333333333333
782778502484525123,90,0.7222222222222222
782888054590836607,90,0.36666666666666664
782912909409165204,90,0.5444444444444444
782970116601764948,90,0.5111111111111111
783004940907291775,90,0.15555555555555556
783241324940886024,90,0.43333333333333335
783452716819244878,90,0.5555555555555556
783683298678346473,90,0.4888888888888889
783703530196634222,90,1.0
783829096502298042,90,0.06666666666666667
783839523148457397,90,0.36666666666666664
784178467752355647,90,0.8666666666666667
784192200057530949,90,0.2111111111111111
784286491838574319,90,0.011111111111111112
784343075207029443,90,1.0
784394917890288208,90,1.0
784432726738005033,90,1.0
784472893593191423,90,0.9111111111111111
784568545868802583,90,0.05555555555555555
785004202405244060,90,0.5888888888888889
785040505646554570,90,0.05555555555555555
785080909526139073,90,0.7111111111111111
785198342784542084,90,1.0
785229169424116043,90,0.6111111111111112
785337170718075883,90,0.1111111111111111
785630369789474004,90,0.5
785634806554201819,90,1.0
785673596102045485,90,0.5444444444444444
785685362442601980,90,0.011111111111111112
785703627082136583,90,0.18888888888888888
785748429529901992,90,0.3333333333333333
785890985187628604,90,0.08888888888888889
786026758885093977,90,0.0
786278135835190182,90,1.0
786356661081183001,90,0.7222222222222222
786396431887102603,90,0.6888888888888889
786456426442537492,90,0.2777777777777778
786511256130805084,90,0.1111111111111111
786529760217383988,90,1.0
786578221373166388,90,0.0
786590887385091641,90,0.011111111111111112
786616555039509693,90,0.9444444444444444
786630369594319925,90,1.0
786632474924692654,90,0.15555555555555556
787073078716007803,90,0.6666666666666666
787074268623373563,90,0.9444444444444444
787093358669646590,90,1.0
787155013890018456,90,0.3888888888888889
787201501655873194,90,1.0
787287522141334315,90,0.7222222222222222
787690774115854585,90,0.0
787990214514833770,90,0.4111111111111111
788016305529908483,90,0.0
788034524935777193,90,0.2777777777777778
788067285847056880,90,0.0
788168398311769398,90,0.0
788567435017982982,90,0.23333333333333334
788695732962348822,90,0.022222222222222223
788892301887835974,90,0.9444444444444444
788941460002727964,90,0.0
789140116036625709,90,0.0
789146133204942868,90,0.0
789146237268357925,90,0.0
789359590644168892,90,0.4666666666666667
789364819688753946,90,0.0
789372323815716598,90,0.011111111111111112
789378189389924611,90,0.0
789379219568886917,90,0.0
789407800156366055,90,0.3111111111111111
789440570393201486,90,0.13333333333333333
789446976185928527,90,1.0
789546185963862568,90,0.07777777777777778
789624113475296062,90,0.0
789820860795337032,90,0.0
790042691109104836,90,0.0
790044383980141368,90,0.07777777777777778
790092342311479027,90,0.9777777777777777
790176042313343067,90,0.13333333333333333
790205554470029135,90,0.9888888888888889
790209516930496287,90,0.6777777777777778
790602765488672861,90,0.08888888888888889
790607305500629830,90,0.03333333333333333
790695496199743536,90,0.0
790744668014032882,90,1.0
790776884310340893,90,1.0
790780376529788009,90,1.0
790796356563660976,90,1.0
791001650995260778,90,0.24444444444444444
791084885701342671,90,0.8222222222222222
791302452321828273,90,0.0
791309528921422080,90,0.0
791316705003827661,90,0.0
791395477765488872,90,0.011111111111111112
791399949006714886,90,0.5
791410859007653032,90,0.0
791618752972907059,90,0.7888888888888889
791647000070892864,90,0.07777777777777778
792338581401363972,90,0.0
792500008917036362,90,0.0
792593866696820810,90,1.0
792644276250733328,90,1.0
792648864980434114,90,1.0
792684823200540380,90,1.0
793043786952111964,90,0.03333333333333333
793574080101495803,90,0.8555555555555555
793847524285029870,90,0.7111111111111111
793861329786314225,90,0.7777777777777778
793989299094021037,90,0.5222222222222223
794505797208240961,90,0.15555555555555556
794967217115474574,90,0.07777777777777778
795223613777909024,90,0.35555555555555557
795344470744685957,90,0.3333333333333333
795376027605265735,90,0.044444444444444446
795388401463207549,90,0.011111111111111112
795436831318465156,90,0.2
795517426496568590,90,1.0
795786579245018787,90,0.35555555555555557
795787542872635922,90,1.0
795845052633562335,90,0.5222222222222223
795866541353701537,90,0.07777777777777778
795918790159355824,90,0.3888888888888889
795958790787808289,90,0.6222222222222222
795966149013370469,90,0.2222222222222222
796513045517443870,90,0.8
796556933985433784,90,0.35555555555555557
796599904441900559,90,1.0
796647980939993317,90,0.32222222222222224
796676934076915578,90,0.8
797232172375757620,90,0.7333333333333333
797245556182288059,90,0.9777777777777777
797311662877008271,90,0.6555555555555556
797396778113830501,90,0.13333333333333333
797400116783135891,90,0.07777777777777778
797502764448359285,90,0.4777777777777778
797524669743799908,90,1.0
797592107950096381,90,0.12222222222222222
797896509520617351,90,0.7333333333333333
797918227781753842,90,0.0
797942328076964321,90,0.7
797974090795884388,90,0.9777777777777777
798026830109342004,90,0.24444444444444444
798144247113366793,90,1.0
798235491314981176,90,0.17777777777777778
798343724986405378,90,0.0
798902481253901161,90,0.7888888888888889
798933009383520323,90,0.7111111111111111
798933662168925202,90,0.0
799155915939231606,90,0.05555555555555555
799365243462121792,90,0.011111111111111112
799376734754125050,90,0.37777777777777777
799447522617501184,90,1.0
799593149986464189,90,0.5444444444444444
799622414554518123,90,0.4777777777777778
799714448952103256,90,0.011111111111111112
799751474041528320,90,0.3
800267824885620336,90,0.0
800394853013937746,90,1.0
800422572536179258,90,0.4111111111111111
800441425766988312,90,1.0
800874712282433130,90,0.16666666666666666
801176335161582835,90,0.7444444444444445
801181510458679755,90,0.26666666666666666
801330067380002610,90,0.0
801514367316148883,90,0.011111111111111112
801692360393839576,90,0.0
801801618697710096,90,0.9777777777777777
801959072893794739,90,0.13333333333333333
802124430378544996,90,0.9555555555555556
802292744062923809,90,0.0
802325996110739824,90,0.9333333333333333
802462469609238843,90,0.6777777777777778
802562849747806027,90,0.14444444444444443
802664256622330616,90,0.0
802684122280254390,90,0.7666666666666667
803103062027728737,90,1.0
803168400967583874,90,0.03333333333333333
803540276978641201,90,0.1
803648496555889111,90,1.0
803771325898412098,90,0.0
803989939947578013,90,1.0
804084552369782519,90,0.8333333333333334
804111477136959840,90,0.8333333333333334
804484305673094488,90,0.6
804668026144772949,90,0.0
805155945131892968,90,0.011111111111111112
805239702619642009,90,1.0
805251336776500285,90,0.24444444444444444
805255338352998168,90,0.011111111111111112
805281079638768175,90,1.0
805284054748785805,90,0.2
805289974286257455,90,0.2777777777777778
805941774867293224,90,0.18888888888888888
805958170903396137,90,0.6333333333333333
806096382609063193,90,1.0
806130398274121242,90,0.0
806632731383073402,90,0.1
806647680727500168,90,1.0
806662898535917104,90,0.044444444444444446
806682419044322742,90,0.32222222222222224
806827152672960709,90,0.011111111111111112
806878033454635747,90,0.1
806954813809975097,90,1.0
807036896238591821,90,0.0
807391796840770918,90,1.0
807755350998635897,90,0.25555555555555554
807758156193041288,90,0.35555555555555557
808244985133252536,90,0.1111111111111111
808260085511793660,90,0.6666666666666666
808262575565056173,90,0.28888888888888886
808265148887761977,90,0.0
808266529204949534,90,0.07777777777777778
808268372775072661,90,0.25555555555555554
808337834763703724,90,1.0
808378973892732384,90,0.16666666666666666
808384558846254254,90,0.3111111111111111
808864174978863003,90,0.6111111111111112
809005227100660441,90,0.7222222222222222
809013965529443984,90,0.16666666666666666
809042334906116376,90,0.4
809061565519019176,90,0.4111111111111111
809663109327421072,90,0.5
809691651356283175,90,0.011111111111111112
809938675776850346,90,0.28888888888888886
810485361275160074,90,0.2222222222222222
810576028609367555,90,0.24444444444444444
811027436842078596,90,0.9888888888888889
811111305702330889,90,0.5444444444444444
811234275387299680,90,0.07777777777777778
811740179523035046,90,0.3333333333333333
811850137852233200,90,0.0
811870398770241499,90,0.15555555555555556
811906340773919843,90,0.26666666666666666
811931562497238153,90,0.35555555555555557
812002817191363851,90,1.0
812269047184572144,90,0.07777777777777778
812438993971135593,90,0.4222222222222222
812585360891510611,90,0.8111111111111111
812675311755841021,90,0.0
812752567387447281,90,0.2222222222222222
812841719805721255,90,0.8222222222222222
812903123440616606,90,0.0
813103914990199158,90,0.2111111111111111
813231309896372397,90,0.3
813373121041289895,90,0.14444444444444443
813428796071757223,90,0.5111111111111111
813869347981506985,90,0.9888888888888889
814004416341279022,90,0.4444444444444444
814382968445132217,90,0.0
814627660176759729,90,0.9222222222222223
814669422668502103,90,0.5111111111111111
814744659212302505,90,0.32222222222222224
814760994097848244,90,0.0
814851879988521097,90,0.9666666666666667
815383667567437209,90,1.0
815441672114489671,90,0.022222222222222223
815574150063431401,90,0.0
815576649466427102,90,1.0
815589080088646315,90,0.2
815589084177144139,90,0.044444444444444446
815675299932760370,90,1.0
816000630804769257,90,0.17777777777777778
816030865397091010,90,0.37777777777777777
816054587759698217,90,0.0
816221964662035874,90,1.0
816223317076648257,90,0.0
816908922111152154,90,1.0
817051300347423262,90,1.0
817106823798586466,90,0.7111111111111111
817141867505686485,90,1.0
817692709329547299,90,0.06666666666666667
817758376097106498,90,0.7888888888888889
817816954219184700,90,0.7888888888888889
817923207089631764,90,0.022222222222222223
817931843543765324,90,0.0
818123958260334120,90,0.3888888888888889
818231478482387955,90,0.0
818568254084055155,90,1.0
819056267834748277,90,0.011111111111111112
819326595051661662,90,0.8222222222222222
819386667843644475,90,1.0
819653908032505108,90,0.011111111111111112
819781170644137836,90,0.4222222222222222
819799870251617142,90,1.0
819869574875804920,90,0.17777777777777778
819891180580290534,90,0.9
820136810043716551,90,0.06666666666666667
820555097978524693,90,0.13333333333333333
820599609961652138,90,0.5222222222222223
820700448838974048,90,0.7222222222222222
820705334016527112,90,0.7777777777777778
820722452767104119,90,0.26666666666666666
821117981936728686,90,0.2222222222222222
821205607490549345,90,1.0
821237435130629893,90,1.0
821266610432393345,90,0.6
821321777106701850,90,0.0
821344767426224691,90,0.17777777777777778
821367959745157980,90,0.35555555555555557
821403925775874689,90,0.011111111111111112
822040492017251465,90,0.12222222222222222
822049734075455642,90,0.0
822062879690906480,90,1.0
822103330127613559,90,0.05555555555555555
822183831929383071,90,0.5111111111111111
822185928572263211,90,0.022222222222222223
822228672441472343,90,0.1
822594894000065675,90,0.2222222222222222
822624518621978237,90,0.06666666666666667
822627541220554576,90,1.0
822655586150351976,90,0.9888888888888889
823061379189909729,90,0.0
823354058274912736,90,0.08888888888888889
823363128080951278,90,0.9111111111111111
823415990949351301,90,0.4777777777777778
823420316045864450,90,0.32222222222222224
823600631118363046,90,0.022222222222222223
823683050649514286,90,0.4222222222222222
823746605716640085,90,0.13333333333333333
824070214190929458,90,1.0
824141236138187117,90,0.28888888888888886
824289069222575939,90,1.0
824869101104683427,90,0.7222222222222222
824903407818559060,90,0.6333333333333333
825104709079691097,90,0.03333333333333333
825217209674273269,90,0.0
825524576821499246,90,0.4222222222222222
825633794892650674,90,1.0
825827616893713952,90,0.13333333333333333
825848698520282460,90,0.0
826303151110920054,90,1.0
826312341108310060,90,0.3
826337946165257022,90,0.5333333333333333
826854857257924554,90,0.1
826858755307623819,90,0.0
827005416275937635,90,0.15555555555555556
827066393285906260,90,1.0
827087821854715587,90,0.0
827093084214711885,90,0.6
827126938879010275,90,0.022222222222222223
827131093637105955,90,0.7111111111111111
827233661125359590,90,1.0
827341589110289276,90,0.34444444444444444
827553654759073817,90,1.0
827769385465996110,90,0.011111111111111112
828530498676415537,90,0.2
828565526895869623,90,0.022222222222222223
828578233324547611,90,0.0
828867778754104717,90,1.0
829008982222349419,90,1.0
829140809347618866,90,0.14444444444444443
829147797612191261,90,0.13333333333333333
829415655766606405,90,0.13333333333333333
829439154526868032,90,1.0
829480886705060970,90,0.26666666666666666
829785478574806904,90,0.4888888888888889
829855673121590952,90,0.1
829992592228153623,90,0.5666666666666667
830030513279458674,90,0.07777777777777778
830119206291404818,90,0.03333333333333333
830478782744575631,90,1.0
830592934287696190,90,0.8777777777777778
830612873936375707,90,0.0
830751196526740400,90,0.011111111111111112
830875371674984165,90,0.8222222222222222
830900639878461645,90,0.0
830917721454575433,90,0.24444444444444444
831040233206545233,90,0.7666666666666667
831073401856204991,90,0.0
831184472271622738,90,0.7666666666666667
831424463812647062,90,1.0
831620967082219528,90,0.5777777777777777
831628420229374548,90,0.07777777777777778
831637539784501551,90,0.14444444444444443
831966666029656515,90,0.0
832062415278901074,90,0.26666666666666666
832071252154433303,90,0.0
832704517058268534,90,0.7555555555555555
833068005506135758,90,0.0
833084837414816961,90,0.0
833414542921202083,90,1.0
833564040039083794,90,0.13333333333333333
833788846983631848,90,0.6333333333333333
833792216088760653,90,0.35555555555555557
835059013897147334,90,0.0
835144563299644936,90,1.0
835166100638386251,90,0.5333333333333333
835229944622248449,90,0.36666666666666664
835231914323443695,90,0.1
835469231878799511,90,0.3111111111111111
835618572821085924,90,0.7111111111111111
835651701176554763,90,0.7
835685131909373938,90,0.0
835685204818195187,90,0.022222222222222223
835799150121643544,90,0.3111111111111111
835883585279898281,90,0.25555555555555554
836061279099121129,90,0.7111111111111111
836106040469173832,90,0.0
837111278813590884,90,0.12222222222222222
837195320426679829,90,0.0
837502046761486433,90,0.6666666666666666
837687612290960983,90,0.9111111111111111
837908583715975192,90,0.4666666666666667
837922655114024884,90,0.0
837966574416829055,90,0.0
837966686136171862,90,0.0
838083423098644601,90,0.8666666666666667
838215213603182546,90,1.0
838474326526996936,90,0.25555555555555554
838571624166621170,90,0.011111111111111112
838801362335090458,90,0.7666666666666667
839150905732727174,90,0.2222222222222222
839275372453713365,90,0.34444444444444444
839376723875565639,90,1.0
839418968642555957,90,0.7333333333333333
839529431469603852,90,1.0
839589228608181759,90,1.0
839632817525482673,90,1.0
839718674175964735,90,1.0
839725591989476339,90,1.0
840117117593042032,90,0.011111111111111112
840136168435283450,90,0.25555555555555554
840297051311733055,90,1.0
840409145268063066,90,1.0
840414960410244100,90,1.0
840690407076586515,90,1.0
840692145588354107,90,1.0
840718433250592096,90,0.4444444444444444
840738929263897107,90,0.2222222222222222
840861814261097282,90,0.6333333333333333
841062242205841777,90,0.15555555555555556
841485124284015773,90,0.0
841496601608024590,90,1.0
841563640714257569,90,0.0
841575632012841981,90,1.0
841579843511236040,90,1.0
841594314056868068,90,0.011111111111111112
841601842517712195,90,0.3888888888888889
841717954135101782,90,0.6333333333333333
841802196676985195,90,0.044444444444444446
842020622359905891,90,0.6555555555555556
842128439795742522,90,0.7444444444444445
842176340294655309,90,0.0
842178244793510520,90,0.08888888888888889
842212596966965676,90,0.0
842214624459340251,90,0.9666666666666667
842226191475880058,90,1.0
842278226933876203,90,1.0
842281381583289833,90,0.7666666666666667
842360834260780032,90,1.0
842499300551722539,90,1.0
842938275271680702,90,0.7777777777777778
843199872506699494,90,0.17777777777777778
843255696821004696,90,0.011111111111111112
843349260732749910,90,0.044444444444444446
843576420724430822,90,1.0
843578271968532816,90,0.08888888888888889
843687834623865217,90,0.45555555555555555
843793445371823715,90,0.0
843911768379655314,90,0.8333333333333334
844296438729941630,90,1.0
844328574561668293,90,0.022222222222222223
844335474737151891,90,0.0
844368128909206723,90,0.7777777777777778
844409236988338316,90,0.011111111111111112
844455549104560119,90,0.0
844523628370927790,90,1.0
845210992382302522,90,0.0
845369525571912491,90,1.0
845437979062052878,90,1.0
845878950571948152,90,0.36666666666666664
845936595986381722,90,1.0
845983592527170459,90,0.9888888888888889
846546720290505327,90,0.8222222222222222
846673486742624500,90,0.5111111111111111
846679456282803761,90,0.13333333333333333
847108722360819609,90,0.6444444444444445
847234740062793307,90,0.011111111111111112
847288674607972837,90,0.08888888888888889
847578372413207140,90,0.4
847584487040315848,90,0.24444444444444444
847589476342787634,90,1.0
847643218502348113,90,0.5333333333333333
847663974521925121,90,0.14444444444444443
847986643839541584,90,0.4111111111111111
848114485930000954,90,0.0
848175231132186671,90,0.011111111111111112
848216152391781048,90,1.0
848642943200395676,90,0.28888888888888886
848672585460089511,90,0.5222222222222223
848740613193737762,90,1.0
848769656501899657,90,0.0
848878142481997319,90,0.16666666666666666
849456334699466302,90,0.03333333333333333
849599796121816777,90,0.03333333333333333
849677761813484879,90,0.36666666666666664
849710262426522858,90,0.011111111111111112
849752466096489852,90,0.9555555555555556
850076718474061641,90,1.0
850118435951539590,90,0.16666666666666666
850217474196079746,90,1.0
850357612638658478,90,1.0
850449495402268683,90,0.0
850614275688152521,90,0.1111111111111111
850986967158626266,90,0.7777777777777778
851088415169187689,90,1.0
851117885164341275,90,0.9444444444444444
851596712342453893,90,0.0
851635499101273588,90,0.1
851648008484597722,90,1.0
851767039916464194,90,0.0
851770128965843790,90,1.0
852330506321170273,90,0.08888888888888889
852356379356611290,90,0.25555555555555554
852435548154997585,90,0.43333333333333335
852450219833385587,90,0.2111111111111111
852474681362222157,90,1.0
852555727465718787,90,1.0
853099298537580254,90,0.43333333333333335
853102780948947187,90,0.4222222222222222
853107590690722677,90,0.0
853194431552759215,90,0.4444444444444444
853345011458578181,90,0.0
853694716838730324,90,1.0
853839624205173029,90,0.17777777777777778
853988468793499562,90,0.23333333333333334
854072626117214606,90,0.7777777777777778
854159337883421836,90,0.05555555555555555
854590209473155639,90,0.011111111111111112
854594749195323665,90,0.1111111111111111
854722277181158458,90,1.0
854769324255762367,90,1.0
855169105528886946,90,0.5111111111111111
855184244809073282,90,0.0
855462623429031083,90,0.5888888888888889
855537485942027918,90,0.28888888888888886
855913257084117505,90,0.0
855934815055570533,90,0.23333333333333334
855942494931699561,90,0.07777777777777778
855946964533639577,90,0.17777777777777778
855947250797093636,90,0.13333333333333333
855955463932830222,90,0.05555555555555555
855976655808854323,90,0.7777777777777778
856007261640021682,90,0.35555555555555557
856048519432127400,90,0.13333333333333333
856073374636934913,90,0.12222222222222222
856680731934036279,90,0.0
856717386927074889,90,0.14444444444444443
856743345038869315,90,0.16666666666666666
856760513107138486,90,0.0
856798325202361221,90,0.07777777777777778
856833991323661884,90,0.7777777777777778
856921573700075280,90,0.8444444444444444
857021393421584858,90,0.8222222222222222
857060454424792672,90,0.0
857413654209728431,90,0.35555555555555557
857464223907700266,90,0.08888888888888889
857475472177991604,90,0.32222222222222224
857511907437345993,90,0.23333333333333334
857539680103402077,90,0.0
857619113998394097,90,0.03333333333333333
857746629504859356,90,0.03333333333333333
858115192501632283,90,0.08888888888888889
858261801655264317,90,0.011111111111111112
858299562072141910,90,0.2222222222222222
858317292997230882,90,0.0
858321737944494510,90,1.0
858346333801896045,90,0.24444444444444444
858421072272990919,90,0.4666666666666667
858855812134317711,90,1.0
858902783939311725,90,0.07777777777777778
858935547131809592,90,0.7444444444444445
858953061535173903,90,0.18888888888888888
858957795949555286,90,0.13333333333333333
858967947716362978,90,0.13333333333333333
858976114067402761,90,0.17777777777777778
858984257983013103,90,0.07777777777777778
858998052381859562,90,0.14444444444444443
859075097002248143,90,0.23333333333333334
859158280500922950,90,0.4444444444444444
859277093708289509,90,0.5666666666666667
859708594624174643,90,1.0
859807445250880681,90,0.044444444444444446
859808691065719156,90,0.2777777777777778
859898424946080662,90,1.0
860236670863936450,90,0.08888888888888889
860236967157294320,90,0.13333333333333333
860281590767349389,90,0.3888888888888889
860514703433119150,90,0.17777777777777778
860561069338417866,90,0.6555555555555556
860622188815135028,90,0.0
860711580293793668,90,1.0
861006048488171483,90,1.0
861045677266556559,90,0.13333333333333333
861050244449983928,90,0.3
861053734782453463,90,0.03333333333333333
861084265787824589,90,0.05555555555555555
861197504697797702,90,0.6
861212767901839279,90,0.0
861232798184476072,90,0.011111111111111112
861252659852542427,90,0.011111111111111112
861269499461889241,90,0.7444444444444445
861328702257992497,90,0.4222222222222222
861343209486809718,90,0.4444444444444444
861378978231818996,90,0.0
861412113936500077,90,0.0
861698481027229439,90,0.37777777777777777
861808476805384957,90,1.0
862074906816078196,90,0.6333333333333333
862154444266180339,90,0.06666666666666667
862263792976983899,90,0.3333333333333333
862464919740451088,90,0.07777777777777778
862563924540239970,90,0.5
862594499466103178,90,1.0
862745245336361164,90,0.2111111111111111
862795148658053162,90,0.8777777777777778
862810236632875683,90,1.0
862824903516392595,90,0.0
862896370558048360,90,0.3888888888888889
863193867139817414,90,0.0
863196788212899381,90,0.9111111111111111
863202479505046751,90,0.022222222222222223
863310813956570343,90,1.0
863323817640222989,90,0.2222222222222222
863348574907276868,90,0.4
863380896061330869,90,0.5444444444444444
863553783949187529,90,1.0
863611954246268395,90,0.5777777777777777
863644259790476172,90,0.37777777777777777
863899800926364803,90,0.9777777777777777
864012012787069598,90,0.2111111111111111
864039466123140788,90,1.0
864078439797001211,90,0.0
864080977610010079,90,0.28888888888888886
864186358962438354,90,1.0
864230281069513115,90,0.07777777777777778
864618265226910892,90,1.0
864659934722115509,90,0.011111111111111112
864789070434209580,90,0.4
865043452792453889,90,0.0
865126500454839239,90,0.5222222222222223
865319627815260883,90,0.03333333333333333
865509096536270472,90,0.6555555555555556
865599518335209955,90,1.0
865604159965857419,90,0.06666666666666667
865624459080923223,90,0.4222222222222222
865649972982641538,90,0.0
865695947604179079,90,0.0
866118598550239564,90,0.36666666666666664
866217329293851743,90,0.03333333333333333
866257536037421216,90,1.0
866288821559265838,90,1.0
866373469225750523,90,0.1111111111111111
866447265591937811,90,0.36666666666666664
866846473554047998,90,0.13333333333333333
866850240298286262,90,0.23333333333333334
867028544601812726,90,0.12222222222222222
867069792177096222,90,0.34444444444444444
867078066500951487,90,0.022222222222222223
867173131790867409,90,0.16666666666666666
867558996585013405,90,0.07777777777777778
867593526028477084,90,0.0
867648356759163359,90,0.044444444444444446
867676272285999872,90,1.0
867715333591886471,90,0.011111111111111112
867833953436286128,90,0.4888888888888889
868412337941371390,90,0.13333333333333333
868426854201127795,90,1.0
868560755999597062,90,0.5
868657717556604123,90,0.6888888888888889
868680949390070171,90,0.0
869073384969730769,90,0.07777777777777778
869084150061877164,90,1.0
869105632981088608,90,0.022222222222222223
869106573322766257,90,0.4888888888888889
869111846353362655,90,0.03333333333333333
869121397291067294,90,0.0
869143033538419780,90,1.0
869183303673830456,90,0.0
869284171094713463,90,0.0
869342450101577435,90,0.16666666666666666
870012115225345512,90,0.0
870611166406079829,90,0.3
870633836223866367,90,0.15555555555555556
870739972620201407,90,0.6444444444444445
870894075358440026,90,0.044444444444444446
871293863536398712,90,0.7888888888888889
871296825284522581,90,0.05555555555555555
871300628510441173,90,0.17777777777777778
871314815100255649,90,1.0
871322772260779050,90,1.0
871391022139099369,90,0.4444444444444444
871400488228671365,90,0.011111111111111112
871484457796303378,90,0.0
871916036099535675,90,1.0
872098974866245696,90,0.13333333333333333
872306689826789271,90,0.022222222222222223
872350869369637415,90,0.9666666666666667
872678362443639178,90,0.0
872808191907726969,90,1.0
872906946213009013,90,0.17777777777777778
873060968780060181,90,0.5111111111111111
873386801331923244,90,0.06666666666666667
873389253683752578,90,0.3
873391901579883464,90,0.05555555555555555
873394152520563179,90,0.06666666666666667
873395743671629083,90,0.044444444444444446
873397796271255636,90,0.07777777777777778
873399247461393742,90,0.03333333333333333
873403230181098314,90,0.08888888888888889
873404648940549508,90,0.07777777777777778
873405554528048861,90,0.15555555555555556
873406998064220592,90,0.32222222222222224
873412836715399473,90,0.08888888888888889
873516467392911245,90,1.0
873535412058249343,90,0.28888888888888886
874105715431085713,90,0.0
874140677274352551,90,0.7333333333333333
874140817570584236,90,1.0
874184495796672648,90,0.9222222222222223
874229257642285030,90,0.6666666666666666
874327786241772580,90,0.4888888888888889
874340661903808778,90,0.26666666666666666
874374828360475734,90,0.34444444444444444
875046481600915502,90,0.24444444444444444
875196871645296226,90,0.13333333333333333
875626075803750723,90,0.17777777777777778
875749868096699388,90,0.022222222222222223
875881140710258707,90,0.03333333333333333
876327096311157949,90,0.5444444444444444
876338450987364625,90,0.8111111111111111
876366666939137151,90,0.36666666666666664
876370318998613053,90,0.2111111111111111
876387152433050290,90,0.3111111111111111
876453419378616094,90,0.18888888888888888
876522170628336741,90,0.35555555555555557
876618958363350714,90,1.0
876677325398017174,90,0.8333333333333334
876715670577348734,90,0.07777777777777778
876959133838136244,90,0.011111111111111112
877001912574713405,90,0.12222222222222222
877085514855058795,90,0.8444444444444444
877119566771525209,90,0.8444444444444444
877689710450020017,90,0.25555555555555554
877699247292785192,90,0.2222222222222222
877719675244534843,90,0.13333333333333333
877720313628387501,90,0.011111111111111112
877746229656118106,90,0.23333333333333334
877771755976973957,90,0.7888888888888889
877942119394858347,90,1.0
877960469810840785,90,0.5555555555555556
878077237612973597,90,0.011111111111111112
878087122683943914,90,0.07777777777777778
878452069664664706,90,0.0
878483917596979635,90,0.26666666666666666
878484669359609424,90,0.9
878551338704723716,90,1.0
878601810914019384,90,0.0
878835507848847683,90,0.3333333333333333
879108711095555974,90,1.0
879162275489752695,90,0.18888888888888888
879178443520186452,90,0.07777777777777778
879388669790993713,90,0.0
879441913960207463,90,1.0
879509753453282843,90,0.6222222222222222
879573266209919119,90,0.25555555555555554
879866819861391135,90,0.3888888888888889
879873705865310247,90,1.0
879891457204214543,90,0.07777777777777778
879956132627687619,90,1.0
879967978376168311,90,0.8333333333333334
880612709858690496,90,0.6888888888888889
880713236514676559,90,0.011111111111111112
880774096084786145,90,0.6
880807081935179665,90,0.6222222222222222
880843063011491462,90,0.5
880847396587362171,90,0.0
880982837939386020,90,0.6888888888888889
881027328225610034,90,0.23333333333333334
881027336161193029,90,0.26666666666666666
881027340434289069,90,0.5333333333333333
881208222965917881,90,1.0
881290549428928928,90,0.03333333333333333
881421824629140636,90,1.0
881509084114952355,90,0.35555555555555557
881561597131253282,90,1.0
881562231998212585,90,1.0
881589309161616429,90,0.2
881604945166731342,90,0.1111111111111111
881966834434659271,90,0.0
881987904498707053,90,0.044444444444444446
882047692323431527,90,0.5444444444444444
882066605040066815,90,1.0
882158732719966962,90,0.0
882234642745182477,90,0.0
882421499965782530,90,1.0
882824195683149518,90,0.011111111111111112
882832487481443960,90,0.0
883038084835855275,90,0.0
883072396380394743,90,0.0
883092484205921912,90,0.5222222222222223
883613285106703839,90,0.0
883664982441669870,90,0.0
883700515859345393,90,0.0
883709521301319913,90,0.0
883776799828362727,90,1.0
883867228564663201,90,0.23333333333333334
884302758483789963,90,0.022222222222222223
884365997965566747,90,1.0
884408979620068465,90,0.2111111111111111
884418406636866949,90,0.16666666666666666
884446909334873750,90,0.12222222222222222
884596670912805950,90,0.3111111111111111
884641933710366670,90,0.1
885083164257742152,90,0.06666666666666667
885122418488783945,90,0.011111111111111112
885308148689842128,90,0.5444444444444444
885672121458633577,90,0.8
885677741731391975,90,1.0
885738712094911600,90,0.4
885792718919905115,90,0.022222222222222223
885837562843851025,90,1.0
885846471727754967,90,1.0
886015429165472085,90,0.9333333333333333
886034312814835567,90,0.9777777777777777
886038263283630626,90,0.9888888888888889
886043095215569326,90,1.0
886126805676631331,90,0.08888888888888889
886427250878141452,90,0.24444444444444444
886529338901741626,90,0.2
886554437667789656,90,0.13333333333333333
886605085171000096,90,0.14444444444444443
886685471394974730,90,0.15555555555555556
886881786148290552,90,1.0
887102238806855555,90,0.4777777777777778
887184571374784764,90,0.0
887241443419855244,90,0.26666666666666666
887538172053449955,90,0.7666666666666667
887610683544182737,90,0.5333333333333333
887966793525405652,90,0.8555555555555555
887995153148982262,90,1.0
888020034363236532,90,1.0
888045587730843617,90,0.26666666666666666
888174431355783262,90,0.7666666666666667
888189189267911884,90,0.0
888546673849824285,90,0.5
888560928139420490,90,0.9333333333333333
888576339854198357,90,0.07777777777777778
888771428967617970,90,0.6333333333333333
888796118562824551,90,1.0
888798990159791311,90,0.07777777777777778
888925243376497414,90,0.2777777777777778
889248978778237397,90,0.1111111111111111
889275872046467815,90,0.32222222222222224
889304418256640720,90,0.08888888888888889
889342466745865622,90,0.17777777777777778
889428729498473846,90,0.0
889451246192480124,90,1.0
890135190507860395,90,0.6888888888888889
890178271365232953,90,0.4888888888888889
890181828592708786,90,1.0
890186927482581429,90,0.28888888888888886
890197869849115785,90,1.0
890240312662238830,90,1.0
890800667424938537,90,0.34444444444444444
890908018395554471,90,0.2
890920137811787710,90,0.18888888888888888
890953362285128934,90,1.0
891012567467303474,90,0.0
891407837330100791,90,1.0
891436437180937052,90,0.28888888888888886
891460973079684254,90,0.5444444444444444
891502363514788912,90,0.2111111111111111
891521089414166932,90,0.28888888888888886
891557268757019485,90,1.0
891580540340786011,90,0.0
891580792901982176,90,0.7777777777777778
891621318955579482,90,0.5333333333333333
891722470111658736,90,0.0
891799275569266909,90,0.34444444444444444
892213897168048135,90,0.0
892224970873880880,90,0.2111111111111111
892240753744037013,90,1.0
892283415177362695,90,0.7111111111111111
892338704244047145,90,0.45555555555555555
892354671564112744,90,0.07777777777777778
892363086087678546,90,0.0
892536625239658000,90,0.28888888888888886
892538265116127114,90,0.011111111111111112
892571571189030141,90,0.0
892937710909058041,90,0.15555555555555556
892996285801322099,90,0.36666666666666664
893121782146956205,90,0.6
893127726315773729,90,1.0
893170671147671730,90,0.6333333333333333
893215794380286212,90,0.0
893241363725280646,90,0.07777777777777778
893246598879714480,90,0.1111111111111111
893275993657587592,90,0.0
893285656315604865,90,0.32222222222222224
893730856254505893,90,0.6222222222222222
893839981229953479,90,0.022222222222222223
894097369555204629,90,0.34444444444444444
894203377344138184,90,0.5444444444444444
894323297141244395,90,1.0
894406398749858307,90,0.18888888888888888
894449249982464781,90,0.15555555555555556
894500571713884154,90,0.03333333333333333
894611722312517301,90,1.0
894738974862343347,90,0.2
894848502360397217,90,0.35555555555555557
895072274015558736,90,1.0
895694454150551013,90,0.0
895801016967002394,90,0.011111111111111112
895916612749701192,90,0.2222222222222222
895986415601215217,90,0.08888888888888889
896568817395767625,90,0.0
896614255746238064,90,0.1
896715037333664505,90,0.0
896728718884929721,90,0.8444444444444444
896758690660202345,90,1.0
896851967253400414,90,0.35555555555555557
896863096906040894,90,0.8111111111111111
896874504553531161,90,0.0
896896319891031019,90,1.0
896901094022791389,90,0.6
896987585577013944,90,1.0
897091468029421467,90,0.0
897337357981784180,90,0.34444444444444444
897343218256631622,90,1.0
897437391042726934,90,0.3
897439758291369500,90,0.13333333333333333
897502408670845629,90,0.8555555555555555
897571811042899329,90,0.0
897595830247508649,90,0.13333333333333333
898000939764189369,90,0.13333333333333333
898010803449525187,90,0.13333333333333333
898037450203806306,90,0.1
898079850232148577,90,0.022222222222222223
898161744924980948,90,0.7666666666666667
898163596872176538,90,0.4444444444444444
898266443216790961,90,0.0
898283581150827098,90,0.0
898298483540929165,90,0.0
898725802554231906,90,0.011111111111111112
898734344154977036,90,0.2222222222222222
898785169491899656,90,0.13333333333333333
898797068089313672,90,0.6444444444444445
898809750447532847,90,0.0
898842293199592633,90,1.0
898991371179853817,90,0.5444444444444444
899249037460844496,90,0.7888888888888889
899481951127866642,90,0.03333333333333333
899484377399501311,90,1.0
899615148529267829,90,0.0
899730284035558985,90,0.6111111111111112
899769849949588798,90,0.2
900185532429770583,90,0.05555555555555555
900425248513804837,90,0.07777777777777778
900538200212400000,90,0.0
900863065228898084,90,1.0
901204677395905112,90,0.6555555555555556
901233469042237198,90,0.3333333333333333
901262713080278758,90,0.0
901291790965681597,90,0.28888888888888886
901292240630566724,90,0.011111111111111112
901396902037093809,90,0.0
901624777811095209,90,0.14444444444444443
901626993680998004,90,0.06666666666666667
901631663617939142,90,0.05555555555555555
901693522847370066,90,1.0
901850427301006799,90,0.07777777777777778
902005387730468307,90,0.26666666666666666
902018206882959217,90,0.13333333333333333
902248629188749456,90,0.28888888888888886
902294912058126398,90,0.24444444444444444
902455983692228272,90,0.011111111111111112
902618811263016455,90,0.5777777777777777
902638425823076230,90,0.13333333333333333
902654828936541242,90,0.2222222222222222
902671322201218491,90,0.15555555555555556
902695701114894413,90,1.0
903103728706823973,90,0.3888888888888889
903127506560400234,90,0.32222222222222224
903264340291936405,90,0.03333333333333333
903499229169960606,90,1.0
903715282636540266,90,1.0
903856801118797317,90,0.5777777777777777
903994392231674053,90,0.6
904083836097784003,90,0.0
904630659136346625,90,0.011111111111111112
904660425437890108,90,0.7222222222222222
904691079770751820,90,0.011111111111111112
905341218171745855,90,0.4222222222222222
905488679103717976,90,0.6111111111111112
905589698313117065,90,0.28888888888888886
905919331312823606,90,0.7111111111111111
906067906063315896,90,0.18888888888888888
906294006112180740,90,0.011111111111111112
906307444910272443,90,0.6111111111111112
906653442464491046,90,0.32222222222222224
906688650475677230,90,0.1
906740325185303171,90,0.011111111111111112
906827351175346026,90,0.0
906954629717537645,90,1.0
906956526607320389,90,0.5555555555555556
906996527855222430,90,0.8111111111111111
906997661486555174,90,0.3333333333333333
907039855631321102,90,0.8222222222222222
907048827928216229,90,0.5111111111111111
907077619932231671,90,0.05555555555555555
907093364960816140,90,0.7
907103039139998614,90,0.5
907594778469144137,90,0.0
907625480289808279,90,0.15555555555555556
907820032540955895,90,0.022222222222222223
907822167301902769,90,1.0
907858140144330108,90,0.28888888888888886
908164487721620161,90,0.3111111111111111
908426820743014268,90,0.7333333333333333
908451584673691116,90,0.07777777777777778
908536502671469891,90,0.6333333333333333
908574233474356177,90,0.4444444444444444
908718326508304642,90,0.0
909249109405523244,90,1.0
909498871283329685,90,0.36666666666666664
909570738581138421,90,0.08888888888888889
909597295936423109,90,0.8333333333333334
909622959345373182,90,0.15555555555555556
909713219621544280,90,0.35555555555555557
909834620060566202,90,0.0
910004465470857839,90,1.0
910448371276825485,90,1.0
910513071601906914,90,0.12222222222222222
910519047567277214,90,0.4222222222222222
910541730063339398,90,0.044444444444444446
911084160471586182,90,0.4666666666666667
911101239213648966,90,0.6333333333333333
911247141811186430,90,0.07777777777777778
911408341614416645,90,0.0
911776822553992977,90,0.13333333333333333
911901920149630894,90,0.0
911952278327552991,90,0.0
911993080110320933,90,0.1
912069513238501242,90,0.5222222222222223
912078026774222758,90,0.06666666666666667
912098118519983468,90,0.36666666666666664
912394363241122338,90,0.0
912425659845281303,90,0.7111111111111111
912428444284162359,90,0.13333333333333333
912521674821828258,90,0.022222222222222223
912563324119834567,90,0.9555555555555556
912636738555665032,90,0.1111111111111111
912639976957790377,90,0.23333333333333334
912714214324573854,90,0.26666666666666666
912755613193950884,90,0.022222222222222223
912858575481440359,90,0.34444444444444444
913232924219917483,90,1.0
913321898406933079,90,0.05555555555555555
913367795243182041,90,0.8444444444444444
913427830366333456,90,0.13333333333333333
913443005923190763,90,0.8
913466887235938690,90,0.0
913490871941560574,90,0.07777777777777778
913567429776572631,90,0.4
913947576494290625,90,0.6666666666666666
914013838204261658,90,0.7222222222222222
914031958438254303,90,0.13333333333333333
914064823586151616,90,1.0
914093456121572495,90,0.8222222222222222
914152189177226975,90,1.0
914182653357039915,90,0.4666666666666667
914251784062469316,90,1.0
914268105266105616,90,0.13333333333333333
914280621730347931,90,0.9555555555555556
914309091684325900,90,0.07777777777777778
914691622210741262,90,1.0
914740675758292489,90,0.2777777777777778
914742102716242865,90,0.6777777777777778
914803703362979445,90,1.0
914818038308463774,90,0.06666666666666667
915047245317871736,90,0.36666666666666664
915048643639270255,90,0.34444444444444444
915428228168826599,90,0.9777777777777777
916112148817617953,90,0.6222222222222222
916117747070590723,90,1.0
916129862503255020,90,0.9666666666666667
916154949042906654,90,0.4777777777777778
916205526988424474,90,0.0
916297387256104757,90,1.0
916421523444487032,90,0.5
916447356365573632,90,0.011111111111111112
917022944881527321,90,1.0
917074531417068154,90,1.0
917187692294161373,90,0.3333333333333333
917212955476345827,90,0.3111111111111111
917237538021425810,90,0.4
917261042483567439,90,0.17777777777777778
917575230897221940,90,0.0
917578675471771952,90,0.9777777777777777
917641979333985319,90,0.022222222222222223
917666752212315008,90,0.0
917675108732463915,90,0.0
917677735760114630,90,0.0
917680544115201485,90,0.011111111111111112
917684309024308715,90,0.044444444444444446
917716711656257437,90,0.3888888888888889
917719783269818826,90,0.14444444444444443
917897931233690577,90,0.13333333333333333
918253554692353777,90,0.3888888888888889
918339008057198954,90,1.0
918350659746660558,90,0.022222222222222223
918444381406656266,90,0.7333333333333333
918702319429785388,90,0.044444444444444446
918723454525827582,90,0.3888888888888889
918863275735975684,90,0.5666666666666667
919171365383727184,90,0.0
919199950477500411,90,0.0
919241076943194062,90,0.36666666666666664
919300667612680084,90,0.43333333333333335
919389842321259741,90,0.9666666666666667
919487492076686865,90,1.0
919775829518839852,90,0.26666666666666666
919854093694393818,90,1.0
920039405281055743,90,0.13333333333333333
920396336696341357,90,0.6666666666666666
920518735020532356,90,0.32222222222222224
920596688715718146,90,0.37777777777777777
920678248639233546,90,1.0
920866003703963081,90,0.9444444444444444
921144552285090936,90,0.14444444444444443
921152780931844349,90,0.0
921181055615652047,90,1.0
921342220300793403,90,0.13333333333333333
921392316786279115,90,1.0
921525613907271877,90,0.2222222222222222
922038146873592147,90,1.0
922095620457841915,90,1.0
922144292733186701,90,0.9888888888888889
922637010028780034,90,0.37777777777777777
922726034810932904,90,0.5222222222222223
922765314986848512,90,1.0
922791029989920364,90,0.0
922799900231647464,90,0.5555555555555556
922828818718975795,90,1.0
923400943968746310,90,0.4888888888888889
923462483261227442,90,0.044444444444444446
923795215402137817,90,0.5222222222222223
923803922854429351,90,0.5333333333333333
923988882741925315,90,0.3333333333333333
924091274367308071,90,0.9222222222222223
924152133923318848,90,0.25555555555555554
924243548849269861,90,0.0
924266216695191204,90,0.0
924436155413208461,90,0.6666666666666666
924796379436675323,90,0.5222222222222223
924809280898067158,90,0.5222222222222223
924816442899906389,90,0.17777777777777778
924855847263147923,90,0.5222222222222223
924860687264620500,90,0.5666666666666667
924865636131960696,90,0.5333333333333333
924871652806710407,90,0.5666666666666667
925016654983042297,90,1.0
925075164135993321,90,0.0
925080960925401521,90,0.0
925095353507405164,90,1.0
925134396839698509,90,0.0
925145834310729050,90,0.0
925168165235211094,90,0.13333333333333333
925527425785665104,90,0.2
925628657380620807,90,0.17777777777777778
925842254089074590,90,0.3111111111111111
925951235060634541,90,0.17777777777777778
926473924572244906,90,0.011111111111111112
926505750178514436,90,1.0
926603017462768822,90,0.6
926635987137400244,90,0.9444444444444444
927018731857378144,90,0.0
927067236234291738,90,1.0
927082752472741186,90,0.5222222222222223
927083534127781816,90,0.5111111111111111
927096499032644211,90,0.43333333333333335
927113934253835100,90,0.24444444444444444
927116831855027370,90,1.0
927194897328115338,90,0.3888888888888889
927297004397944451,90,0.03333333333333333
927317515955363132,90,0.35555555555555557
927347043650981756,90,0.35555555555555557
927391097773174151,90,1.0
927470328576606943,90,0.011111111111111112
927478899937116793,90,0.24444444444444444
927615169917012332,90,1.0
927629977086387832,90,1.0
927814140286023212,90,0.05555555555555555
927833522111727224,90,1.0
927869507407151831,90,0.0
927933360357567761,90,0.8333333333333334
927955704141880383,90,0.9
927987735792531014,90,0.2
928051038350267488,90,0.0
928099214059741105,90,1.0
928437913750478617,90,0.0
928448480536098610,90,0.28888888888888886
928493886638398076,90,0.0
928501563474060153,90,0.9888888888888889
928519106385832226,90,1.0
928570650283550130,90,0.0
928650120882704670,90,0.5111111111111111
928688819838915319,90,1.0
928768203129732389,90,0.16666666666666666
928768769984190132,90,0.7555555555555555
928787584062861435,90,0.45555555555555555
929234316208356431,90,0.022222222222222223
929278121169826760,90,0.13333333333333333
929328428248121613,90,1.0
929330032888073181,90,1.0
929346467144917876,90,0.13333333333333333
929387913564014960,90,0.7
929480146065647567,90,1.0
929925157558600408,90,1.0
930068381051835305,90,1.0
930076660116222576,90,0.06666666666666667
930152838268624263,90,0.06666666666666667
930152975810726549,90,0.1
930153291688731091,90,0.03333333333333333
930167813682529427,90,0.9888888888888889
930201201071666520,90,0.23333333333333334
930797268312787267,90,0.03333333333333333
930844658295298809,90,0.9777777777777777
930864003194549011,90,0.4888888888888889
930967562130028197,90,0.5555555555555556
930983392299755432,90,0.25555555555555554
931303493997862489,90,0.6666666666666666
931558100356621084,90,0.9555555555555556
931578940396020487,90,1.0
931584205952900715,90,0.3333333333333333
931619649430921634,90,0.6666666666666666
932020183510551180,90,0.3
932054549590284910,90,0.9888888888888889
932098739070855996,90,0.15555555555555556
932149724043616029,90,1.0
932172413707215211,90,0.4888888888888889
932236792876037079,90,0.0
932243363401433909,90,1.0
932274274445054802,90,0.36666666666666664
932719456244482359,90,0.011111111111111112
932870079956898878,90,0.13333333333333333
932927560901139386,90,0.32222222222222224
932958849391547611,90,0.05555555555555555
933007336612619081,90,0.7555555555555555
933080478521688809,90,1.0
933080488169610729,90,0.5777777777777777
933186301248039060,90,1.0
933553634386161170,90,1.0
933574101285113111,90,0.0
933616869652755708,90,0.022222222222222223
933624751308781551,90,0.14444444444444443
933629504556158227,90,0.0
933637304390319949,90,0.6444444444444445
933662406200208188,90,0.9888888888888889
934232443255958548,90,0.7111111111111111
934361566759134678,90,1.0
934364570976335873,90,0.9777777777777777
934408572005011499,90,0.13333333333333333
934437702836497038,90,0.4444444444444444
934534270044751260,90,0.8111111111111111
934606881820132154,90,0.6555555555555556
934610426899279924,90,0.06666666666666667
934659970420350565,90,0.07777777777777778
934946152698293555,90,0.45555555555555555
934979199330346348,90,0.03333333333333333
935097510210159629,90,0.6333333333333333
935159876207485388,90,0.6888888888888889
935319055768217298,90,0.0
935432366248313524,90,1.0
935470296004409365,90,1.0
935584295118548149,90,0.3888888888888889
935622224112617597,90,0.022222222222222223
935842114669700609,90,1.0
936032311792215463,90,0.16666666666666666
936040867453077626,90,0.9111111111111111
936047623154360079,90,0.13333333333333333
936061123866048363,90,0.45555555555555555
936073892768021841,90,0.13333333333333333
936075634142004416,90,0.13333333333333333
936153809216875574,90,0.0
936350830091094269,90,1.0
936399843417335579,90,0.05555555555555555
936475857624663933,90,0.011111111111111112
936506781781651279,90,0.07777777777777778
936508493961877412,90,0.07777777777777778
936510045497009475,90,0.4666666666666667
936640135045983211,90,0.34444444444444444
936679243964641665,90,0.0
936726851854528801,90,0.35555555555555557
936820037228139061,90,0.7111111111111111
937225440125547737,90,0.0
937230779834369081,90,0.8666666666666667
937368754787198107,90,0.044444444444444446
937413363029746604,90,0.0
937457560856802917,90,0.0
937479515687454163,90,1.0
937520927746506240,90,0.7444444444444445
937531416037501550,90,0.4777777777777778
937885084862303227,90,0.13333333333333333
937900311021462483,90,0.7111111111111111
937959758217587468,90,0.7
937991754363576857,90,0.8666666666666667
938045484167531800,90,1.0
938101773170914941,90,0.13333333333333333
938590164345286545,90,0.0
938595054143906035,90,1.0
938609662084187669,90,0.7
938611511042390545,90,0.6555555555555556
938662617305547679,90,0.7666666666666667
938700294177371517,90,0.5
938717008348173043,90,0.7555555555555555
938729047569220431,90,0.7333333333333333
938835638423364268,90,0.0
938973767482283089,90,1.0
939004563588379785,90,0.25555555555555554
939418875675750477,90,0.3111111111111111
939446179789263570,90,1.0
939472813467154897,90,1.0
939645198412217198,90,0.5666666666666667
939699644098907590,90,0.34444444444444444
939967122286571087,90,0.022222222222222223
940235662631945981,90,0.6
940387278822077529,90,0.26666666666666666
940761249876660383,90,0.011111111111111112
940769143134754185,90,0.044444444444444446
941069127113015156,90,1.0
941139695150689698,90,0.0
941553273199854489,90,0.1111111111111111
941665313744478848,90,0.13333333333333333
941682534074658708,90,1.0
941858498139306563,90,0.011111111111111112
942144537265814984,90,1.0
942355479477079795,90,0.0
942365023578845384,90,1.0
942487330092760060,90,0.0
942561784066410468,90,0.7444444444444445
942924539224799717,90,0.2
942973167435692866,90,0.34444444444444444
943023881050070345,90,1.0
943094691551656457,90,0.8555555555555555
943115299582755150,90,0.4888888888888889
943207210134209643,90,1.0
943216273781277447,90,0.0
943302649620976815,90,1.0
943304588621754674,90,0.5
943703370445979120,90,0.6666666666666666
943715603500190084,90,1.0
943883048698921875,90,1.0
944416172331600937,90,0.0
944419062958629475,90,0.0
944465144667330588,90,0.03333333333333333
944526855957699878,90,1.0
944661955550513880,90,0.5333333333333333
944665762552290781,90,0.32222222222222224
944692214964482321,90,0.13333333333333333
945216569477746615,90,0.9
945309380721017477,90,0.08888888888888889
945874404206345034,90,1.0
945878601120410290,90,0.3333333333333333
945882597555469338,90,0.8888888888888888
945885116432521263,90,0.12222222222222222
945886987652427889,90,1.0
946079751633320197,90,0.3111111111111111
946112492873063789,90,0.0
946135966896345299,90,0.1
946228399656886014,90,0.0
946285389813664199,90,1.0
946465571394509293,90,0.8222222222222222
946622636690532613,90,0.0
946702108192284715,90,1.0
947384714784409861,90,0.8444444444444444
947503992913266964,90,0.17777777777777778
947909552133688805,90,0.022222222222222223
947951590844810237,90,0.0
948006338374097675,90,1.0
948009762926833884,90,0.022222222222222223
948054094520027661,90,0.011111111111111112
948190865551462634,90,1.0
948197416490496847,90,0.4777777777777778
948199960013884318,90,0.0
948216622729916203,90,1.0
948303066346847664,90,0.0
948403994002187480,90,0.011111111111111112
948411973577998983,90,0.011111111111111112
948421281032328609,90,0.011111111111111112
948422869132930303,90,0.011111111111111112
948424084916470956,90,0.011111111111111112
948425128778926241,90,0.011111111111111112
948426267614544759,90,0.011111111111111112
948427406558936509,90,0.011111111111111112
948428379081601491,90,0.011111111111111112
948429351402049000,90,0.011111111111111112
948430301553980216,90,0.011111111111111112
948847214121152518,90,0.37777777777777777
948890403778304244,90,0.0
948900953871890614,90,0.4777777777777778
948904618245492568,90,0.03333333333333333
948926103937420297,90,0.3888888888888889
948991406599687826,90,0.0
949151348094980130,90,0.12222222222222222
949522331934969093,90,0.0
949562606304486258,90,1.0
949586927081247218,90,1.0
949599211070675765,90,0.8777777777777778
949701208120203915,90,0.23333333333333334
949762768953205989,90,1.0
949823194563491429,90,0.3111111111111111
950106469787937821,90,0.7777777777777778
950206077259621813,90,0.8444444444444444
950243078187617198,90,0.8555555555555555
950484682343649434,90,0.9555555555555556
950532145368249864,90,0.8111111111111111
950568038737377922,90,0.7888888888888889
950947522875486380,90,0.8333333333333334
951250710078503739,90,0.5777777777777777
951580726549374197,90,1.0
951607289852712714,90,0.6555555555555556
951610496429592496,90,0.9777777777777777
951635161047227171,90,1.0
951646508890988191,90,0.8444444444444444
951720159358279025,90,0.9
951727999233882346,90,1.0
951804545952447004,90,1.0
951931707705594950,90,0.4222222222222222
952327418628637060,90,0.25555555555555554
952377309193647048,90,0.7111111111111111
952430152686076313,90,1.0
952432130247593040,90,0.32222222222222224
952547927971652369,90,0.03333333333333333
952695006894824592,90,1.0
952706154949911847,90,0.28888888888888886
953075093597913861,90,0.03333333333333333
953124918262735868,90,0.1111111111111111
953199408441543872,90,0.08888888888888889
953398145933066543,90,0.7555555555555555
953399569227104625,90,0.08888888888888889
953860219023249222,90,0.35555555555555557
953915272220410110,90,1.0
954004432768152270,90,0.1
954549566242046381,90,0.24444444444444444
954584040778108210,90,0.011111111111111112
954610651525318483,90,0.1111111111111111
955386436206269346,90,0.3888888888888889
955470878948038269,90,0.0
955517178775088050,90,0.0
955522260550591412,90,0.0
955547104825418084,90,0.5
955567780380795025,90,0.3111111111111111
955854477680645597,90,0.03333333333333333
955946713052618876,90,0.0
956027555309656947,90,0.011111111111111112
956160521022062082,90,0.07777777777777778
956200287167731721,90,0.022222222222222223
956671089394783940,90,0.0
956768761297485185,90,0.13333333333333333
956848613369518709,90,0.011111111111111112
956965962703524083,90,0.4
956966101492642135,90,0.5888888888888889
956985783425577175,90,0.1111111111111111
957007422309942239,90,0.0
957041994900269952,90,0.15555555555555556
957262716552778895,90,1.0
957576234982902321,90,0.8555555555555555
957598312364384522,90,0.23333333333333334
957624566186680827,90,1.0
957681559744072154,90,0.5222222222222223
957697845282691891,90,1.0
957751569119140716,90,0.24444444444444444
957769662230570676,90,0.7666666666666667
957800814850281279,90,0.13333333333333333
958071519733290910,90,0.7222222222222222
958144620609843988,90,1.0
958160619493614883,90,0.37777777777777777
958176461543136206,90,0.07777777777777778
958211315056800989,90,0.17777777777777778
958242289119748363,90,1.0
958267369677255909,90,0.5888888888888889
958375017390943446,90,0.0
958518367651337568,90,0.6888888888888889
958522536167957705,90,0.0
958531700030191949,90,0.4222222222222222
958545826150303444,90,0.4222222222222222
958553343552642451,90,0.011111111111111112
958563491826630487,90,0.0
958892324665800050,90,0.5666666666666667
959022346494861071,90,0.022222222222222223
959073513891570239,90,0.8222222222222222
959085703562511288,90,0.0
959547065632754446,90,0.28888888888888886
959620708303922141,90,0.2222222222222222
959627722615193473,90,0.8333333333333334
959632923957728376,90,0.2222222222222222
959706287263738055,90,0.0
959768104271091031,90,0.15555555555555556
959838410502861974,90,0.05555555555555555
959943704992775870,90,0.9777777777777777
960025759772253914,90,0.0
960292254370552815,90,0.9555555555555556
960304452788165073,90,0.23333333333333334
960317087653417495,90,0.3888888888888889
960374168369856376,90,0.7111111111111111
960386001673212920,90,0.43333333333333335
960428716112800790,90,0.37777777777777777
960482253223436102,90,0.15555555555555556
960521237270104654,90,0.6444444444444445
960552617821970366,90,0.9777777777777777
960555402852631973,90,0.011111111111111112
961059701651587067,90,1.0
961068230953115847,90,0.37777777777777777
961071602019927562,90,1.0
961084693501365635,90,1.0
961125566428447443,90,0.4444444444444444
961180515353193402,90,0.3
961224312591220813,90,0.4222222222222222
961224653959800234,90,0.28888888888888886
961243414826415836,90,0.17777777777777778
961394421366886122,90,0.4888888888888889
961661727328666439,90,0.7777777777777778
961715720298997350,90,0.7444444444444445
961797415826104702,90,0.5666666666666667
962036619480039240,90,1.0
962314806181026803,90,0.4666666666666667
962490438567833829,90,0.0
962555063790697770,90,1.0
962570060504741907,90,0.03333333333333333
962592369615665369,90,0.12222222222222222
962680024404408773,90,0.3
962717151236261702,90,1.0
962734628586369806,90,0.8666666666666667
962763991165341971,90,0.0
962801651199411287,90,0.2777777777777778
962808144390027193,90,0.25555555555555554
962811426282488736,90,0.0
962852363727460814,90,0.07777777777777778
962888772067236910,90,0.3333333333333333
963147978932155037,90,0.0
963333095430940508,90,0.0
963333802651600359,90,0.16666666666666666
963380399994650663,90,0.011111111111111112
963958528603854552,90,0.6888888888888889
963976889206796872,90,0.28888888888888886
964047544670833840,90,0.6444444444444445
964066940868971706,90,0.07777777777777778
964080858004557568,90,0.15555555555555556
964545953512415549,90,0.35555555555555557
964640020443302826,90,1.0
964676868947822685,90,1.0
964748405813965834,90,0.06666666666666667
964776456555967298,90,0.13333333333333333
964983153059646048,90,0.6222222222222222
964992207932425169,90,1.0
965022911931745392,90,0.011111111111111112
965054151941581778,90,0.43333333333333335
965059423622659930,90,0.0
965068613185857446,90,0.5888888888888889
965077046742737540,90,0.4888888888888889
965388049034732564,90,0.4444444444444444
965596462618247755,90,0.2
965653421122250084,90,0.044444444444444446
965701601716122644,90,0.8333333333333334
966300713683618546,90,0.6888888888888889
966342359899842617,90,0.6222222222222222
966350280877019514,90,1.0
966459209031979670,90,0.9888888888888889
966576070748321717,90,0.011111111111111112
967010084664454008,90,0.2222222222222222
967219273187338465,90,1.0
967225868709326793,90,0.5111111111111111
967571973450864544,90,0.23333333333333334
967576326997923827,90,0.13333333333333333
967672301699861507,90,0.044444444444444446
967689378777906000,90,1.0
967711414328567817,90,0.3
967756223102065060,90,0.16666666666666666
967962039070410388,90,0.6777777777777778
968386020924638011,90,0.14444444444444443
968500391921526022,90,0.5555555555555556
968579281275405310,90,0.07777777777777778
968715044258739094,90,0.4666666666666667
969015903800007851,90,0.43333333333333335
969034296747573416,90,0.6222222222222222
969153233105584952,90,1.0
969174680352497008,90,0.15555555555555556
969202338046984295,90,0.13333333333333333
969256955242477422,90,0.5
969306704669608815,90,0.45555555555555555
969329453447675375,90,0.37777777777777777
969353017739388362,90,1.0
969402442360682391,90,0.6444444444444445
969741947139695524,90,0.24444444444444444
969780160432441127,90,0.16666666666666666
969799322084161302,90,1.0
969898244874672122,90,1.0
969958969852056053,90,0.044444444444444446
970453998393501987,90,0.12222222222222222
970454379400527070,90,0.7333333333333333
970492881585509507,90,0.0
970584694694001653,90,1.0
970625389942756271,90,0.4777777777777778
970648385167503974,90,1.0
970714799373601418,90,0.8111111111111111
970763114284703762,90,0.8111111111111111
970852851727524122,90,0.0
970853029779962191,90,0.7111111111111111
970922932814407778,90,1.0
971209400391352654,90,1.0
971978253619708633,90,0.07777777777777778
972056357296049979,90,1.0
972082593623317605,90,0.13333333333333333
972128987536951989,90,0.2222222222222222
972209054064964429,90,0.4888888888888889
972297221083834343,90,0.45555555555555555
972300796865959071,90,0.12222222222222222
972308810576770146,90,0.35555555555555557
972615007318629984,90,0.23333333333333334
972615146607501478,90,0.13333333333333333
972682323407120835,90,0.0
972691261983063316,90,0.0
972782565024865105,90,1.0
972870125810181643,90,0.9777777777777777
972882390169141357,90,0.0
972900739430279133,90,1.0
972902779658666604,90,0.9888888888888889
972977425533341875,90,0.6111111111111112
972985681264587879,90,0.32222222222222224
973276444841377428,90,0.011111111111111112
973553789183048932,90,0.0
973572723955910010,90,0.0
973630922424268631,90,1.0
973688037568783450,90,0.2
973691253529781490,90,0.9777777777777777
974103703767716674,90,0.0
974156968470012619,90,0.022222222222222223
974173910517136176,90,0.3333333333333333
974251639040541947,90,0.0
974308501425275058,90,0.18888888888888888
974324403798781417,90,1.0
974336624733899611,90,1.0
974342748224801630,90,0.0
974480941122511980,90,0.7777777777777778
974566673235338026,90,0.0
974683454129735019,90,1.0
974786390015483575,90,1.0
974822631944531669,90,0.022222222222222223
974830662224601472,90,0.5777777777777777
974894510328890233,90,0.0
974933743376191864,90,1.0
974975319556227559,90,0.05555555555555555
974997840990156865,90,0.12222222222222222
975020962331883909,90,0.07777777777777778
975352790029135251,90,0.6444444444444445
975526413804718817,90,0.2222222222222222
975557507631824653,90,0.9888888888888889
975750563494894116,90,1.0
975924783583536726,90,0.7111111111111111
975978933027909152,90,0.07777777777777778
976294524427559098,90,0.17777777777777778
976523022792758421,90,0.044444444444444446
976545391193997498,90,0.23333333333333334
976570546906830485,90,0.1
976649584951706442,90,0.3111111111111111
977065818778867437,90,1.0
977258238112058265,90,0.6444444444444445
977279257507185972,90,0.12222222222222222
977669385774712880,90,0.8111111111111111
977847091432626049,90,0.0
977872846086611168,90,0.32222222222222224
977892321018049557,90,0.36666666666666664
977914299635878001,90,0.13333333333333333
978072007105450185,90,0.0
978142948530806013,90,0.0
978432672285000316,90,1.0
978526210352846821,90,1.0
978605955908965761,90,0.05555555555555555
978606917463075211,90,0.16666666666666666
978609974038986863,90,1.0
978643325179195995,90,0.2111111111111111
978839725646230667,90,0.23333333333333334
979288914173495065,90,1.0
979320905121308024,90,0.1
979340740970128632,90,1.0
979355061158415103,90,1.0
979594684177944284,90,0.0
979800006184365414,90,0.7777777777777778
979898691665042642,90,1.0
979901687843361951,90,0.13333333333333333
979933361589034642,90,1.0
979936515619300910,90,0.3111111111111111
980007294966665255,90,1.0
980179437564531934,90,0.0
980578480524730115,90,0.0
980733086602300273,90,0.5666666666666667
980929567341460124,90,0.6222222222222222
981462746905414520,90,0.6666666666666666
981655761536612530,90,0.011111111111111112
981665480608814767,90,0.011111111111111112
981719515630206908,90,0.3111111111111111
981757028677298164,90,0.4888888888888889
981789523960534954,90,0.16666666666666666
982070769861928946,90,1.0
982137445252979373,90,0.03333333333333333
982263348212380209,90,0.12222222222222222
982315265869489163,90,0.13333333333333333
982557422516317033,90,0.28888888888888886
982577721446432415,90,0.43333333333333335
982804283837543909,90,0.05555555555555555
982824104121538682,90,1.0
982833485868363914,90,0.0
982847022105091406,90,0.5111111111111111
982943374168439339,90,0.4666666666666667
982971583726553340,90,0.4888888888888889
983213109038824737,90,0.36666666666666664
983400811929932611,90,0.9777777777777777
983411994179078502,90,0.0
983412544422779726,90,0.23333333333333334
983764853823605543,90,0.011111111111111112
983964630822232900,90,1.0
984212961387852721,90,1.0
984437578328137275,90,1.0
984485591721146486,90,0.011111111111111112
984825792500877709,90,0.26666666666666666
984845823285895405,90,0.1111111111111111
984990882710680163,90,1.0
985007682826361055,90,0.13333333333333333
985045771294601343,90,0.011111111111111112
985056318726546935,90,0.07777777777777778
985169834031789216,90,1.0
985191313683439757,90,0.9777777777777777
985194474928042593,90,0.9
985269388927163060,90,0.9555555555555556
985280339519696113,90,0.9111111111111111
985745900760312829,90,0.2111111111111111
985859101359165714,90,0.4444444444444444
985900665977105711,90,0.17777777777777778
985963561262124069,90,0.13333333333333333
986099323698862436,90,0.9666666666666667
986424834895337456,90,0.7666666666666667
986511813158575399,90,0.3888888888888889
986572199837161649,90,0.14444444444444443
986714086943513668,90,0.25555555555555554
986746654023868985,90,0.36666666666666664
987043670231054590,90,0.26666666666666666
987229911198383634,90,0.2
987286955215746260,90,0.5222222222222223
987553131181495719,90,0.0
987751485555726997,90,0.37777777777777777
987867026344062995,90,0.6888888888888889
987951903423124829,90,0.2
987954734245931707,90,0.03333333333333333
987991919582380406,90,0.9888888888888889
987997481165586871,90,1.0
988010366109279695,90,0.7777777777777778
988018118300628055,90,0.0
988044412961139440,90,1.0
988191966267854893,90,0.24444444444444444
988206937627276543,90,1.0
988220990463717296,90,0.5222222222222223
988320208562607897,90,0.12222222222222222
988386273807850079,90,0.17777777777777778
988559438125844397,90,0.022222222222222223
988590615423167411,90,0.07777777777777778
988607543031650045,90,1.0
988626406372642313,90,1.0
988719958092005124,90,0.2
988729230447560064,90,0.1
988742713831636805,90,0.4888888888888889
988870323017435806,90,0.2111111111111111
988897852556980982,90,0.2111111111111111
988924784836249191,90,0.45555555555555555
988944181170880555,90,0.011111111111111112
988992208105136001,90,1.0
989300891532326636,90,0.011111111111111112
989424350213960239,90,0.0
989439321439464402,90,0.0
989508294880949381,90,0.15555555555555556
989510169760153580,90,0.1
989541451819737657,90,0.2111111111111111
989589131147919748,90,0.35555555555555557
989633986389277959,90,0.0
989679231272161997,90,0.13333333333333333
989769116449853940,90,0.0
989958164861077262,90,0.0
990115879220781984,90,0.3111111111111111
990174788294059829,90,0.6777777777777778
990283406325982429,90,0.18888888888888888
990310727501841688,90,0.12222222222222222
990356227549610955,90,1.0
990777883523658648,90,0.044444444444444446
990936092411177198,90,0.7777777777777778
991392922905752211,90,0.0
991393006571375571,90,0.0
991393107101759061,90,0.5555555555555556
991424485805261366,90,0.022222222222222223
991783758259004479,90,0.3111111111111111
991875922536255072,90,1.0
992160621969222154,90,0.011111111111111112
992182452215707078,90,0.43333333333333335
992208432074710649,90,0.2222222222222222
992226544619904925,90,0.011111111111111112
992390238442770381,90,1.0
992869913431726911,90,1.0
992969105331359282,90,0.0
993030671991714775,90,0.15555555555555556
993160132855232825,90,1.0
993168067675699087,90,1.0
993206999180374005,90,1.0
993579673973982829,90,0.15555555555555556
993654093157122822,90,0.9444444444444444
993733001145574736,90,0.0
993750955356642683,90,0.6444444444444445
993777521052992635,90,0.0
993812349767206370,90,0.15555555555555556
993825978138062180,90,0.0
993829898867007888,90,0.25555555555555554
993905903709727165,90,0.9777777777777777
993908578224145827,90,0.43333333333333335
993925616450629396,90,0.9777777777777777
993926708008089522,90,1.0
993956627759440896,90,0.9888888888888889
993990765875019192,90,0.011111111111111112
993993147754834648,90,0.36666666666666664
994473870998032126,90,1.0
994481122033258310,90,0.011111111111111112
994536512567710939,90,0.2777777777777778
994560896702719022,90,1.0
994592128568654258,90,0.34444444444444444
994658845450327061,90,0.9888888888888889
995063510067234810,90,0.45555555555555555
995119130410033128,90,0.08888888888888889
995129518902194639,90,0.3333333333333333
995158061657395151,90,0.011111111111111112
995226730166431389,90,0.0
995262190386622359,90,0.35555555555555557
995327319674621470,90,1.0
995408752796510119,90,0.37777777777777777
995450929520282245,90,0.022222222222222223
995452315008114050,90,0.9777777777777777
995463658003631022,90,0.7111111111111111
996031887174374110,90,1.0
996488492297539908,90,0.3888888888888889
996777248644814638,90,0.7111111111111111
996794913670915896,90,0.9111111111111111
996857525129975903,90,0.1
996897863182804515,90,0.5666666666666667
996972574202484021,90,1.0
997187254783937445,90,0.044444444444444446
997354837016259898,90,0.0
997411115391270638,90,1.0
997551791154155673,90,0.4888888888888889
998143768798104646,90,1.0
998254669238348189,90,1.0
998286123064199261,90,0.0
998427575391569844,90,0.7444444444444445
998578480568981743,90,0.18888888888888888
998687508137408801,90,1.0
998727195055653017,90,0.6333333333333333
998748039185993794,90,1.0
998748887736454021,90,1.0
998799562818930235,90,0.15555555555555556
998905716906698618,90,0.13333333333333333
998965115021655467,90,0.05555555555555555
998996524147164097,90,1.0
999002543635575569,90,1.0
999061246527176507,90,0.03333333333333333
999076572957162252,90,0.36666666666666664
999168952759126630,90,1.0
999589133909375286,90,0.4111111111111111
999599322741073503,90,0.0
999610111382945473,90,0.32222222222222224
999641125624755734,90,0.14444444444444443
999707859354813024,90,0.15555555555555556
999924369972504029,90,1.0
1000174412352286237,90,0.6
1000189809952609819,90,0.0
1000371628270900030,90,0.36666666666666664
1000381045672049757,90,0.7666666666666667
1000427474276936816,90,0.6222222222222222
1000440449065949122,90,0.24444444444444444
1000462930395124197,90,0.4111111111111111
1000645850331278974,90,0.4666666666666667
1000887397637946959,90,0.03333333333333333
1000903884812820675,90,1.0
1000936376700807829,90,0.4111111111111111
1000943463944263570,90,0.13333333333333333
1001259022723555063,90,0.0
1001346469657986719,90,0.16666666666666666
1001655955870741263,90,0.9666666666666667
1001759700428360358,90,0.0
1001764777084292381,90,0.6
1001770569853931343,90,0.0
1001784610035259762,90,1.0
1002013387306693241,90,0.0
1002256781907126321,90,0.0
1002389413665313415,90,1.0
1002390489583056464,90,0.0
1002395636099772575,90,0.03333333333333333
1002472743991452574,90,0.8444444444444444
1002496296136805340,90,1.0
1003039555752148690,90,0.0
1003066471656717005,90,1.0
1003233045436526101,90,0.3333333333333333
1003250771139888045,90,0.0
1003358420872527031,90,1.0
1003448961385304472,90,0.15555555555555556
1003667522461357755,90,0.13333333333333333
1003734848656925279,90,0.13333333333333333
1003763996190734400,90,0.7111111111111111
1003778687807297102,90,0.0
1003791614325441506,90,0.06666666666666667
1003820013812757905,90,0.26666666666666666
1003861542533581968,90,1.0
1003928479468489305,90,0.1
1003985749720042092,90,0.0
1004008385507037076,90,0.12222222222222222
1004232278475931885,90,0.37777777777777777
1004319841944394624,90,1.0
1004516828978979734,90,0.0
1004590660050877627,90,0.12222222222222222
1004592928281257577,90,0.022222222222222223
1004618234704303305,90,0.07777777777777778
1004631078407647507,90,0.011111111111111112
1004787821883684853,90,0.4111111111111111
1005081684119480055,90,0.3333333333333333
1005121601041965315,90,0.18888888888888888
1005301370793745359,90,0.03333333333333333
1005437006860728762,90,0.37777777777777777
1005470880371233780,90,0.0
1005512215543132472,90,0.7333333333333333
1005517148956538993,90,0.08888888888888889
1005591499900474917,90,0.3111111111111111
1006004855072213951,90,1.0
1006037625700484696,90,0.6444444444444445
1006061786177358862,90,0.1111111111111111
1006243887365932032,90,0.0
1006640763021040950,90,0.4111111111111111
1006715183816172144,90,0.0
1006724694171462729,90,0.6555555555555556
1006728549343995437,90,1.0
1006746002353711791,90,0.011111111111111112
1006795189358513182,90,1.0
1006990577588136360,90,0.5666666666666667
1007422889242461754,90,1.0
1007426090362787619,90,0.2222222222222222
1007464745973455174,90,0.07777777777777778
1007598190184077993,90,0.7111111111111111
1007611305840864089,90,0.1
1007630838222576868,90,1.0
1007652018023071541,90,0.13333333333333333
1007818964034800987,90,0.06666666666666667
1008090679007842886,90,0.0
1008091861156195864,90,0.0
1008153711243483752,90,0.5666666666666667
1008197687393704562,90,1.0
1008213248458080648,90,0.32222222222222224
1008425968131710809,90,1.0
1008436794868690573,90,1.0
1008447954162917551,90,0.0
1008460880366921120,90,0.24444444444444444
1008850394572932709,90,0.0
1008891607955067962,90,1.0
1008901390685533792,90,1.0
1008901917256610939,90,0.07777777777777778
1008934153483682510,90,0.8111111111111111
1008991243000075521,90,1.0
1009034913301635469,90,0.14444444444444443
1009146512211651811,90,0.5
1009361067748193089,90,0.5888888888888889
1009563599477716391,90,0.28888888888888886
1009591021871042043,90,0.6333333333333333
1009607094367414995,90,0.23333333333333334
1009609302557333280,90,0.1111111111111111
1009639999801544454,90,0.3111111111111111
1009737478234166518,90,0.4222222222222222
1009802144070818388,90,0.9777777777777777
1009831814631233405,90,0.13333333333333333
1009880016384896942,90,1.0
1009887953849987751,90,0.7
1009914832625954592,90,0.2222222222222222
1009939332268421458,90,1.0
1010002288055078355,90,0.011111111111111112
1010281360917501592,90,0.0
1010424481310048495,90,0.0
1010432915404792630,90,0.5111111111111111
1010447906303471818,90,1.0
1010457844351279932,90,0.2222222222222222
1010481891766741688,90,0.4111111111111111
1010497382514781426,90,0.0
1010560712533817109,90,1.0
1010622159542505742,90,0.6444444444444445
1010732757204775371,90,0.28888888888888886
1011023661537483453,90,0.8111111111111111
1011034397553050618,90,0.6444444444444445
1011104681676612669,90,0.4777777777777778
1011173243476481469,90,0.13333333333333333
1011228987630181600,90,0.5555555555555556
1011427610721055401,90,0.3
1011485333421617357,90,0.12222222222222222
1012123531983352369,90,0.9888888888888889
1012129508754467212,90,0.5222222222222223
1012394145299111073,90,0.1
1012415460021657037,90,0.6888888888888889
1012426791493448907,90,0.022222222222222223
1012636123481602422,90,0.32222222222222224
1012639488811373380,90,0.2777777777777778
1012640869845836172,90,0.16666666666666666
1012815072944351272,90,0.7777777777777778
1012829596006751370,90,0.022222222222222223
1013231118642515504,90,0.5555555555555556
1013318130389497214,90,0.3888888888888889
1013366175394779309,90,0.0
1013490514942964751,90,0.4666666666666667
1013616815508204757,90,0.7333333333333333
1013654663806016397,90,1.0
1013941896171214575,90,0.0
1013978022439489105,90,0.07777777777777778
1014000569229493926,90,0.28888888888888886
1014030016574610086,90,0.28888888888888886
1014109762189675690,90,0.0
1014137934827008784,90,0.6222222222222222
1014170531427900220,90,0.0
1014179499777454397,90,0.011111111111111112
1014183122688364051,90,1.0
1014279860655348802,90,1.0
1014331697275077291,90,0.6444444444444445
1014643285605373247,90,1.0
1014647663375228116,90,1.0
1014688527147181548,90,0.0
1014716762129348457,90,1.0
1014722368034966752,90,1.0
1014771059410488323,90,0.6111111111111112
1014905871253440850,90,0.2111111111111111
1014943086398898860,90,0.13333333333333333
1014996245895237481,90,0.0
1014996957304608126,90,1.0
1015042356971197831,90,0.25555555555555554
1015318873733707523,90,0.5333333333333333
1015320586990650691,90,0.0
1015452108803535871,90,1.0
1015471516295254742,90,1.0
1015516977047659771,90,0.2
1015541990914108161,90,1.0
1015602034060417546,90,1.0
1015620572166999714,90,0.022222222222222223
1015626566057002549,90,0.17777777777777778
1015649288602228635,90,0.0
1015702401507017091,90,0.7333333333333333
1015722012805815125,90,0.011111111111111112
1015727177994972397,90,0.28888888888888886
1015741747204807578,90,0.0
1015770671092569090,90,0.5333333333333333
1016086427033744857,90,0.3
1016102932536292292,90,0.1
1016161452184857029,90,0.45555555555555555
1016224679904185823,90,0.2
1016319656316751496,90,0.022222222222222223
1016328439295949618,90,0.044444444444444446
1016352894436912062,90,0.14444444444444443
1016377149425714146,90,0.1111111111111111
1016423267061083821,90,0.2111111111111111
1016483412737381046,90,0.0
1016913616334993564,90,1.0
1017068655130403799,90,1.0
1017084371647136804,90,0.13333333333333333
1017277626509777308,90,0.5333333333333333
1017540503834223486,90,0.0
1017544772341992961,90,0.0
1017573903821046858,90,0.3333333333333333
1017660342820560114,90,0.35555555555555557
1017681380526978219,90,0.7111111111111111
1017682415458923447,90,0.0
1017774599332726364,90,0.0
1017948852967749554,90,0.15555555555555556
1018253559481556997,90,0.16666666666666666
1018340263578441334,90,0.0
1018360479161225168,90,0.13333333333333333
1018382535228627304,90,0.011111111111111112
1018401051780589600,90,0.7
1018437253629681649,90,0.7111111111111111
1018456233437711627,90,0.0
1018467830985388819,90,0.5111111111111111
1018509423980664518,90,0.011111111111111112
1018528079101162368,90,0.4111111111111111
1018574004444342568,90,0.0
1018579657356038742,90,1.0
1018602776820419497,90,1.0
1018981736914127658,90,1.0
1018989264514987087,90,1.0
1019207495122218708,90,0.4444444444444444
1019367062705216140,90,0.0
1019376226478543466,90,0.7111111111111111
1019785170813244032,90,1.0
1019915176964177100,90,0.4111111111111111
1020159314056319590,90,0.1111111111111111
1020481628575696409,90,0.16666666666666666
1020587233189595866,90,1.0
1020609545830601219,90,0.0
1020619124051208110,90,0.6888888888888889
1020702960564980953,90,1.0
1020808404254911532,90,1.0
1021130973113367001,90,0.4888888888888889
1021178596118064216,90,0.011111111111111112
1021219791651744629,90,0.3111111111111111
1021231035912270415,90,0.8777777777777778
1021261287916205204,90,0.011111111111111112
1021304914708333278,90,0.15555555555555556
1021338960253293796,90,1.0
1021513182969837647,90,1.0
1021973835140544670,90,0.13333333333333333
1022112129795142258,90,0.3
1022221203096089908,90,1.0
1022245603754108955,90,0.4888888888888889
1022630534816504462,90,0.7111111111111111
1022772617256284850,90,0.0
1022811138442624179,90,0.022222222222222223
1022816884880840039,90,0.5
1022949410466196469,90,0.5333333333333333
1023242941211226234,90,1.0
1023423837677349627,90,1.0
1023607177487977340,90,1.0
1023621137951833886,90,0.9333333333333333
1023656483035581264,90,0.4666666666666667
1024089250161966949,90,0.45555555555555555
1024093194200559466,90,0.24444444444444444
1024159417463399347,90,0.0
1024219177618889923,90,0.05555555555555555
1024257825509629205,90,0.4444444444444444
1024343628049428724,90,0.4111111111111111
1024380125124067323,90,1.0
1024383047617417546,90,1.0
1024410399138551503,90,1.0
1024547138846712767,90,0.0
1024635837226517970,90,0.18888888888888888
1024759348385656431,90,0.5666666666666667
1024767469492767932,90,0.3333333333333333
1024774348577665355,90,0.18888888888888888
1024786351350432599,90,0.5777777777777777
1024796012904660569,90,0.4
1024800172771525883,90,0.0
1024819104665294488,90,1.0
1024845248413793530,90,0.03333333333333333
1024852839033712695,90,0.06666666666666667
1024895869483376149,90,0.7777777777777778
1024932583120714859,90,0.0
1024945515510388268,90,0.044444444444444446
1024955411446171851,90,0.13333333333333333
1025015914264463631,90,0.26666666666666666
1025043961255547854,90,1.0
1025053435727594139,90,0.011111111111111112
1025075923987583658,90,0.43333333333333335
1025085453068405999,90,0.4
1025095255363225828,90,0.011111111111111112
1025100033894066653,90,0.7111111111111111
1025110205089169270,90,1.0
1025282707279990796,90,0.6888888888888889
1025319895949651029,90,1.0
1025531771499978259,90,1.0
1025639361930452120,90,1.0
1025639798971437863,90,0.9888888888888889
1025686115157267048,90,0.13333333333333333
1025689153575596293,90,1.0
1025721561602475155,90,0.7111111111111111
1025723851563230191,90,0.0
1025876295702522406,90,0.36666666666666664
1025932628099700473,90,0.5222222222222223
1025967366114001930,90,0.011111111111111112
1026197849442515998,90,0.0
1026222784057069936,90,0.022222222222222223
1026233654186240746,90,0.18888888888888888
1026246351389797092,90,0.9444444444444444
1026314157152067256,90,0.5444444444444444
1026315232823361463,90,1.0
1026347373321841596,90,0.4777777777777778
1026365086508810648,90,0.43333333333333335
1026383248461381862,90,0.7
1026394332982642252,90,0.7111111111111111
1026417787499839889,90,0.7666666666666667
1026427234798136631,90,0.7444444444444445
1026458838031123791,90,0.6111111111111112
1026492998474169128,90,0.4777777777777778
1026605059148551684,90,0.5222222222222223
1026624622735337597,90,1.0
1026677338828452185,90,0.34444444444444444
1027139912076192847,90,0.15555555555555556
1027145440689448778,90,0.16666666666666666
1027152008825279759,90,0.0
1027212440261238511,90,0.0
1027363980321160725,90,0.8444444444444444
1027883544070569962,90,0.07777777777777778
1027908406039793485,90,1.0
1027959946446320023,90,0.5111111111111111
1028033138288211412,90,0.3333333333333333
1028403627702613197,90,0.1
1028407164854437496,90,0.2777777777777778
1028417044556853002,90,0.5222222222222223
1028425021875310341,90,0.5111111111111111
1028430172391812715,90,0.6666666666666666
1028489137998152728,90,0.03333333333333333
1028495224246986064,90,1.0
1028496089063969280,90,0.4888888888888889
1028517917672731499,90,0.011111111111111112
1028631786602865561,90,1.0
1028632055253971708,90,0.14444444444444443
1028641693494660053,90,0.15555555555555556
1028705571156138105,90,0.05555555555555555
1028714584020668893,90,0.13333333333333333
1028748985147812337,90,0.18888888888888888
1028749167148896187,90,0.13333333333333333
1028755837613960694,90,0.8
1028760728632315711,90,1.0
1028780073679759649,90,1.0
1028819078456848746,90,0.3
1028878814831411505,90,0.0
1029196695289995183,90,1.0
1029274004828227457,90,0.0
1029317073143398339,90,0.5555555555555556
1029336186653204648,90,0.03333333333333333
1029364968397842805,90,0.34444444444444444
1029847170684985948,90,1.0
1029914529410183275,90,0.7
1029930391397224163,90,0.011111111111111112
1030020004069217014,90,0.6777777777777778
1030074013396975425,90,0.08888888888888889
1030169007620998366,90,1.0
1030171869153718415,90,0.011111111111111112
1030176920811969571,90,0.07777777777777778
1030191765810542374,90,0.3
1030247102942037517,90,0.1
1030301736339440731,90,0.7
1030501593775394587,90,1.0
1030624959899829397,90,0.37777777777777777
1030757512460226017,90,0.7555555555555555
1030759246201488910,90,0.4
1030822002416331413,90,0.0
1030870013004339121,90,0.1
1030894340630718790,90,0.044444444444444446
1030919225023416161,90,0.05555555555555555
1030924341553236386,90,0.0
1030928707312773124,90,0.06666666666666667
1030972771184129219,90,0.2222222222222222
1031361499422925879,90,0.6666666666666666
1031362915994602695,90,1.0
1031534128343348688,90,1.0
1031541545249740181,90,0.8444444444444444
1031542187877473597,90,0.13333333333333333
1031613254359258534,90,0.9555555555555556
1031641674568782313,90,0.14444444444444443
1031683805749360502,90,0.25555555555555554
1031685053454743674,90,0.7444444444444445
1031989136458900338,90,0.15555555555555556
1032063514167829833,90,0.5444444444444444
1032258593048087932,90,1.0
1032258603676026260,90,1.0
1032378391344943149,90,0.06666666666666667
1032398283070676576,90,0.011111111111111112
1032421141212695850,90,0.8
1032428454618036088,90,0.6444444444444445
1032469589125779101,90,0.7777777777777778
1032603073551627784,90,0.37777777777777777
1032770610753435148,90,0.15555555555555556
1032771611651194373,90,1.0
1032777492802842677,90,1.0
1032816474099015551,90,0.17777777777777778
1032881920873741081,90,0.6
1032930061439202902,90,0.3111111111111111
1032966326909784056,90,0.0
1033063336095634290,90,1.0
1033075940027678652,90,1.0
1033087367176811763,90,0.3111111111111111
1033135845409610576,90,0.4777777777777778
1033145332920717486,90,0.17777777777777778
1033558866457094489,90,0.4666666666666667
1033570804136149928,90,1.0
1033625273152281508,90,0.0
1033652670576215031,90,0.011111111111111112
1033659577179511081,90,1.0
1033677041884885096,90,0.4111111111111111
1033687770626204714,90,1.0
1033782971940545180,90,1.0
1034446471927259023,90,0.2222222222222222
1034471364555604872,90,0.011111111111111112
1034520588480612585,90,0.23333333333333334
1034549259651742660,90,0.3111111111111111
1034558045491437570,90,1.0
1034990324982573470,90,0.8111111111111111
1035051532169341064,90,1.0
1035059360319755722,90,0.24444444444444444
1035062836651522174,90,0.2111111111111111
1035080899114239180,90,0.011111111111111112
1035083398689755585,90,0.8555555555555555
1035113060366620589,90,0.5333333333333333
1035119118611474873,90,0.4111111111111111
1035161952461202942,90,0.37777777777777777
1035163895113071530,90,1.0
1035277249085037751,90,0.16666666666666666
1035350933977511150,90,0.3888888888888889
1035438907733274788,90,0.0
1035683040263402818,90,1.0
1035713987051805759,90,0.14444444444444443
1035738977081966620,90,1.0
1035771766994547830,90,0.0
1035846291291904568,90,1.0
1035848927051776130,90,0.36666666666666664
1035909912536338607,90,0.5666666666666667
1036390031667861616,90,0.28888888888888886
1036423101194057617,90,0.43333333333333335
1036531913284187389,90,0.9777777777777777
1036611203412946990,90,0.022222222222222223
1036652967004551078,90,0.15555555555555556
1036684507556263608,90,1.0
1036760283491785266,90,0.5111111111111111
1036763875319540422,90,0.07777777777777778
1036823055878693457,90,0.35555555555555557
1036840385690317996,90,1.0
1037043138997714278,90,1.0
1037110133478883695,90,0.011111111111111112
1037127205687576334,90,0.0
1037184946683846350,90,0.5
1037186619551498750,90,1.0
1037222541918014562,90,0.23333333333333334
1037287168532415936,90,0.6222222222222222
1037498607364337603,90,0.6
1037915091642788882,90,1.0
1038493195451060740,90,0.07777777777777778
1038502292762219013,90,0.8666666666666667
1038519135801155617,90,0.6111111111111112
1038628857542147575,90,0.7555555555555555
1038638574630996787,90,0.4444444444444444
1038653037134877898,90,0.3111111111111111
1038683494413298649,90,0.011111111111111112
1038684350673649472,90,0.011111111111111112
1038740698992649927,90,1.0
1038748232111112028,90,0.5888888888888889
1038827799683389226,90,0.022222222222222223
1038854218865163431,90,0.0
1038857585860824889,90,0.13333333333333333
1038880026301209524,90,0.25555555555555554
1038906548743821512,90,0.2777777777777778
1038959823865067893,90,0.03333333333333333
1039031597631838422,90,0.37777777777777777
1039106180569679897,90,0.15555555555555556
1039136385312567840,90,0.2111111111111111
1039201609356731678,90,0.0
1039317868735877850,90,1.0
1039321390385885029,90,1.0
1039373229950725609,90,1.0
1039374396395528545,90,0.08888888888888889
1039398148762032959,90,0.13333333333333333
1039414254896637975,90,0.7888888888888889
1039438651404943558,90,0.12222222222222222
1039438887789537076,90,0.4222222222222222
1039446033922262467,90,1.0
1039482416694309304,90,0.011111111111111112
1039488269502505974,90,0.28888888888888886
1039504353924760173,90,0.7222222222222222
1039555378872820934,90,0.5555555555555556
1039602908240817220,90,0.35555555555555557
1039643084990958890,90,0.022222222222222223
1039657429966570731,90,0.022222222222222223
1039670170533106546,90,0.45555555555555555
1039680593398125452,90,0.8444444444444444
1039739175561191476,90,0.4666666666666667
1039965506251919577,90,0.5222222222222223
1040095023601641758,90,0.3
1040149852292766056,90,0.0
1040197424410237581,90,0.4777777777777778
1040197674173514010,90,0.011111111111111112
1040237121655336595,90,0.43333333333333335
1040277921628737571,90,0.1111111111111111
1040311857470680505,90,0.34444444444444444
1040656275361588764,90,0.4888888888888889
1040692619937527694,90,0.8555555555555555
1040722541485586611,90,1.0
1040724394264579933,90,0.0
1040801775548941676,90,0.1111111111111111
1040823834837019844,90,0.07777777777777778
1040824309329824352,90,0.26666666666666666
1040826567413786869,90,0.3888888888888889
1040887153909360428,90,1.0
1040966441005171918,90,0.13333333333333333
1041084625218091118,90,1.0
1041086813937599499,90,0.05555555555555555
1041510656714140496,90,0.23333333333333334
1041566617664201232,90,0.28888888888888886
1041660131705968625,90,0.23333333333333334
1041757735052207883,90,1.0
1041811919686755640,90,0.022222222222222223
1042152110741569457,90,0.011111111111111112
1042271793071999576,90,0.3111111111111111
1042307433667467917,90,0.06666666666666667
1042363410021315332,90,0.3
1042363578774939375,90,1.0
1042495238730665715,90,0.15555555555555556
1042644117280269986,90,0.9555555555555556
1042843306295930867,90,0.022222222222222223
1042933156877158815,90,0.022222222222222223
1042935912227474464,90,0.4111111111111111
1043027029370341666,90,0.011111111111111112
1043035856255325978,90,0.8777777777777778
1043099250484204264,90,1.0
1043130026796566255,90,1.0
1043161984763091574,90,0.24444444444444444
1043174942355074070,90,1.0
1043192352103158184,90,0.4777777777777778
1043251069693923323,90,0.03333333333333333
1043264009965128649,90,0.08888888888888889
1043570078083833557,90,1.0
1043685124527268318,90,0.24444444444444444
1043695280800685198,90,1.0
1043713895675253299,90,1.0
1043734843459878842,90,1.0
1043790961357402570,90,1.0
1043851241802619649,90,0.011111111111111112
1043992009369240385,90,1.0
1043992886822021043,90,1.0
1043994665341853297,90,0.3111111111111111
1044010124361149186,90,1.0
1044043296826844429,90,1.0
1044046082618556075,90,0.23333333333333334
1044064924974791288,90,0.5666666666666667
1044365801794424837,90,1.0
1044372709921454201,90,0.28888888888888886
1044374980432141193,90,0.8666666666666667
1044401236722456949,90,1.0
1044440363828605263,90,0.022222222222222223
1044600387098011399,90,0.2
1044616749903441120,90,0.32222222222222224
1044706644472304873,90,0.16666666666666666
1044758167768583638,90,0.9555555555555556
1045131808710405628,90,0.5111111111111111
1045150570432819075,90,1.0
1045388146672969999,90,1.0
1045397115756700667,90,0.7777777777777778
1045426994158482247,90,0.0
1045462340913459394,90,0.8444444444444444
1045767597995488537,90,0.022222222222222223
1045784345890810973,90,0.45555555555555555
1045861138026650567,90,0.3333333333333333
1045885928418574159,90,0.4222222222222222
1046027541631568319,90,1.0
1046036386458494154,90,0.3333333333333333
1046060009897206220,90,1.0
1046067596760183495,90,0.37777777777777777
1046115277303491876,90,0.45555555555555555
1046131895879781008,90,1.0
1046147862979636128,90,0.0
1046559028294197537,90,0.06666666666666667
1046656723218875656,90,0.2111111111111111
1046690397564358208,90,1.0
1046702969345478702,90,1.0
1046712532195558065,90,0.022222222222222223
1046726359978327199,90,0.0
1046752610463289770,90,0.07777777777777778
1046799617468015926,90,0.2777777777777778
1046917265867276961,90,0.3333333333333333
1046976202687046594,90,0.07777777777777778
1047287591261402412,90,0.9222222222222223
1047404467320298792,90,0.5555555555555556
1047627452755176198,90,1.0
1047681718735536021,90,0.4666666666666667
1047980840418214514,90,0.25555555555555554
1047981285457816876,90,0.6333333333333333
1048017122196625732,90,1.0
1048082508750343284,90,0.2777777777777778
1048100952051965399,90,1.0
1048151060625124617,90,0.3
1048203525528573441,90,0.011111111111111112
1048259783662359686,90,0.4
1048280546907644444,90,0.011111111111111112
1048311359089557263,90,1.0
1048328357391777138,90,0.3888888888888889
1048330691641489528,90,0.011111111111111112
1048357282888835112,90,1.0
1048374638959114420,90,0.6111111111111112
1048436792461956984,90,0.0
1048510425364096692,90,1.0
1048777467092030973,90,0.7111111111111111
1048883513587258839,90,0.03333333333333333
1048900000725371276,90,0.23333333333333334
1048900005709066760,90,0.7777777777777778
1048900263706834693,90,0.03333333333333333
1048901425025197156,90,0.6333333333333333
1048922756254527754,90,1.0
1048949488812032241,90,1.0
1049075073110923266,90,1.0
1049080554552972368,90,0.03333333333333333
1049266999377991753,90,0.4222222222222222
1049473256746285241,90,0.0
1049505412545837595,90,1.0
1049520577262912736,90,1.0
1049526566190530008,90,1.0
1049609915903416070,90,0.5444444444444444
1049611704810444388,90,0.15555555555555556
1049625414897708048,90,0.05555555555555555
1049625879912648933,90,0.022222222222222223
1049625966335014777,90,0.5
1049626327599412402,90,1.0
1049651706211346918,90,0.3888888888888889
1049654837629437191,90,0.022222222222222223
1049728787034242635,90,1.0
1049752257176596915,90,0.3
1049783287015786445,90,0.011111111111111112
1049785016331906069,90,0.0
1049806408656384976,90,0.4777777777777778
1049806972273082758,90,0.4666666666666667
1049815675267651732,90,1.0
1049914660588816623,90,0.5444444444444444
1050070906735102415,90,0.34444444444444444
1050097902453238437,90,1.0
1050164598350388320,90,0.011111111111111112
1050183290573552158,90,0.1111111111111111
1050186856620942784,90,0.011111111111111112
1050223484780777539,90,0.4777777777777778
1050275057267047636,90,1.0
1050295186799549187,90,0.6444444444444445
1050315105269207194,90,0.5666666666666667
1050338027396118130,90,0.32222222222222224
1050350798799418823,90,0.13333333333333333
1050374287310068972,90,0.9777777777777777
1050383583195975842,90,0.13333333333333333
1050426073971735402,90,1.0
1050426291207144774,90,0.0
1050438718921443247,90,1.0
1050482386670094448,90,1.0
1050585564174777511,90,0.05555555555555555
1050595779590530090,90,0.011111111111111112
1050932247558692544,90,0.2
1050944846135441916,90,1.0
1051056742916562778,90,0.2222222222222222
1051116457360989730,90,1.0
1051707596318021889,90,0.2777777777777778
1051747810066167612,90,0.6
1051773078404762344,90,0.5666666666666667
1051796284922080549,90,0.36666666666666664
1051805598777002509,90,0.8666666666666667
1051898602714165479,90,1.0
1051905348193530642,90,0.7555555555555555
1052006815872949214,90,0.0
1052605415356169344,90,0.2
1053135672449166386,90,0.2222222222222222
1053151810612538768,90,0.4222222222222222
1053164048095161498,90,0.0
1053226679608879771,90,0.08888888888888889
1053372064100791480,90,0.4888888888888889
1053388822981852381,90,1.0
1053720479543665609,90,1.0
1053925445777299754,90,0.12222222222222222
1053958812571518378,90,0.5333333333333333
1054330438661137131,90,0.14444444444444443
1054395123664871620,90,1.0
1054395186493592100,90,0.0
1054530979477903971,90,0.3333333333333333
1054722593363248497,90,0.03333333333333333
1054727527583899738,90,0.044444444444444446
1055340557073849131,90,0.0
1055366241793741975,90,0.17777777777777778
1055367215057508602,90,0.14444444444444443
1055404420430011427,90,1.0
1055582292476474996,90,1.0
1055643482159753977,90,0.0
1055775813666230528,90,0.2222222222222222
1055908185278972825,90,1.0
1056027768154116457,90,0.7444444444444445
1056065720360998673,90,0.9777777777777777
1056084650950643771,90,1.0
1056113426809936473,90,0.011111111111111112
1056160111549906764,90,1.0
1056164118612436107,90,0.011111111111111112
1056271611085398859,90,0.24444444444444444
1056272057791321206,90,0.13333333333333333
1056885004464185939,90,0.3111111111111111
1056936473572477077,90,0.011111111111111112
1057139117074222815,90,1.0
1057657566276010205,90,0.3333333333333333
1057695913163298484,90,0.022222222222222223
1057753934603050258,90,0.4777777777777778
1058156807396010711,90,0.0
1058182469288236871,90,1.0
1058376694013684806,90,1.0
1058929548755121928,90,0.9777777777777777
1058946530493035890,90,0.7888888888888889
1059076253740616445,90,1.0
1059198929600383805,90,1.0
1059570537068704210,90,0.0
1059573890147438464,90,0.9888888888888889
1059639730982699757,90,0.14444444444444443
1059665418160939558,90,0.6777777777777778
1059720336800138104,90,0.6222222222222222
1059734382829290706,90,0.1
1059736875837633317,90,1.0
1059756456854319412,90,0.9111111111111111
1059770528305154427,90,0.28888888888888886
1059997518726494148,90,0.5333333333333333
1060084041479372388,90,0.9333333333333333
1060359139441389304,90,0.28888888888888886
1060383156778136199,90,0.15555555555555556
1060399582274716241,90,0.011111111111111112
1060469619442895069,90,0.06666666666666667
1060541712354728928,90,0.37777777777777777
1060608576385427216,90,1.0
1060757045797580787,90,0.23333333333333334
1061073267291099302,90,1.0
1061123241668404423,90,1.0
1061130308691618778,90,1.0
1061132704265243640,90,0.8666666666666667
1061160462846716834,90,1.0
1061194887839649845,90,0.5222222222222223
1061214830672912486,90,0.43333333333333335
1061342359989028332,90,0.5777777777777777
1061595986801008997,90,0.6555555555555556
1061764752281824179,90,0.0
1061853660851386401,90,0.18888888888888888
1061870385687105333,90,0.011111111111111112
1061921027179961191,90,0.9666666666666667
1061972118226598755,90,0.24444444444444444
1062124540399515719,90,0.6555555555555556
1062150382574170521,90,0.03333333333333333
1062939107824574955,90,0.6444444444444445
1063302989353028038,90,0.36666666666666664
1063326989309552724,90,0.9333333333333333
1063526501992948984,90,1.0
1063908466885434545,90,0.32222222222222224
1064023771289621492,90,0.3333333333333333
1064098421603052121,90,0.011111111111111112
1064145566900314083,90,0.43333333333333335
1064245927385881898,90,0.022222222222222223
1064264671888941340,90,0.0
1064266814072854624,90,0.03333333333333333
1064272180070164546,90,0.03333333333333333
1064279689085688972,90,0.0
1064280126132933536,90,1.0
1064293723646323846,90,0.07777777777777778
1064349041409162336,90,0.011111111111111112
1064638450931103581,90,1.0
1064639873280013601,90,0.4444444444444444
1064717401033565498,90,0.06666666666666667
1064740401694548288,90,0.5777777777777777
1064763874366741454,90,0.32222222222222224
1064793849481687430,90,1.0
1065057655584290468,90,0.07777777777777778
1065059017732564710,90,0.3333333333333333
1065400547570486837,90,1.0
1065474807192147356,90,0.16666666666666666
1065505116902686781,90,0.14444444444444443
1065514756726575678,90,1.0
1065569375597767171,90,0.4444444444444444
1065571114412026906,90,0.011111111111111112
1065654807899553521,90,0.5333333333333333
1065766295792914260,90,0.28888888888888886
1065792190048322582,90,0.011111111111111112
1065812988545169356,90,0.0
1066301863345929872,90,0.14444444444444443
1066425728116064523,90,1.0
1066481689075257678,90,0.07777777777777778
1066974236505670340,90,0.24444444444444444
1067121960850701404,90,0.8444444444444444
1067686765315010851,90,0.14444444444444443
1067762064066536799,90,0.13333333333333333
1068322054997636487,90,0.3333333333333333
1068343517643438397,90,0.36666666666666664
1068395435637945714,90,0.9
1068408800731325217,90,0.0
1068432862374269560,90,1.0
1068503012078373467,90,0.0
1069175972372217534,90,0.7888888888888889
1069200498119836770,90,0.05555555555555555
1069310369278807827,90,0.7888888888888889
1069348675081295932,90,0.011111111111111112
1069802238473084325,90,0.0
1069814172621627408,90,0.3
1069827823594545932,90,0.022222222222222223
1069865149575605124,90,0.1
1070612758020890810,90,0.8777777777777778
1070642097053782356,90,1.0
1070646043250279668,90,0.4222222222222222
1070730673047664762,90,1.0
1070790069388280074,90,0.37777777777777777
1070797843072274024,90,0.2
1070885574010730191,90,0.011111111111111112
1070949679150006646,90,0.13333333333333333
1071097315954549374,90,0.6777777777777778
1071171713321339561,90,0.12222222222222222
1071229908981982835,90,0.05555555555555555
1071279456503829907,90,0.1
1071295051743950452,90,1.0
1071468148057361130,90,1.0
1071496045033589239,90,1.0
1071573616087537162,90,0.011111111111111112
1071784611621089223,90,0.36666666666666664
1071810186331730014,90,0.4444444444444444
1071969045783298481,90,1.0
1072075688766538016,90,1.0
1072137587911230507,90,0.0
1072326335075956830,90,0.2111111111111111
1072752670209813131,90,0.0
1072895283974433189,90,0.4111111111111111
1072916028986702419,90,0.16666666666666666
1073406693185199858,90,0.0
1073491227936617556,90,0.13333333333333333
1073580587214625804,90,0.3333333333333333
1073585459295356967,90,1.0
1073675199812368205,90,0.5333333333333333
1073731702644202536,90,0.07777777777777778
1073753936517117028,90,0.011111111111111112
1073837798869580067,90,0.0
1074146826261258738,90,1.0
1074195678527049169,90,0.4
1074245143789028804,90,0.36666666666666664
1074263538957796808,90,0.011111111111111112
1074295118123214842,90,0.7222222222222222
1074555253213725276,90,0.08888888888888889
1074568038540671568,90,0.6444444444444445
1074703013648757142,90,0.011111111111111112
1074804945358229065,90,0.3
1074871507461879924,90,0.011111111111111112
1074927750530811102,90,0.011111111111111112
1074966384874076983,90,0.13333333333333333
1074980683674378651,90,0.2222222222222222
1075078157143727361,90,0.18888888888888888
1075116714952584879,90,0.9888888888888889
1075156614024167643,90,0.23333333333333334
1075181638217262627,90,0.3111111111111111
1075184174577647844,90,0.24444444444444444
1075236902857702807,90,1.0
1075247600226934939,90,1.0
1075272884870509251,90,0.13333333333333333
1075323609711047289,90,0.8444444444444444
1075327004725770814,90,1.0
1075470589006478574,90,0.0
1075641981503538425,90,1.0
1075744394916536581,90,0.8
1075757773315920035,90,0.2777777777777778
1075815517965409454,90,0.9777777777777777
1075918250562540013,90,0.1
1075919930882248475,90,0.8777777777777778
1076010103009765472,90,0.5555555555555556
1076077637148040475,90,0.45555555555555555
1076106012944908959,90,0.35555555555555557
1076292025653976790,90,1.0
1076390636742699943,90,0.8
1076406526589005505,90,0.0
1076409639652298865,90,0.16666666666666666
1076420311093418017,90,0.15555555555555556
1076420389774722329,90,0.0
1076434349789652722,90,0.0
1076442826461985799,90,0.03333333333333333
1076458707287388030,90,0.08888888888888889
1076613459230139430,90,1.0
1076786412342442339,90,1.0
1076795338744092073,90,1.0
1076869218722705788,90,1.0
1077079771014296735,90,0.7777777777777778
1077093874667850714,90,0.07777777777777778
1077115987961102452,90,0.011111111111111112
1077184856559514356,90,1.0
1077196951054298605,90,0.7333333333333333
1077212584036301670,90,0.2111111111111111
1077248670964535643,90,0.9
1077275514072551838,90,0.7111111111111111
1077357653979110194,90,1.0
1077422845420117425,90,0.35555555555555557
1077743927313040722,90,0.13333333333333333
1077808068789269351,90,0.0
1077808798370240350,90,0.32222222222222224
1077823847125911939,90,0.15555555555555556
1077908795018147061,90,0.011111111111111112
1078046603050282418,90,0.011111111111111112
1078071930146640443,90,0.0
1078100849139877118,90,1.0
1078392780756405152,90,0.43333333333333335
1078585020961084206,90,0.24444444444444444
1078606644914695348,90,0.13333333333333333
1078635492647009962,90,0.7333333333333333
1078766248687378617,90,0.3333333333333333
1078805142416189849,90,0.17777777777777778
1079250172323676993,90,0.022222222222222223
1079380805171104340,90,1.0
1079422517856449002,90,0.9333333333333333
1079457453319918006,90,1.0
1079562882210585528,90,1.0
1079580007187361058,90,1.0
1079838147652876308,90,0.011111111111111112
1079891030236301971,90,0.0
1079976687826767970,90,1.0
1080095273328877803,90,1.0
1080135756591520120,90,0.06666666666666667
1080256914454164154,90,0.1111111111111111
1080290057986822492,90,0.4
1080565703658993881,90,0.0
1080665979373207382,90,0.13333333333333333
1080784068419109214,90,1.0
1080793516285049630,90,0.011111111111111112
1080799294005788940,90,0.28888888888888886
1080933938179836710,90,0.1
1080980892125745992,90,0.9888888888888889
1081013344192686289,90,0.8666666666666667
1081015720363774955,90,0.0
1081271940600258563,90,0.4111111111111111
1081354287188959966,90,0.0
1081366857653214833,90,0.6333333333333333
1081406879688901677,90,0.05555555555555555
1081493621758478354,90,0.2222222222222222
1081508110792920984,90,0.37777777777777777
1081629429398076530,90,0.011111111111111112
1082070793411686675,90,0.32222222222222224
1082078781845217517,90,0.08888888888888889
1082098387499900479,90,0.4
1082116631143053055,90,0.022222222222222223
1082130859280211932,90,0.43333333333333335
1082157597195468424,90,0.011111111111111112
1082186547939069390,90,0.011111111111111112
1082316448971590328,90,0.011111111111111112
1082469616929290342,90,0.3
1082774518988732130,90,0.4
1082865989791351018,90,0.45555555555555555
1082977483027852357,90,0.7777777777777778
1083029841770086851,90,1.0
1083088740702285737,90,0.6777777777777778
1083504696904974737,90,0.18888888888888888
1083560622081794680,90,0.24444444444444444
1083592751479465140,90,0.6777777777777778
1083711476610878759,90,0.0
1083859576541609453,90,1.0
1084164565270797268,90,0.9777777777777777
1084192066855987397,90,0.8
1084208349846912713,90,0.35555555555555557
1084250377256492572,90,0.011111111111111112
1084569672050627132,90,1.0
1084590177563900187,90,1.0
1084652264570438219,90,0.13333333333333333
1084726986419748474,90,0.05555555555555555
1084994609386934746,90,0.5666666666666667
1085019285206382125,90,0.022222222222222223
1085159901020647086,90,0.13333333333333333
1085182676222706746,90,1.0
1085228807060499749,90,0.32222222222222224
1085695044357341609,90,0.1111111111111111
1085722246462087546,90,0.011111111111111112
1085767634490056828,90,0.3111111111111111
1085769073504461213,90,0.4222222222222222
1085785002120060194,90,0.23333333333333334
1085817202296955741,90,0.5444444444444444
1085831688778724808,90,0.32222222222222224
1085838070807890579,90,0.32222222222222224
1085846694012827211,90,0.18888888888888888
1085919939616472776,90,0.9888888888888889
1085933918698783282,90,0.4222222222222222
1086043500761573701,90,0.4888888888888889
1086046152183368138,90,0.16666666666666666
1086088626277925081,90,0.06666666666666667
1086092357009669492,90,0.13333333333333333
1086092678713212633,90,0.13333333333333333
1086450392210432891,90,0.13333333333333333
1086532914053431568,90,0.13333333333333333
1086679538465558029,90,0.0
1086731456948700286,90,0.7444444444444445
1086787611453824139,90,0.13333333333333333
1086817502531298157,90,0.7222222222222222
1086844516850186011,90,0.13333333333333333
1087254203002867708,90,0.28888888888888886
1087403260549572675,90,0.12222222222222222
1088030010850768970,90,0.36666666666666664
1088063722195454741,90,0.36666666666666664
1088228475219089849,90,1.0
1088235227052651362,90,0.0
1088258718134104879,90,0.3
1088337743518736886,90,0.13333333333333333
1088559037162386251,90,0.5444444444444444
1088593684379986304,90,1.0
1088598894682986807,90,1.0
1088684349086525800,90,1.0
1088702822121972255,90,0.7333333333333333
1088893731760827989,90,0.36666666666666664
1088952640349136238,90,0.08888888888888889
1089047001097279347,90,1.0
1089057712762563850,90,0.5
1089392599348170303,90,0.2111111111111111
1089510757725085519,90,1.0
1089548633936238211,90,0.03333333333333333
1089608766531312717,90,1.0
1090165332072487302,90,1.0
1090225314020445762,90,1.0
1090266432680426899,90,0.0
1090379362040748485,90,0.32222222222222224
1090967183556381353,90,0.0
1091079378027417543,90,0.011111111111111112
1091085715806682933,90,1.0
1091104977288007765,90,0.044444444444444446
1091132191198956799,90,1.0
1091149019889088782,90,0.12222222222222222
1091218503055755845,90,1.0
1091354318819158010,90,0.36666666666666664
1091399145014605591,90,0.1111111111111111
1091436401671802847,90,0.9222222222222223
1091456920616749499,90,0.16666666666666666
1091473926504290351,90,0.5555555555555556
1091515706668745879,90,0.011111111111111112
1091585895595082260,90,0.5777777777777777
1091632695383638565,90,0.3111111111111111
1091655496703258530,90,0.4444444444444444
1091740742152618085,90,0.7444444444444445
1091741971194575700,90,0.2111111111111111
1091742954727091189,90,0.23333333333333334
1091744030600500006,90,0.4222222222222222
1092091965254164105,90,0.2222222222222222
1092418932916378712,90,0.3111111111111111
1092433145333464178,90,0.23333333333333334
1092485878836824403,90,1.0
1092541786649412921,90,0.011111111111111112
1093034736449457120,90,0.13333333333333333
1093035407962722590,90,0.14444444444444443
1093094527697005291,90,0.14444444444444443
1093119251568932060,90,0.25555555555555554
1093134431506530474,90,1.0
1093262658292413143,90,1.0
1093653918681196372,90,0.2
1093706876992693069,90,0.0
1093798414480160823,90,1.0
1093802244519499008,90,0.0
1093826357682122684,90,0.011111111111111112
1093835957097688476,90,1.0
1093897128254060736,90,0.4444444444444444
1094320847498491997,90,0.5777777777777777
1094385316253114252,90,0.13333333333333333
1094402870028227770,90,0.022222222222222223
1094441881404042643,90,0.8777777777777778
1094456021102924863,90,0.6111111111111112
1094622558516406634,90,1.0
1094670458377179545,90,0.37777777777777777
1094685297778280350,90,0.18888888888888888
1094689234371939826,90,0.26666666666666666
1094717628646634266,90,0.3
1094872495293709467,90,1.0
1095092874931842068,90,1.0
1095229260036682357,90,1.0
1095271224018248654,90,1.0
1095299289892023262,90,1.0
1095325161048392135,90,0.0
1095366347385047008,90,1.0
1095427252268610381,90,0.8444444444444444
1095542353296737302,90,1.0
1095752137583462035,90,0.011111111111111112
1095916932783087384,90,0.32222222222222224
1095953950192204955,90,0.3888888888888889
1095978822135946263,90,0.03333333333333333
1096033669049075452,90,0.8444444444444444
1096037594652204426,90,0.0
1096074098907243916,90,0.011111111111111112
1096107978181447903,90,0.32222222222222224
1096160051046781964,90,0.23333333333333334
1096191627400843361,90,0.0
1096213348043440195,90,0.5777777777777777
1096236428701665872,90,0.9666666666666667
1096471997743304885,90,0.03333333333333333
1096537918101397649,90,0.0
1096655426187691209,90,0.32222222222222224
1096721146142873980,90,0.5111111111111111
1096734324166388053,90,0.3111111111111111
1096888561679116947,90,0.2
1096897408735569516,90,0.2222222222222222
1096969381657558417,90,0.36666666666666664
1097250241320566252,90,1.0
1097309381154653744,90,0.06666666666666667
1097325474467667918,90,0.08888888888888889
1097330848259657145,90,0.0
1097340271918122596,90,0.2777777777777778
1097347820281093046,90,0.5
1097385132406748757,90,0.6666666666666666
1097495816123780000,90,1.0
1097497964553212351,90,0.13333333333333333
1097533355788632066,90,0.5555555555555556
1097535385815582413,90,0.15555555555555556
1097568825588994522,90,1.0
1097596426532269219,90,0.45555555555555555
1097648287285989562,90,0.011111111111111112
1097691885347957071,90,0.36666666666666664
1098152300136704028,90,0.022222222222222223
1098215446937112840,90,1.0
1098225700741369231,90,0.0
1098312635295734732,90,0.022222222222222223
1098904951690652102,90,0.12222222222222222
1098925935600945268,90,0.5222222222222223
1099266516851617461,90,0.2777777777777778
1099478881212274517,90,1.0
1099498784525730475,90,1.0
1099503859487156987,90,0.0
1099578749949393649,90,1.0
1099580166698991702,90,0.06666666666666667
1099726770789394965,90,0.4888888888888889
1099733977061406754,90,1.0
1099846995481477077,90,1.0
1100165085933667785,90,1.0
1100176403246541681,90,0.6888888888888889
1100177742278481139,90,0.0
1100295527300845136,90,0.7777777777777778
1100364824574928927,90,0.9444444444444444
1100390009369649866,90,0.2111111111111111
1100453689801034689,90,0.044444444444444446
1100568038781178682,90,0.9444444444444444
1100997957647305528,90,1.0
1101034162675253318,90,0.5111111111111111
1101139438634920689,90,0.08888888888888889
1101161818923046416,90,1.0
1101592136433123588,90,0.9777777777777777
1101622796952105151,90,0.6777777777777778
1101742428998172228,90,0.36666666666666664
1101743001766892031,90,0.044444444444444446
1101832636637546479,90,0.2777777777777778
1101880880431020421,90,1.0
1101929109187305680,90,1.0
1101945527258626720,90,0.2222222222222222
1101959632085031948,90,0.6555555555555556
1102014265234831933,90,0.28888888888888886
1102402381491921929,90,0.011111111111111112
1102403776770788592,90,0.15555555555555556
1102464780080133557,90,0.5222222222222223
1102491760330277912,90,0.3111111111111111
1102506098135192316,90,0.14444444444444443
1102541683960135499,90,0.07777777777777778
1102581700467776233,90,0.4111111111111111
1102676444705016656,90,0.9888888888888889
1102704508070189578,90,0.0
1102751842931253229,90,0.0
1102780293736868990,90,0.07777777777777778
1102958787098544378,90,0.3111111111111111
1103133935544629687,90,0.45555555555555555
1103134953161977612,90,0.0
1103312752850418479,90,1.0
1103473256584502932,90,1.0
1103491405989766975,90,0.011111111111111112
1103762603609216947,90,0.07777777777777778
1103787341207065814,90,0.35555555555555557
1103860218130567771,90,0.0
1103872816793158975,90,1.0
1104049336902811567,90,1.0
1104057178552811403,90,1.0
1104077338520911793,90,1.0
1104195070221823226,90,0.5
1104197572892590142,90,0.4666666666666667
1104203797543383548,90,0.0
1104269531094954181,90,1.0
1104461240670102146,90,0.17777777777777778
1104482980431945900,90,0.3888888888888889
1104841656528555297,90,0.7222222222222222
1104846871468810116,90,0.9777777777777777
1105148524980842351,90,0.7111111111111111
1105249949531344653,90,0.0
1105310956830126723,90,0.7555555555555555
1105426444269092642,90,0.08888888888888889
1105436970493309732,90,0.0
1105527899045772829,90,0.3333333333333333
1105575456481154340,90,0.044444444444444446
1105589854026956185,90,0.9888888888888889
1106043899764751182,90,0.3333333333333333
1106144532512773209,90,0.6333333333333333
1106200773782064187,90,0.07777777777777778
1106243803074830012,90,0.0
1106248876013229993,90,1.0
1106283984117836254,90,0.15555555555555556
1106310411443195470,90,1.0
1106361954877096565,90,0.08888888888888889
1106800362443484985,90,1.0
1107030519800997843,90,1.0
1107422042845472498,90,0.7111111111111111
1107493969413331872,90,0.07777777777777778
1107591382449680481,90,0.06666666666666667
1107621510658130370,90,1.0
1107702779340576849,90,1.0
1107736628795157127,90,0.011111111111111112
1107762741445430305,90,0.18888888888888888
1107874590767421983,90,0.26666666666666666
1107876107337821450,90,0.4444444444444444
1107878116164648362,90,0.28888888888888886
1107879121561038811,90,0.17777777777777778
1107896234066289481,90,0.25555555555555554
1107898749679641709,90,0.13333333333333333
1107903287018599530,90,0.23333333333333334
1107903785905669309,90,0.4
1107906304506772774,90,0.2222222222222222
1107909324044706564,90,0.24444444444444444
1107910332629129732,90,0.13333333333333333
1108213419043577983,90,0.2
1108221823600523012,90,0.13333333333333333
1108332582024302531,90,0.13333333333333333
1108400928777462305,90,0.4777777777777778
1108529818329606941,90,0.0
1108575798314665135,90,0.044444444444444446
1108826747145312088,90,0.23333333333333334
1108836139825491640,90,1.0
1108952289559731564,90,0.0
1108979094160029490,90,0.9555555555555556
1109574562674511146,90,0.8
1109574963770350019,90,0.8777777777777778
1109611574468515993,90,1.0
1109649229446495264,90,0.43333333333333335
1109809773819508694,90,0.2222222222222222
1109850190411763231,90,0.4222222222222222
1109902310329621892,90,0.2
1109978159778447890,90,0.4111111111111111
1109990943197637982,90,0.2777777777777778
1110095060001381369,90,1.0
1110284903468811288,90,0.3111111111111111
1110352155399840004,90,0.5
1110400941320679405,90,0.0
1110495163844312377,90,1.0
1110505749589427694,90,0.23333333333333334
1110512498138525690,90,0.08888888888888889
1110531907690215732,90,0.08888888888888889
1110558174738991107,90,0.0
1110595747190686484,90,0.17777777777777778
1110600509209943880,90,0.12222222222222222
1110628935483049024,90,0.1
1110663844455960653,90,0.05555555555555555
1111059995236679070,90,0.8666666666666667
1111129901737533381,90,0.044444444444444446
1111166641370190752,90,0.8111111111111111
1111172191656729989,90,1.0
1111175730629432739,90,0.08888888888888889
1111176983684714281,90,0.011111111111111112
1111203055207574259,90,0.06666666666666667
1111206992396937849,90,1.0
1111276109785476730,90,0.28888888888888886
1111298234478986526,90,1.0
1111333919676829801,90,0.011111111111111112
1111372058589085838,90,1.0
1111401785448450241,90,0.35555555555555557
1111452772946078452,90,0.4888888888888889
1111800547135791833,90,0.18888888888888888
1111858177394591751,90,1.0
1111880941364043138,90,0.044444444444444446
1111953358264048119,90,1.0
1112132273883545109,90,0.4222222222222222
1112155708187882917,90,1.0
1112673812159882642,90,0.9888888888888889
1112717896637920450,90,0.9777777777777777
1112887341701011628,90,0.4666666666666667
1112929470872565290,90,0.4222222222222222
1113283073579903817,90,1.0
1113396718853825653,90,0.9888888888888889
1113420227905580339,90,0.4111111111111111
1113651828491311760,90,1.0
1113659465094537652,90,0.2
1114060134378702033,90,0.011111111111111112
1114090238821188734,90,1.0
1114160118912944777,90,0.7888888888888889
1114176014434013385,90,0.011111111111111112
1114253835768624714,90,1.0
1114259995326711940,90,0.2
1114285758835987252,90,0.011111111111111112
1114302981678117840,90,0.3888888888888889
1114344514534625955,90,0.6111111111111112
1114350274222354228,90,1.0
1114667729470040203,90,1.0
1114730029626339661,90,0.03333333333333333
1114802818075413439,90,0.8555555555555555
1114813026733391491,90,0.16666666666666666
1114825524391211155,90,0.0
1114871748317698698,90,1.0
1114949401108742507,90,1.0
1114963577492784125,90,0.9444444444444444
1115012534181588813,90,0.28888888888888886
1115049259308370036,90,0.9222222222222223
1115082355783331887,90,0.7
1115453999856255051,90,0.36666666666666664
1115499431299582120,90,1.0
1115551943585070981,90,0.8
1115596078996211071,90,1.0
1115683570827519134,90,0.37777777777777777
1115701553679426721,90,0.4111111111111111
1115754694936511723,90,0.1
1115789587239485783,90,0.011111111111111112
1115796322798523880,90,0.4666666666666667
1115870940710511451,90,0.5555555555555556
1116079911523842794,90,0.011111111111111112
1116110991504392021,90,0.24444444444444444
1116134465310228276,90,0.4888888888888889
1116260469324312096,90,0.05555555555555555
1116261165999312790,90,0.36666666666666664
1116272504558795398,90,1.0
1116426848621125611,90,0.7555555555555555
1116452772990470091,90,0.17777777777777778
1116802938591923342,90,0.0
1116906689241176413,90,0.8222222222222222
1116912249088311688,90,0.12222222222222222
1116933925028545980,90,1.0
1116942109394846880,90,0.0
1116967792092340490,90,0.011111111111111112
1117196643100483427,90,0.13333333333333333
1117629866021735751,90,0.0
1117645467001413890,90,0.13333333333333333
1117690431057123186,90,0.022222222222222223
1117696441455637050,90,0.0
1118305344316168062,90,0.4222222222222222
1118359983062705483,90,0.044444444444444446
1118542040904280357,90,0.011111111111111112
1118543231524654257,90,0.6555555555555556
1118642468716572866,90,0.022222222222222223
1118660425000888275,90,1.0
1118837054824129844,90,0.9
1119060321334702854,90,1.0
1119062628589597793,90,0.6666666666666666
1119068158339222717,90,0.1
1119140000562829987,90,0.13333333333333333
1119193653783206315,90,1.0
1119300167068964050,90,0.8
1119319488970220130,90,0.7111111111111111
1119321148276433878,90,1.0
1119360112142620217,90,0.13333333333333333
1119371659467456449,90,0.18888888888888888
1119424678958785023,90,0.0
1119565862641787000,90,0.16666666666666666
1119747499989549473,90,0.4666666666666667
1119758373446243792,90,0.4888888888888889
1119775809435921377,90,0.0
1119776080313417827,90,0.8222222222222222
1119833079072367744,90,1.0
1119838655925824310,90,0.36666666666666664
1119871422017459358,90,0.0
1119871951695197560,90,0.9888888888888889
1119957871926529406,90,0.45555555555555555
1119992879522674535,90,0.022222222222222223
1120131129559472177,90,0.2777777777777778
1120578650194807388,90,1.0
1120648561928017131,90,0.25555555555555554
1120652031029737588,90,0.8
1120652150269068297,90,0.8
1120652705855223329,90,0.1
1121190821634136689,90,0.3333333333333333
1121287677779343369,90,1.0
1121307257561256250,90,0.16666666666666666
1121344804307962487,90,0.26666666666666666
1121372135025003874,90,0.0
1121428585278822427,90,0.28888888888888886
1121491922702761812,90,0.4222222222222222
1121578342014359051,90,0.24444444444444444
1121591635813735383,90,0.13333333333333333
1122162550971836504,90,0.37777777777777777
1122235241637944586,90,0.3
1122281263125857820,90,0.011111111111111112
1122289983003678996,90,0.08888888888888889
1122358014299682287,90,0.23333333333333334
1122597896320071273,90,0.1
1122701336664228628,90,0.18888888888888888
1122717096655537410,90,1.0
1122780741838575916,90,0.0
1122783155237888376,90,0.0
1122827550460570219,90,1.0
1122832514570936649,90,0.9444444444444444
1122837433440081482,90,0.8222222222222222
1122885207600916967,90,1.0
1122893211730672899,90,0.8666666666666667
1122923716028207772,90,0.7444444444444445
1123309289263831570,90,0.011111111111111112
1123324025219086927,90,0.5666666666666667
1123350172021264151,90,0.36666666666666664
1123391274790369292,90,0.011111111111111112
1123550826458528733,90,0.32222222222222224
1123570881002624412,90,0.011111111111111112
1124277182003891299,90,0.9333333333333333
1124285249581870748,90,0.011111111111111112
1124742482127327761,90,0.25555555555555554
1124755914620698152,90,1.0
1124901862963208150,90,0.16666666666666666
1124907454721231051,90,0.9333333333333333
1124940485292111798,90,1.0
1124989921402905217,90,0.14444444444444443
1125021606420347179,90,0.05555555555555555
1125124896788916422,90,0.16666666666666666
1125232062563506354,90,1.0
1125235914737344497,90,0.2111111111111111
1125572969327816932,90,0.6222222222222222
1125629390220229700,90,0.6
1125699266199663720,90,0.6777777777777778
1125719385845386629,90,0.022222222222222223
1125822558372254371,90,0.5
1125938405613117855,90,0.011111111111111112
1126120008630497986,90,1.0
1126246448670405758,90,1.0
1126307396546326431,90,0.3111111111111111
1126323560474523913,90,0.36666666666666664
1126328098549179243,90,0.26666666666666666
1126354900231667885,90,0.7555555555555555
1126357018567437058,90,0.23333333333333334
1126440383792986683,90,0.7
1126443209213564501,90,0.0
1126484101936555585,90,0.17777777777777778
1126556903379829489,90,0.6888888888888889
1126614428997762529,90,0.8888888888888888
1126659513871619390,90,0.17777777777777778
1126782547660922164,90,0.044444444444444446
1126987520901211590,90,0.2111111111111111
1127006190324278609,90,0.011111111111111112
1127011566462003805,90,0.022222222222222223
1127109668192775201,90,0.26666666666666666
1127123695829033545,90,0.5555555555555556
1127170293121169397,90,0.15555555555555556
1127274836386381582,90,0.07777777777777778
1127745391264240715,90,0.0
1127752053471911206,90,0.2111111111111111
1127784628810804412,90,0.0
1127801943456298871,90,0.6333333333333333
1128447152629277918,90,0.05555555555555555
1128522960443917472,90,1.0
1128595496436768333,90,0.03333333333333333
1128836546190233253,90,0.3
1129155373475257115,90,0.17777777777777778
1129181361271140827,90,0.15555555555555556
1129259617381299493,90,0.022222222222222223
1129355642261075221,90,0.1
1129469682775198675,90,0.28888888888888886
1129559326148491976,90,1.0
1129567461579544476,90,0.34444444444444444
1129952427148670897,90,0.9333333333333333
1129980768826109972,90,0.011111111111111112
1130019662131876765,90,0.05555555555555555
1130090615781437723,90,0.1
1130145960456141414,90,0.011111111111111112
1130181871246916339,90,0.4222222222222222
1130233508186512097,90,0.03333333333333333
1130242664423124909,90,0.13333333333333333
1130309124328846619,90,0.3111111111111111
1130309766288128781,90,0.4777777777777778
1130421457358515193,90,0.34444444444444444
1130588343134877156,90,0.08888888888888889
1130657959104365888,90,0.18888888888888888
1130674516707548857,90,0.0
1130684187279400634,90,0.011111111111111112
1130690049874240994,90,0.0
1130697833301793255,90,1.0
1130703572857643808,90,0.1111111111111111
1130752136677156630,90,0.011111111111111112
1130869596059796215,90,0.13333333333333333
1130899712295490138,90,0.0
1130953988810290340,90,0.34444444444444444
1131004791316174202,90,0.2777777777777778
1131050414060898203,90,1.0
1131473866873162886,90,0.26666666666666666
1131582535840015300,90,0.6333333333333333
1131624453970304874,90,0.3333333333333333
1131626041518902109,90,1.0
1131742833484668980,90,0.7777777777777778
1131745230178117114,90,0.7
1132137645017987497,90,1.0
1132212780163001112,90,1.0
1132228316616882276,90,0.2111111111111111
1132248721949792680,90,0.2
1132256067566905508,90,0.3333333333333333
1132264063091570110,90,0.5
1132273406900351176,90,0.5111111111111111
1132273726155781882,90,0.0
1132785531021110198,90,1.0
1132900537552387680,90,0.011111111111111112
1132901745000106126,90,0.2
1132919031193457476,90,0.8333333333333334
1132931205090452625,90,0.1111111111111111
1133084246537492095,90,0.8333333333333334
1133112171860570169,90,1.0
1133888535187861632,90,0.28888888888888886
1134400597601435333,90,0.07777777777777778
1134502220178645702,90,0.2
1134633384932991533,90,0.011111111111111112
1134990209452515390,90,0.32222222222222224
1135104511733220102,90,0.011111111111111112
1135114445013407358,90,0.5111111111111111
1135178289548644012,90,0.5888888888888889
1135283812812375391,90,1.0
1135295791438360768,90,1.0
1135303519224706353,90,1.0
1135317142337734320,90,0.6333333333333333
1135338217160943351,90,0.5666666666666667
1135389919374713766,90,0.0
1135432230851139916,90,0.2222222222222222
1135736183307347182,90,1.0
1135950098507718249,90,0.8777777777777778
1136543772638671375,90,0.7666666666666667
1136551822997324785,90,1.0
1136562656814769492,90,0.18888888888888888
1136601418945547076,90,0.1111111111111111
1136630906002048191,90,0.9
1136665780682922479,90,0.0
1136724988877004403,90,0.3
1136793900076774148,90,0.6111111111111112
1137296062419294456,90,0.07777777777777778
1137301011751795543,90,0.3
1137377145474217652,90,0.0
1137383928672337024,90,0.2
1137390868784134675,90,0.45555555555555555
1137476346524983592,90,0.044444444444444446
1137498899417666374,90,0.0
1137530093999958152,90,0.13333333333333333
1137956621432878182,90,1.0
1138045976507196581,90,0.12222222222222222
1138058672182570729,90,0.25555555555555554
1138090867513507628,90,0.28888888888888886
1138129316871548510,90,1.0
1138185683347445782,90,1.0
1138453817195872891,90,0.37777777777777777
1138586228900609795,90,0.07777777777777778
1138631858569829359,90,1.0
1138642563194373187,90,0.1
1138685455015635729,90,0.0
1138749504294693213,90,0.0
1138798640696774188,90,0.0
1138816987970232121,90,1.0
1138821389745658350,90,0.0
1138832781303435489,90,0.0
1138844552320555235,90,1.0
1138990549786151722,90,0.24444444444444444
1139549744136193859,90,0.35555555555555557
1139630633274328281,90,1.0
1139656545938306883,90,0.5666666666666667
1139792488556242215,90,0.08888888888888889
1140091737454668557,90,0.6111111111111112
1140095106799495554,90,0.4111111111111111
1140100364485962808,90,0.011111111111111112
1140183925469464830,90,1.0
1140276851505084571,90,1.0
1140300331943827126,90,0.4666666666666667
1140373879888176560,90,1.0
1140380818566066034,90,0.0
1140385538707808620,90,1.0
1140475436943053354,90,0.4666666666666667
1140725227406746338,90,1.0
1140864037536655476,90,0.044444444444444446
1141040678564509768,90,1.0
1141181338361248322,90,0.03333333333333333
1141715589429473908,90,1.0
1141731634699139510,90,0.011111111111111112
1141775917116441791,90,0.34444444444444444
1142353164997383255,90,0.1
1142412587563349911,90,1.0
1142497177545493032,90,0.17777777777777778
1142562780790877118,90,0.7333333333333333
1143220173234158480,90,0.15555555555555556
1143509886329036335,90,0.32222222222222224
1143751130415191759,90,1.0
1143778139641470177,90,1.0
1143851295062472361,90,1.0
1143892653340963505,90,1.0
1144219725801287501,90,0.6333333333333333
1144469764628170233,90,1.0
1144477183778080845,90,0.0
1144524960183634731,90,0.6666666666666666
1144754648462014586,90,0.07777777777777778
1144795390477023041,90,0.0
1144818249828108055,90,0.7666666666666667
1145113262642101716,90,0.24444444444444444
1145115860541972806,90,0.15555555555555556
1145262366633903589,90,0.0
1145265270188706452,90,0.7666666666666667
1145277693561995256,90,1.0
1145278290831199556,90,0.24444444444444444
1145324409549421322,90,0.8333333333333334
1145373037776858743,90,1.0
1145450619353469095,90,1.0
1145511707144912317,90,1.0
1145592595841207121,90,0.6333333333333333
1145844440481357480,90,1.0
1145847915352268173,90,0.011111111111111112
1146000997424791523,90,1.0
1146050345572942277,90,0.3333333333333333
1146163209148085528,90,0.5444444444444444
1146216912894861485,90,1.0
1146248131563677654,90,1.0
1146530223380423199,90,0.8222222222222222
1146568286400974092,90,0.011111111111111112
1146592617615305035,90,0.2111111111111111
1146705454325896301,90,1.0
1146724104438444490,90,1.0
1146760742835741531,90,0.05555555555555555
1146822637041041368,90,0.7444444444444445
1146894892324793102,90,0.6222222222222222
1147328000727717504,90,0.06666666666666667
1147417866387991719,90,0.28888888888888886
1147425358004500465,90,0.9444444444444444
1147437177948142404,90,0.6333333333333333
1147440573509828305,90,0.0
1147521987333633795,90,0.7777777777777778
1147993234184770711,90,0.5777777777777777
1148100180568797975,90,1.0
1148148081413826247,90,0.011111111111111112
1148151640263920504,90,0.5777777777777777
1148153021485207510,90,0.0
1148193842809718894,90,0.5888888888888889
1148304387974999874,90,0.0
1148330323106263054,90,1.0
1148342229003164341,90,1.0
1148484586572765556,90,0.26666666666666666
1148904280159903812,90,1.0
1148930493621757027,90,0.36666666666666664
1149094823013994778,90,0.05555555555555555
1149139528222024288,90,0.13333333333333333
1149139846931757979,90,0.34444444444444444
1149530366259812184,90,0.24444444444444444
1149700017452480170,90,0.18888888888888888
1149782155393174087,90,0.07777777777777778
1150152280283994631,90,0.6333333333333333
1150202481932589105,90,0.07777777777777778
1150254459157506639,90,0.7777777777777778
1150261430523645252,90,0.011111111111111112
1150370425650110943,90,0.32222222222222224
1150424654100892815,90,0.3111111111111111
1150458874597508579,90,0.3111111111111111
1150494245378677498,90,0.022222222222222223
1150531993451030293,90,0.07777777777777778
1150541846838938741,90,0.0
1150558705011876478,90,0.25555555555555554
1150604082059737859,90,0.011111111111111112
1150922213742882009,90,0.6777777777777778
1150962156316822094,90,0.011111111111111112
1150979446160875408,90,1.0
1150994686968046571,90,0.08888888888888889
1150995571226819382,90,0.07777777777777778
1151004897759654604,90,0.022222222222222223
1151010302896938223,90,0.022222222222222223
1151028114309985753,90,0.011111111111111112
1151060164222742566,90,1.0
1151079186545152964,90,0.23333333333333334
1151113887582810943,90,0.0
1151118818665063204,90,0.17777777777777778
1151118861093968232,90,0.0
1151246284238335712,90,0.17777777777777778
1151269627406318073,90,0.5444444444444444
1151341820046031737,90,0.3888888888888889
1151573388761544170,90,0.6
1151836632501304237,90,0.43333333333333335
1151853144907999573,90,0.28888888888888886
1151858915195920228,90,0.17777777777777778
1151899078110067985,90,0.4
1151978816167998463,90,1.0
1151992344829837859,90,0.2222222222222222
1152015622212673613,90,0.03333333333333333
1152016131005898360,90,0.6333333333333333
1152018802079398818,90,1.0
1152310138758884874,90,0.5
1152368457989206345,90,0.011111111111111112
1152457910416711570,90,0.18888888888888888
1152461361709743964,90,0.5555555555555556
1152481057553320820,90,0.2222222222222222
1152484720672599823,90,0.2111111111111111
1152607430695599010,90,1.0
1152614562659315187,90,0.08888888888888889
1152713909082679596,90,0.17777777777777778
1152761902876825801,90,1.0
1152769153476696494,90,0.011111111111111112
1152988199004340011,90,0.0
1153118512504176967,90,0.3888888888888889
1153123096698157740,90,0.17777777777777778
1153231257875903063,90,0.011111111111111112
1153253652293341210,90,0.5111111111111111
1153257987819940553,90,0.5444444444444444
1153292069115467677,90,0.5111111111111111
1153323816221402566,90,0.6444444444444445
1153345969323000870,90,0.13333333333333333
1153363540846154065,90,1.0
1153469813224920304,90,1.0
1153508052611847605,90,0.17777777777777778
1153834834096088803,90,0.5
1153945468722547773,90,0.011111111111111112
1154103878612967355,90,0.6888888888888889
1154240589156852656,90,0.011111111111111112
1154601929896622465,90,1.0
1154742035404915946,90,1.0
1154769041855050320,90,0.35555555555555557
1154803066217181995,90,0.0
1154830157940165557,90,0.011111111111111112
1154947363361376511,90,0.011111111111111112
1155005442394091691,90,0.18888888888888888
1155273692545651840,90,0.4111111111111111
1155274996596652744,90,0.5444444444444444
1155337742139086105,90,0.6222222222222222
1155426825609917493,90,0.16666666666666666
1155477704700114078,90,1.0
1155583498445800166,90,0.13333333333333333
1155620753777601112,90,1.0
1155686896727804510,90,0.6333333333333333
1155761767839753746,90,0.4888888888888889
1156049147133543118,90,0.6777777777777778
1156189966761805430,90,1.0
1156202758232910174,90,0.05555555555555555
1156239758489277313,90,1.0
1156371619622656228,90,0.5555555555555556
1156422682222735038,90,0.1111111111111111
1156444614481884133,90,0.8
1156541273820015182,90,1.0
1156560604322087025,90,0.5222222222222223
1156729993250251424,90,1.0
1156752690958343508,90,0.0
1156830544456805408,90,1.0
1156850270282667231,90,0.14444444444444443
1156875829638922329,90,0.03333333333333333
1157003107125748037,90,0.0
1157045739536986730,90,0.2777777777777778
1157064355501646051,90,0.9666666666666667
1157096672392160034,90,0.13333333333333333
1157121791276806917,90,0.13333333333333333
1157290642215591940,90,0.044444444444444446
1157518467425400953,90,1.0
1157520135093109823,90,0.2111111111111111
1157661664447236242,90,0.044444444444444446
1157715275269059721,90,0.4888888888888889
1157819323791107710,90,0.07777777777777778
1158098972018568337,90,0.2111111111111111
1158145340693256466,90,0.36666666666666664
1158267099470366781,90,0.6666666666666666
1158293391868967301,90,1.0
1158297286215263915,90,0.23333333333333334
1158371888680180678,90,0.14444444444444443
1158421705119847377,90,1.0
1158481874396063922,90,1.0
1158673938618561514,90,1.0
1159133271084345463,90,0.25555555555555554
1159134806155544980,90,0.6333333333333333
1159800745015114169,90,0.2
1159910861115772454,90,1.0
1159962327428833828,90,1.0
1159989547141845938,90,0.26666666666666666
1159990326795511648,90,0.011111111111111112
1160068245608375607,90,0.7888888888888889
1160352200067634623,90,0.12222222222222222
1160502336026504162,90,0.0
1160523112992922178,90,0.0
1160531471097942985,90,0.36666666666666664
1160664451793308063,90,0.0
1160742003543547212,90,0.022222222222222223
1160771132257799691,90,0.18888888888888888
1160885256831914007,90,1.0
1160998361474133050,90,0.4222222222222222
1161144614902404546,90,1.0
1161149148413615674,90,0.7444444444444445
1161177322885181078,90,0.0
1161337296859906487,90,0.45555555555555555
1161392490187146318,90,0.5222222222222223
1161403243507840997,90,0.022222222222222223
1161736329679145677,90,0.15555555555555556
1161963406973457239,90,0.16666666666666666
1161986455103843815,90,0.022222222222222223
1162027793197685038,90,0.5
1162041798335828694,90,0.26666666666666666
1162172455184823188,90,1.0
1162223790645229594,90,1.0
1162229248545244203,90,0.011111111111111112
1162400945628301080,90,0.17777777777777778
1162537761271015897,90,1.0
1162557109112601216,90,0.9111111111111111
1162560274060923550,90,0.8777777777777778
1162627296380532476,90,0.4444444444444444
1162704972168423909,90,0.5222222222222223
1162831386776217756,90,0.43333333333333335
1162878899918478227,90,0.5444444444444444
1162890711095182317,90,0.9888888888888889
1162973417071500306,90,0.28888888888888886
1163228319505540178,90,0.0
1163422336574837112,90,1.0
1163436828491898717,90,0.3333333333333333
1163486772639123838,90,0.06666666666666667
1163491567306788168,90,0.011111111111111112
1163492295097581594,90,0.8222222222222222
1163513176314858700,90,0.28888888888888886
1163526582430040021,90,0.011111111111111112
1163618895844143777,90,0.7
1163672831749820888,90,0.2222222222222222
1163980559782397946,90,0.8333333333333334
1164198925617527289,90,0.4666666666666667
1164354046069465623,90,0.5444444444444444
1164692820003393954,90,0.07777777777777778
1164788601716892241,90,0.022222222222222223
1164885871856022971,90,0.4888888888888889
1165012822965502772,90,1.0
1165013813289770051,90,0.0
1165064516785406305,90,1.0
1165072318410620781,90,1.0
1165417959718116939,90,0.022222222222222223
1165473457497645671,90,0.45555555555555555
1165495447829353451,90,0.0
1165496474536698318,90,0.16666666666666666
1165568986059203265,90,1.0
1165572596699047593,90,0.044444444444444446
1165594370566104775,90,0.15555555555555556
1165601136984810182,90,0.9888888888888889
1165678714202100245,90,0.16666666666666666
1165742072075989666,90,0.0
1165798734805478099,90,0.28888888888888886
1165847701546250314,90,0.2222222222222222
1165861005946691465,90,0.2222222222222222
1165887242891924313,90,1.0
1165921494935679192,90,0.16666666666666666
1165945022107322940,90,1.0
1166101901463236143,90,0.12222222222222222
1166191733893286739,90,0.16666666666666666
1166226237531630498,90,0.25555555555555554
1166438187301565084,90,0.5111111111111111
1166482326489358318,90,0.5222222222222223
1166483284183448907,90,0.23333333333333334
1166546955321537016,90,0.2222222222222222
1166586330847797237,90,1.0
1166775811191089057,90,0.03333333333333333
1166882003199324654,90,0.36666666666666664
1166907809631291778,90,1.0
1166983871707883060,90,0.18888888888888888
1167004400360040991,90,0.16666666666666666
1167051862433073903,90,1.0
1167106999223855802,90,0.6666666666666666
1167109750998904596,90,0.07777777777777778
1167214880947899092,90,0.011111111111111112
1167229920278106554,90,0.022222222222222223
1167264818822797624,90,0.03333333333333333
1167272631981455750,90,1.0
1167585302559648596,90,0.3111111111111111
1167653488008270583,90,0.18888888888888888
1167670201606957036,90,1.0
1167678606744448066,90,0.011111111111111112
1167746140866310797,90,0.23333333333333334
1167843844688412468,90,1.0
1167864387166879963,90,0.6333333333333333
1167991307145785278,90,0.0
1168019123870742966,90,0.5111111111111111
1168415075315470364,90,0.011111111111111112
1168432522288951613,90,0.011111111111111112
1168438713446694210,90,0.0
1168438929726401434,90,0.06666666666666667
1168484774756025269,90,0.1
1168495203255387064,90,0.36666666666666664
1168527433432338327,90,0.4444444444444444
1168535643827630266,90,0.8222222222222222
1168706456780060879,90,0.7555555555555555
1169126155046910367,90,1.0
1169127335460198151,90,0.8777777777777778
1169198679187701318,90,0.24444444444444444
1169199920109087886,90,0.6888888888888889
1169906599969932156,90,1.0
1170228733300764688,90,0.28888888888888886
1170462371214941895,90,0.18888888888888888
1170638753320209434,90,0.0
1170734234466451503,90,0.3111111111111111
1170762922827725425,90,0.044444444444444446
1170771367308579526,90,0.5333333333333333
1170785232649691498,90,0.6444444444444445
1170797580054021808,90,1.0
1170841930720590626,90,0.08888888888888889
1170845343621857757,90,0.15555555555555556
1170894865651790777,90,1.0
1171232951783907774,90,0.24444444444444444
1171321424643093390,90,1.0
1171322703643039894,90,0.23333333333333334
1171327700207054743,90,1.0
1171424731833236092,90,0.6888888888888889
1171463975185834899,90,0.3333333333333333
1171484667764764780,90,1.0
1171555354767575229,90,0.8222222222222222
1171574706738904415,90,0.4444444444444444
1171622584817732805,90,0.0
1171655273380336461,90,0.12222222222222222
1171660960488251632,90,1.0
1171676279223423989,90,0.0
1171684454935170227,90,0.6777777777777778
1171983862642079626,90,0.17777777777777778
1172031285781583981,90,1.0
1172106299614813391,90,0.25555555555555554
1172107985226346205,90,0.0
1172118851923695721,90,0.0
1172140059473949893,90,0.8
1172217203687443602,90,1.0
1172218492558185506,90,0.6888888888888889
1172247605034826018,90,1.0
1172267192035364917,90,1.0
1172314473011066918,90,0.0
1172347853006978965,90,0.9111111111111111
1172383996995297876,90,1.0
1172503858396856490,90,0.9444444444444444
1172504393034691328,90,0.13333333333333333
1172693279929836076,90,0.8555555555555555
1172800962697286781,90,0.0
1172808806449103326,90,1.0
1172824912548563360,90,0.23333333333333334
1172849987380407362,90,0.07777777777777778
1172859051968525067,90,0.022222222222222223
1172862381334728497,90,0.7777777777777778
1172943786388633660,90,1.0
1173074474709951352,90,0.9888888888888889
1173356196842787385,90,1.0
1173442386993531226,90,0.3
1173462123128268444,90,0.17777777777777778
1173465882415444052,90,0.5888888888888889
1173476147515930969,90,1.0
1173529788511238371,90,1.0
1173548687515503101,90,0.7111111111111111
1173582329318164893,90,0.15555555555555556
1173591515104665630,90,0.0
1173798730252381665,90,0.24444444444444444
1173824959643675617,90,0.13333333333333333
1174058703184429642,90,1.0
1174085061415322974,90,1.0
1174090292140353391,90,1.0
1174159752631411374,90,0.7222222222222222
1174203503284711940,90,0.4777777777777778
1174204960982035778,90,0.35555555555555557
1174205473218283835,90,0.3888888888888889
1174252562365431791,90,0.4888888888888889
1174375895387640169,90,0.7111111111111111
1174814528710644922,90,1.0
1174901757688115526,90,1.0
1174919953940852369,90,1.0
1175010681293590835,90,0.03333333333333333
1175515304468322455,90,0.9888888888888889
1175581349753155415,90,0.9888888888888889
1175581544613770890,90,0.25555555555555554
1175651611606021898,90,1.0
1175701342153107910,90,0.044444444444444446
1175770198030378782,90,0.0
1175781828596814481,90,0.37777777777777777
1175837323887880721,90,0.3111111111111111
1175847211171090631,90,0.2222222222222222
1175915126427472419,90,0.011111111111111112
1175968848318000976,90,0.011111111111111112
1175972358617534114,90,0.4
1175982699510315653,90,1.0
1176277249778673535,90,0.6333333333333333
1176336435896092476,90,0.7111111111111111
1176354890941398848,90,1.0
1176378660188698521,90,0.011111111111111112
1176434548805101220,90,1.0
1176523785055993647,90,0.011111111111111112
1176524452575690538,90,1.0
1176540684409939782,90,0.5444444444444444
1176551045582350454,90,0.3111111111111111
1176628851834044270,90,0.9
1176710972969286289,90,1.0
1176892799378759776,90,0.16666666666666666
1177116656483832637,90,0.5222222222222223
1177123928446370609,90,1.0
1177127470457652236,90,0.4777777777777778
1177134716734273232,90,0.3888888888888889
1177136108707135736,90,0.7111111111111111
1177220427052227242,90,0.1111111111111111
1177280819716774257,90,0.08888888888888889
1177323602865295720,90,1.0
1177343000609448831,90,1.0
1177377103571117029,90,0.2111111111111111
1177475625399033247,90,0.08888888888888889
1177739326989294489,90,0.7666666666666667
1177755931309516734,90,0.16666666666666666
1177801820549396783,90,0.011111111111111112
1177810252958813056,90,0.1111111111111111
1177851679340551128,90,0.15555555555555556
1177860558899802753,90,0.2111111111111111
1177867758599850285,90,0.08888888888888889
1177867868000601069,90,0.8222222222222222
1177937289130725530,90,0.1
1177959001140941169,90,0.36666666666666664
1178009548141206142,90,0.36666666666666664
1178074216149634122,90,0.06666666666666667
1178121176288271036,90,0.8
1178136932695834363,90,0.3888888888888889
1178166342322155215,90,1.0
1178187393884962334,90,0.011111111111111112
1178198721304811907,90,0.0
1178440743527668739,90,0.5444444444444444
1178496955919949546,90,0.08888888888888889
1178520923906032638,90,0.9777777777777777
1178551524764590896,90,0.05555555555555555
1178559967845798716,90,0.34444444444444444
1178592793273429277,90,0.16666666666666666
1178612060541854523,90,1.0
1178634851338152004,90,0.4222222222222222
1178651924832676231,90,0.7888888888888889
1178678548364385385,90,0.0
1178746847088404557,90,0.25555555555555554
1178746928938151163,90,1.0
1178792970579291115,90,0.43333333333333335
1179177497677764346,90,0.32222222222222224
1179372692592188920,90,0.08888888888888889
1179429432230389276,90,1.0
1179901788106955843,90,0.08888888888888889
1180205396726861890,90,0.3
1180672718675064383,90,0.5111111111111111
1180783452347494811,90,0.0
1180827608981088867,90,0.5111111111111111
1180837330901823382,90,0.9222222222222223
1180870497449210114,90,1.0
1180901265909436734,90,0.14444444444444443
1180977812741601036,90,0.0
1180980789355791054,90,0.5777777777777777
1181138817630944354,90,0.13333333333333333
1181242283678317695,90,1.0
1181406898041828813,90,0.044444444444444446
1181406937939704185,90,0.0
1181439531665919908,90,0.16666666666666666
1181483153053198470,90,0.0
1181493916459931919,90,0.4666666666666667
1181580269263942667,90,0.0
1181600530235963782,90,0.7222222222222222
1181678821565672433,90,0.24444444444444444
1181708379877562893,90,1.0
1181787741099575165,90,0.0
1181854009658813208,90,1.0
1181921598665186415,90,0.03333333333333333
1181993436853067032,90,0.0
1182113607257106281,90,0.32222222222222224
1182136657725267909,90,1.0
1182175676578764782,90,0.07777777777777778
1182182792560447779,90,0.6333333333333333
1182190788628922896,90,0.0
1182284447864038175,90,0.13333333333333333
1182316062011825943,90,0.35555555555555557
1182381084429264516,90,0.0
1182409525722647471,90,0.3333333333333333
1182442456204455128,90,0.43333333333333335
1182470469653219183,90,0.011111111111111112
1182583415238213924,90,0.7
1182968414783178530,90,0.8222222222222222
1183017021812217426,90,0.4
1183115069538374511,90,0.4222222222222222
1183164171244015797,90,0.9444444444444444
1183200766013331746,90,1.0
1183537149117335777,90,0.03333333333333333
1183711822679127656,90,1.0
1183747087020966145,90,0.23333333333333334
1183945788858911234,90,0.5111111111111111
1184298278027958023,90,0.9777777777777777
1184313306165863989,90,1.0
1184395063610526091,90,0.3888888888888889
1184427125762570289,90,1.0
1184445420560916225,90,0.2777777777777778
1184451577946249092,90,0.2111111111111111
1184534050924958031,90,0.0
1184615924514934331,90,0.3888888888888889
1184636427847469532,90,0.2
1184658884350949089,90,0.28888888888888886
1184664479551254300,90,0.28888888888888886
1184670216932081174,90,0.37777777777777777
1184672127219884833,90,0.28888888888888886
1184673625899010539,90,0.35555555555555557
1184679816510546148,90,0.9666666666666667
1184682151065701849,90,0.9666666666666667
1184683754724281818,90,0.9666666666666667
1185097037529802528,90,0.0
1185104938415292089,90,0.36666666666666664
1185328245615612604,90,0.16666666666666666
1185338069069946074,90,0.3111111111111111
1185339222985398995,90,0.13333333333333333
1185341038316826065,90,0.13333333333333333
1185342225400988214,90,0.14444444444444443
1185761757629955898,90,0.0
1185801748748537098,90,0.0
1185804623671029188,90,1.0
1185832787693578888,90,1.0
1185845927146745022,90,0.011111111111111112
1185944974177729031,90,0.36666666666666664
1186056866526505310,90,0.4666666666666667
1186098103152094314,90,0.2
1186105375155797441,90,0.28888888888888886
1186121136048017365,90,0.35555555555555557
1186523344688058047,90,1.0
1186560223961764023,90,0.37777777777777777
1186572351550758878,90,0.6888888888888889
1186608314716941561,90,0.4777777777777778
1186711096846886290,90,1.0
1186751713804146681,90,0.2
1187226772887266053,90,0.1
1187282627066774291,90,0.3888888888888889
1187297878988139156,90,0.7
1187327281749193754,90,0.8888888888888888
1187363981333290112,90,0.6222222222222222
1187364031284232385,90,0.2222222222222222
1187426308165577375,90,0.18888888888888888
1187494839162203167,90,0.9555555555555556
1187508938727374216,90,0.6111111111111112
1187558730052992710,90,0.13333333333333333
1187927292583679018,90,0.2222222222222222
1187950285774073244,90,0.8
1188138017420691933,90,0.2222222222222222
1188188392995566063,90,0.45555555555555555
1188194837843098420,90,0.06666666666666667
1188204555895276193,90,0.6222222222222222
1188215203463183079,90,0.25555555555555554
1188262853651106917,90,1.0
1188313142159159114,90,0.9777777777777777
1188334054259381653,90,0.0
1188636373791529070,90,0.3
1188705136965249402,90,0.0
1188922146639474708,90,0.3333333333333333
1188926778665900840,90,0.06666666666666667
1189024479224231518,90,0.7555555555555555
1189208139350135186,90,0.35555555555555557
1189263140015055973,90,0.6222222222222222
1189322143323942717,90,1.0
1189382154659393285,90,0.03333333333333333
1189439778519632974,90,0.24444444444444444
1189456167477961974,90,0.6555555555555556
1189564203399141161,90,1.0
1189714517955976835,90,0.2
1189775469862898275,90,0.4111111111111111
1190116625880257639,90,0.0
1190156604198805934,90,0.5555555555555556
1190196756596742606,90,0.32222222222222224
1190267443921998880,90,0.8555555555555555
1190267476472885509,90,0.7444444444444445
1190282928073350213,90,0.8555555555555555
1190415586032124247,90,0.37777777777777777
1190486296502716695,90,0.18888888888888888
1190506479304024448,90,0.06666666666666667
1190838704249834883,90,0.0
1190845858183239679,90,0.4888888888888889
1190849710231060114,90,0.0
1190849783863422942,90,0.0
1190860716412874141,90,0.2111111111111111
1190883419284377280,90,0.2111111111111111
1190930796600084132,90,0.6
1191113500063942457,90,0.23333333333333334
1191126583207372392,90,0.23333333333333334
1191165637120758231,90,1.0
1191168094470962674,90,1.0
1191201969136393293,90,0.0
1191423874083577484,90,0.25555555555555554
1191515188695405198,90,0.9444444444444444
1191576351812088793,90,0.9777777777777777
1191675233902884230,90,0.3
1191743448660555945,90,0.17777777777777778
1191765913108887588,90,0.7222222222222222
1191814224624569959,90,0.7222222222222222
1191839380030081505,90,0.0
1191859819153176563,90,0.3333333333333333
1192263628761694486,90,1.0
1192313576231727379,90,0.07777777777777778
1192424755970639194,90,0.0
1192427012779553509,90,0.6666666666666666
1192436433602247875,90,0.2777777777777778
1192484550792710329,90,1.0
1192496085525029232,90,0.13333333333333333
1192520249498898459,90,0.37777777777777777
1192545870646402261,90,1.0
1192557790169882659,90,0.0
1192618495410706739,90,0.0
1192721016712258389,90,0.14444444444444443
1193008081777578982,90,0.13333333333333333
1193017213722711561,90,0.3888888888888889
1193124542807954967,90,0.011111111111111112
1193162874314014472,90,0.15555555555555556
1193199608543842270,90,0.5555555555555556
1193726065488317728,90,0.07777777777777778
1193736376549676656,90,0.3333333333333333
1193801801311801422,90,1.0
1193803811595435580,90,1.0
1193897434708041567,90,1.0
1193911432877040517,90,0.0
1193911832902511714,90,1.0
1193996472699776384,90,0.1111111111111111
1194103313352268560,90,0.6888888888888889
1194457055372108561,90,0.7111111111111111
1194487943904441408,90,0.3888888888888889
1194540452031924350,90,0.15555555555555556
1194757239004581782,90,0.0
1194870870807575924,90,0.4888888888888889
1195093007220075297,90,0.2111111111111111
1195180986301751851,90,0.1
1195341116523770991,90,0.13333333333333333
1195453057093391075,90,0.0
1195837909719935820,90,0.03333333333333333
1195882775474846239,90,0.4777777777777778
1195889599004367960,90,0.5555555555555556
1195962528988728835,90,0.17777777777777778
1195971296632783864,90,0.0
1195990472924721594,90,1.0
1196022885272719399,90,0.07777777777777778
1196047306204283313,90,0.37777777777777777
1196155854656426434,90,0.23333333333333334
1196226476213427938,90,0.24444444444444444
1196438775499897446,90,0.23333333333333334
1196552531891369995,90,1.0
1196592086230896243,90,1.0
1196629927441619081,90,0.0
1196840521142711268,90,0.9555555555555556
1196957800199904759,90,0.13333333333333333
1196986988924928259,90,0.0
1197272927012386286,90,0.9555555555555556
1197326394469183254,90,0.0
1197338738542357361,90,0.5555555555555556
1197347902061734574,90,1.0
1197661023709210382,90,0.3888888888888889
1197688878237868010,90,0.45555555555555555
1198014571424466057,90,0.36666666666666664
1198022464426082176,90,1.0
1198051293701623179,90,0.13333333333333333
1198072363726404384,90,0.7888888888888889
1198078912010050774,90,0.8555555555555555
1198096425553577843,90,1.0
1198096818180211537,90,1.0
1198124889500295270,90,0.06666666666666667
1198143083592199964,90,0.0
1198180912654789179,90,1.0
1198204127165579312,90,0.06666666666666667
1198368009700511222,90,0.7444444444444445
1198411518116439174,90,0.3888888888888889
1198831700120016930,90,0.13333333333333333
1198839418043774732,90,0.0
1198886663705346418,90,0.2111111111111111
1198947473519778075,90,1.0
1198969026983813652,90,0.03333333333333333
1199137249056708190,90,0.8777777777777778
1199516666168993620,90,1.0
1200159403267810659,90,0.9444444444444444
1200405059172402853,90,1.0
1200418671212136508,90,0.9555555555555556
1200431251239013609,90,0.2111111111111111
1200439029049302456,90,0.0
1200930528618761574,90,0.24444444444444444
1200934730359503468,90,0.011111111111111112
1200942952740157478,90,0.2
1200953277812145705,90,0.6666666666666666
1200999754521885279,90,0.8444444444444444
1201172371610107474,90,1.0
1201223701701853004,90,0.06666666666666667
1201229076439153889,90,0.0
1201349859686294896,90,0.2222222222222222
1201350139883669456,90,0.34444444444444444
1201354168491633136,90,0.17777777777777778
1201688547217054751,90,0.13333333333333333
1201700217502920608,90,0.6777777777777778
1201714682395518361,90,1.0
1201815707571181474,90,0.06666666666666667
1201841345858948439,90,0.4777777777777778
1201857890955135533,90,0.16666666666666666
1201882851964679801,90,0.0
1201898719727952232,90,0.9333333333333333
1201919821877546972,90,0.0
1201981930260263686,90,0.022222222222222223
1202022730908031075,90,0.3333333333333333
1202030925226023497,90,1.0
1202034597667593371,90,0.8444444444444444
1202053255590891915,90,1.0
1202069627869207023,90,1.0
1202091345831098075,90,0.6111111111111112
1202414501478775424,90,1.0
1202529136202308054,90,0.2
1202552330708638980,90,0.25555555555555554
1202601390184769721,90,0.13333333333333333
1202664707185512770,90,0.0
1203048540229228266,90,0.6222222222222222
1203154176386661458,90,0.8555555555555555
1203202897021472413,90,0.35555555555555557
1203204871412101361,90,0.5666666666666667
1203213527212284633,90,0.9444444444444444
1203254852524683701,90,0.1111111111111111
1203368378449014664,90,0.08888888888888889
1203376129973164657,90,0.13333333333333333
1203493864281155359,90,0.0
1203898092009067118,90,0.9888888888888889
1203938338181709987,90,0.6888888888888889
1203939059514957833,90,0.4111111111111111
1204004960786617665,90,0.0
1204035241984494463,90,0.5
1204126257235506436,90,0.5333333333333333
1204132562659425179,90,0.0
1204157960548187259,90,0.13333333333333333
1204283989745567745,90,0.2222222222222222
1204297468691150451,90,0.05555555555555555
1204508925194585587,90,0.5222222222222223
1204583452226169927,90,1.0
1204657999107084919,90,0.18888888888888888
1204715030110196959,90,0.3111111111111111
1204717128717656542,90,0.28888888888888886
1204757123097632875,90,0.06666666666666667
1204912672363970771,90,0.32222222222222224
1204920276060038616,90,0.0
1205006397315225685,90,0.03333333333333333
1205215721892544779,90,0.0
1205406696571644029,90,1.0
1205446720166117731,90,0.07777777777777778
1205461978724994307,90,0.24444444444444444
1205500254754160238,90,0.5444444444444444
1205651550778000140,90,1.0
1206039795345193614,90,1.0
1206075487239059663,90,1.0
1206151825810820464,90,0.34444444444444444
1206174332906293014,90,0.15555555555555556
1206176304522125419,90,0.2777777777777778
1206225424689159017,90,0.28888888888888886
1206234644481464028,90,0.13333333333333333
1206251509271678801,90,1.0
1206285851942759720,90,0.34444444444444444
1206374693861612425,90,0.03333333333333333
1206483340385304715,90,0.6
1206773471304372978,90,1.0
1206787807631829383,90,0.0
1206833474208451590,90,0.4777777777777778
1206914723437463823,90,1.0
1206931132743968208,90,1.0
1206936401813857834,90,0.34444444444444444
1207021084825417277,90,0.3333333333333333
1207024872762492378,90,0.4222222222222222
1207160324992187460,90,0.8222222222222222
1207500732770068244,90,0.0
1207554703060745869,90,1.0
1207643013971894648,90,0.0
1207657606119698266,90,0.5222222222222223
1207695715655763562,90,1.0
1207865827242838576,90,0.03333333333333333
1208320446921920349,90,0.2111111111111111
1208342714908561516,90,0.2111111111111111
1208387233177831518,90,0.2111111111111111
1208402474878336318,90,0.0
1208404300923017739,90,0.6444444444444445
1208440634546821674,90,0.2222222222222222
1208598082566768199,90,0.8333333333333334
1208959983942953159,90,0.07777777777777778
1208990356820385029,90,1.0
1208998386428403966,90,0.5555555555555556
1209013632576486819,90,0.4111111111111111
1209014211573802522,90,1.0
1209017874421846980,90,0.022222222222222223
1209021581075497989,90,0.03333333333333333
1209039535875220818,90,1.0
1209042698044412327,90,0.07777777777777778
1209043888692042773,90,0.7888888888888889
1209053669885610934,90,0.5777777777777777
1209056250565401334,90,0.011111111111111112
1209078187632841937,90,0.28888888888888886
1209086265325508032,90,1.0
1209096156073354128,90,0.0
1209103529662795266,90,0.0
1209839518318072900,90,1.0
1209971034612615515,90,0.3
1209983524249113677,90,0.0
1209993417800660219,90,1.0
1210414392804180675,90,0.5888888888888889
1210518927378425355,90,0.1
1210532296292580363,90,1.0
1210534832839499381,90,0.12222222222222222
1210561761735180277,90,0.8111111111111111
1210587825028626566,90,0.011111111111111112
1210594526202732599,90,1.0
1210773064530501872,90,0.15555555555555556
1211063845843229973,90,0.2222222222222222
1211111544795005616,90,0.8333333333333334
1211139540439480552,90,0.1111111111111111
1211167863617462380,90,0.0
1211243405551780567,90,0.0
1211267444908675163,90,0.23333333333333334
1211275341945862650,90,0.4444444444444444
1211289330580519591,90,0.0
1211289554052499975,90,0.13333333333333333
1211335231870528423,90,0.022222222222222223
1211338563374163260,90,0.0
1211348327031774681,90,0.0
1211350684552446595,90,1.0
1211352363433334630,90,0.0
1211354384489032303,90,0.0
1211356740447550845,90,0.0
1211455583048168734,90,0.6222222222222222
1211461976285485694,90,0.17777777777777778
1211470422403945229,90,0.3111111111111111
1211519269823294008,90,0.37777777777777777
1211520539262795354,90,0.37777777777777777
1211609541711711725,90,0.26666666666666666
1211831367794731727,90,0.3333333333333333
1211837246857578365,90,0.0
1211947902417753185,90,0.28888888888888886
1212083669270174781,90,0.16666666666666666
1212105961810059446,90,0.022222222222222223
1212116180704416889,90,0.9888888888888889
1212154326612284867,90,0.0
1212192918188146377,90,0.7333333333333333
1212202228174035371,90,0.36666666666666664
1212207995335212186,90,1.0
1212220352977311160,90,0.9333333333333333
1212224916987924934,90,0.24444444444444444
1212559072851252923,90,0.9777777777777777
1212583632168234748,90,0.05555555555555555
1212605182492171022,90,0.05555555555555555
1212613552849837652,90,0.07777777777777778
1212635629379050470,90,0.34444444444444444
1212722932968948742,90,0.4777777777777778
1212723465547380586,90,0.2
1212725605812316725,90,0.0
1212737911653704231,90,1.0
1212788769741949423,90,0.9444444444444444
1212789731460555282,90,1.0
1212799500939172374,90,0.03333333333333333
1212945722124169748,90,0.8333333333333334
1213265418296887742,90,1.0
1213329423912014342,90,0.1111111111111111
1213346074336052639,90,0.07777777777777778
1213376810895055181,90,0.4111111111111111
1213474068154705997,90,0.2777777777777778
1213486954063282648,90,0.2222222222222222
1213487142073295727,90,0.12222222222222222
1213487356385311245,90,0.5444444444444444
1213611925053312025,90,0.34444444444444444
1213641115268930617,90,1.0
1214000625432771613,90,0.34444444444444444
1214017637585325063,90,0.25555555555555554
1214025391395772238,90,0.011111111111111112
1214078718800309010,90,0.9222222222222223
1214107938908680342,90,0.7888888888888889
1214205740307193058,90,1.0
1214752396052001485,90,0.022222222222222223
1214797196589357095,90,0.13333333333333333
1214889323216733823,90,0.1
1215481251808821802,90,0.0
1215542598285821000,90,0.6111111111111112
1215733018022479615,90,1.0
1215790186861173446,90,0.0
1215804686641919248,90,1.0
1216187285760569416,90,0.022222222222222223
1216199603444678446,90,0.5888888888888889
1216205284186459476,90,0.4444444444444444
1216227890711629076,90,0.13333333333333333
1216233408418982883,90,1.0
1216239895167920248,90,1.0
1216257333215776494,90,0.0
1216361974585046540,90,0.9888888888888889
1216420900102647114,90,0.2222222222222222
1216462484219330523,90,0.4222222222222222
1216489816616696516,90,0.7333333333333333
1216992089576584579,90,1.0
1217073102195901972,90,0.25555555555555554
1217137322866571730,90,0.0
1217259042312623212,90,0.0
1217319728092090723,90,0.25555555555555554
1217611279996172726,90,0.34444444444444444
1217672342350511013,90,0.37777777777777777
1217862078051531232,90,0.5444444444444444
1217911415882602890,90,0.5111111111111111
1218334011340571045,90,0.5666666666666667
1218385263403869772,90,0.0
1218407222175265103,90,0.5333333333333333
1218412389498444348,90,0.23333333333333334
1218425920816456419,90,1.0
1218460479460618291,90,0.18888888888888888
1218467599774798922,90,0.4
1218472037652096297,90,1.0
1218494202888205516,90,1.0
1218589147895576453,90,1.0
1218666647329787391,90,0.16666666666666666
1218701608377936336,90,0.1
1219098171483500706,90,0.23333333333333334
1219190115759298379,90,1.0
1219218273885124462,90,0.45555555555555555
1219234620083139829,90,1.0
1219276733322196307,90,0.7222222222222222
1219389417082442270,90,0.3111111111111111
1219460437274033923,90,0.06666666666666667
1219465722036001235,90,0.5444444444444444
1219760552000271685,90,1.0
1219895337699337936,90,0.011111111111111112
1219949561898831017,90,0.0
1219985614195987999,90,1.0
1219998050072627617,90,0.16666666666666666
1219999986592999717,90,0.2222222222222222
1220142983806431323,90,0.03333333333333333
1220173472833978576,90,0.36666666666666664
1220487339408441928,90,1.0
1220566034073187748,90,1.0
1220588298389098055,90,0.0
1220740963528522010,90,0.3111111111111111
1220805471035100476,90,1.0
1220809380035111707,90,0.05555555555555555
1220848119575707837,90,0.18888888888888888
1220849427622830119,90,0.34444444444444444
1220860654674628836,90,0.0
1221397355657566652,90,0.45555555555555555
1221417816693973189,90,1.0
1221447314854522274,90,1.0
1221481238264645286,90,0.9555555555555556
1221510212874095820,90,1.0
1221544629241705479,90,0.25555555555555554
1221554442501256385,90,0.5
1221565513426786703,90,0.23333333333333334
1221962875926689336,90,0.0
1222111840289662653,90,0.044444444444444446
1222176571813911408,90,0.5111111111111111
1222186843264462727,90,0.0
1222255811175504763,90,0.6444444444444445
1222305983545743573,90,1.0
1222334818261924197,90,0.14444444444444443
1222359330367657143,90,0.0
1222396721367846580,90,0.5666666666666667
1222703542208067016,90,0.9444444444444444
1222732899827089829,90,1.0
1222821350266270987,90,0.43333333333333335
1222831914001368257,90,0.26666666666666666
1222837063805798228,90,0.13333333333333333
1223030303293281672,90,0.7333333333333333
1223044255669601216,90,1.0
1223052133767630324,90,1.0
1223405050709694622,90,0.6777777777777778
1223528737579322517,90,0.07777777777777778
1223761448954196596,90,0.12222222222222222
1223818529321489359,90,1.0
1224131480569913220,90,0.5
1224238582257711593,90,1.0
1224243023270644349,90,1.0
1224274036467884294,90,0.7666666666666667
1224328935076888171,90,0.5555555555555556
1224339917435039834,90,0.4666666666666667
1224377418929052786,90,0.08888888888888889
1224387527361185025,90,0.4777777777777778
1224395803407977189,90,0.5
1224399364915626394,90,0.35555555555555557
1224844258317185981,90,0.05555555555555555
1225087138470968950,90,1.0
1225128611591678795,90,0.7444444444444445
1225147014285549034,90,0.7777777777777778
1225197729674398222,90,0.011111111111111112
1225229629362143527,90,1.0
1225268487962174875,90,0.0
1225623208471686694,90,0.011111111111111112
1225756396587489729,90,0.35555555555555557
1225983329908508161,90,0.16666666666666666
1226369582677944936,90,0.5888888888888889
1226374551466230226,90,0.4444444444444444
1226410992151318538,90,0.8555555555555555
1226420421632603101,90,1.0
1226427312395048585,90,1.0
1226428431790663755,90,0.7333333333333333
1226441095509648109,90,0.07777777777777778
1226515333997957887,90,0.32222222222222224
1226551214174044599,90,0.022222222222222223
1226602936900613194,90,0.4111111111111111
1226796108652139148,90,0.7666666666666667
1227097857702022170,90,0.0
1227111923159595200,90,0.13333333333333333
1227126757310716992,90,1.0
1227135193332410225,90,0.0
1227193413391556329,90,0.5777777777777777
1227236874429809012,90,0.1111111111111111
1227237473479253725,90,0.1111111111111111
1227243070256573845,90,0.13333333333333333
1227258122292130785,90,0.06666666666666667
1227280678319908742,90,0.23333333333333334
1227395853392327196,90,0.6
1227414203295446536,90,1.0
1227444531961052553,90,0.3
1227734517945769561,90,0.0
1227810563049645245,90,0.7777777777777778
1227827464608595771,90,0.0
1227854680418398116,90,1.0
1227861462819700103,90,0.3111111111111111
1227880382949352564,90,1.0
1227881637514361114,90,1.0
1227902184301561639,90,1.0
1228152670041690015,90,0.03333333333333333
1228219064642671227,90,0.13333333333333333
1228485305204027620,90,0.5555555555555556
1228531494811450997,90,1.0
1228570501124013473,90,0.2222222222222222
1228629789899260990,90,1.0
1228671176975377586,90,0.6444444444444445
1228671456490566950,90,0.7222222222222222
1228673813892861045,90,0.5
1228712300325627148,90,0.28888888888888886
1228724599616212093,90,0.1
1228851030799203976,90,1.0
1228994527068851338,90,0.0
1229285195145895481,90,0.5888888888888889
1229342210181414468,90,0.0
1229377845143184198,90,0.0
1229589611488567896,90,1.0
1229601625705873196,90,0.4888888888888889
1229971487825643528,90,0.6666666666666666
1230013296019386187,90,0.24444444444444444
1230070054362415133,90,0.13333333333333333
1230071263349331777,90,0.0
1230074476663054244,90,0.2111111111111111
1230074541934140689,90,0.13333333333333333
1230086773705143335,90,1.0
1230184283094998988,90,0.044444444444444446
1230356047926667552,90,1.0
1230620768225370002,90,0.28888888888888886
1230675689799927084,90,0.36666666666666664
1230745299880215741,90,1.0
1230750424667841564,90,0.6777777777777778
1230875397563923211,90,0.17777777777777778
1230885539271467608,90,0.7444444444444445
1230956531983066825,90,0.23333333333333334
1231025173265775097,90,0.3888888888888889
1231275977225135992,90,0.06666666666666667
1231313283946579796,90,0.25555555555555554
1231515695824632819,90,0.4666666666666667
1231527218048250453,90,0.011111111111111112
1231530783320409262,90,0.0
1231532061421941460,90,0.5777777777777777
1231550530106894577,90,1.0
1231552807182693562,90,0.044444444444444446
1231581015375286057,90,0.2111111111111111
1231657980107917146,90,0.05555555555555555
1231751058654088902,90,1.0
1231837339406735109,90,0.6222222222222222
1232050460152787949,90,0.0
1232059458255684692,90,0.0
1232158746229683154,90,0.28888888888888886
1232232733892686586,90,0.5111111111111111
1232234835835103325,90,0.8111111111111111
1232236696737080247,90,0.28888888888888886
1232258114853723837,90,0.1111111111111111
1232348386844625583,90,0.4111111111111111
1232352490307338080,90,0.5666666666666667
1232356850281457816,90,0.022222222222222223
1232367690905038732,90,0.011111111111111112
1232436535091085924,90,0.9555555555555556
1232437161062760085,90,0.17777777777777778
1232470222465111824,90,0.022222222222222223
1232753566119169677,90,0.022222222222222223
1232852473018836919,90,1.0
1232855074837384836,90,1.0
1232888208625998510,90,0.7888888888888889
1232915438850007727,90,0.8
1232998498589022993,90,1.0
1233068684251500969,90,1.0
1233069891554082261,90,0.28888888888888886
1233227156849199661,90,0.2111111111111111
1233559333895602314,90,0.2111111111111111
1233596442907250129,90,0.0
1233701186988115530,90,0.13333333333333333
1233750385915855127,90,0.0
1233901025077322288,90,1.0
1234228177873392810,90,0.7888888888888889
1234437897555828476,90,0.36666666666666664
1234460523958987390,90,0.3
1234499849381790982,90,0.16666666666666666
1234652322141097587,90,0.34444444444444444
1234942403146576249,90,0.8777777777777778
1235105598769546528,90,1.0
1235139621409350447,90,1.0
1235145222768880299,90,0.1111111111111111
1235420188672076005,90,0.6333333333333333
1235729463945568186,90,0.4222222222222222
1235831828238505887,90,0.06666666666666667
1235832553667347274,90,1.0
1235867846258094259,90,1.0
1235931586103715153,90,0.16666666666666666
1235985669478930173,90,0.06666666666666667
1235990596998820605,90,1.0
1236072413474678150,90,0.06666666666666667
1236104659423458940,90,0.1
1236453415905030985,90,0.022222222222222223
1236485140513675787,90,0.03333333333333333
1236491457337469287,90,1.0
1236509153805904176,90,0.08888888888888889
1236523591818447457,90,1.0
1236574488222905033,90,0.0
1236594846810073248,90,0.1
1236598127703704405,90,0.26666666666666666
1236598716171245284,90,0.34444444444444444
1236604197318478509,90,0.37777777777777777
1236610435576546705,90,0.9777777777777777
1236630097661058202,90,1.0
1236637865199382569,90,0.03333333333333333
1236684669961405071,90,0.0
1236782851920924362,90,0.4
1236818346545803901,90,0.0
1236828845990619960,90,0.0
1237120870353149306,90,1.0
1237155925515986950,90,0.25555555555555554
1237213939356595867,90,0.07777777777777778
1237229654082595656,90,0.18888888888888888
1237232677259112008,90,0.9555555555555556
1237293379583652210,90,0.0
1237298132650392479,90,0.36666666666666664
1237343406153737572,90,0.36666666666666664
1237355741554246330,90,0.044444444444444446
1237356219669843751,90,0.3888888888888889
1237568226850729578,90,0.17777777777777778
1237575760455959522,90,0.07777777777777778
1237577429603310677,90,0.0
1237886801901791646,90,0.03333333333333333
1237903720123017345,90,0.0
1238002912973970759,90,0.07777777777777778
1238013479871063569,90,0.25555555555555554
1238027416515609096,90,0.26666666666666666
1238101073463872143,90,0.4111111111111111
1238150702507275949,90,0.0
1238247651716241000,90,1.0
1238267865385003741,90,1.0
1238272941010184122,90,1.0
1238300400965978887,90,0.4111111111111111
1238378680785087442,90,0.1
1238622798754198796,90,0.18888888888888888
1238776736081889631,90,0.2
1238807529459589038,90,0.011111111111111112
1238814935607643403,90,0.1111111111111111
1238820407534077287,90,0.2222222222222222
1238829090539990054,90,1.0
1238906616440265314,90,0.5777777777777777
1238996096728891764,90,1.0
1239359491008915758,90,0.7222222222222222
1239359995329089142,90,1.0
1239374372216156301,90,0.5333333333333333
1239380897564461975,90,0.7888888888888889
1239386220244730002,90,0.08888888888888889
1239393044373235567,90,0.044444444444444446
1239429630857873230,90,0.0
1239508567859435955,90,0.6
1239520410615203185,90,0.2
1239563027871371135,90,1.0
1239588313044886687,90,0.4
1239754856931640720,90,0.3
1240165972365229327,90,0.16666666666666666
1240179529044213493,90,0.12222222222222222
1240265891925501377,90,0.13333333333333333
1240269339938470235,90,1.0
1240295051377964278,90,0.0
1240298330829562469,90,0.26666666666666666
1240378173951941441,90,0.7111111111111111
1240451104470494854,90,0.044444444444444446
1240742694216461175,90,0.8111111111111111
1240820454388255067,90,0.0
1240827382961227858,90,1.0
1240830743838976308,90,1.0
1240898014677946176,90,0.7111111111111111
1241042886505674771,90,1.0
1241262943857970287,90,0.0
1241454027812292148,90,1.0
1241509758226450760,90,0.0
1241587167995554795,90,0.6111111111111112
1241604762689959329,90,0.34444444444444444
1241633530603258593,90,0.5888888888888889
1241712624765718050,90,1.0
1241723249077342404,90,1.0
1241760880769219575,90,0.1
1241822676253743842,90,0.05555555555555555
1241875634126404675,90,0.0
1241898472399652605,90,0.011111111111111112
1241905734497164093,90,0.37777777777777777
1242391275682074233,90,0.4777777777777778
1242404785606970072,90,0.8333333333333334
1242457198029876477,90,1.0
1242464472389141129,90,0.8444444444444444
1242468028523603280,90,0.5333333333333333
1242515672829644788,90,0.4777777777777778
1242584592988319241,90,0.13333333333333333
1242666596097516573,90,0.6888888888888889
1242689433794285576,90,1.0
1242696856886028217,90,0.45555555555555555
1242700909848427171,90,0.044444444444444446
1242975171961286786,90,1.0
1243038139244189003,90,0.5555555555555556
1243120388146004676,90,0.0
1243342093237103755,90,1.0
1243723679390966232,90,0.4
1243803139492368307,90,0.6777777777777778
1244004536813747058,90,0.0
1244123303482517642,90,0.3
1244430797270712308,90,0.25555555555555554
1244466247044732383,90,0.03333333333333333
1244488787821754125,90,1.0
1244505906958547037,90,0.0
1244594857868794404,90,0.05555555555555555
1244666286763116285,90,0.13333333333333333
1244698511265013208,90,1.0
1244702599225114285,90,0.16666666666666666
1244704795350269305,90,0.2777777777777778
1245120286551729884,90,0.8222222222222222
1245142659074486220,90,0.9777777777777777
1245189145513795645,90,1.0
1245202838463805513,90,0.15555555555555556
1245256714370821651,90,1.0
1245391020527125503,90,0.7111111111111111
1245399551199336508,90,1.0
1245526322013344782,90,1.0
1245923556923101424,90,1.0
1245960203183418210,90,0.0
1245966863400812541,90,0.6888888888888889
1246001113030005473,90,0.0
1246086871695714672,90,0.14444444444444443
1246183402966856530,90,0.4111111111111111
1246224478608065696,90,0.8555555555555555
1246546669633195960,90,0.7111111111111111
1246566230069660412,90,0.8777777777777778
1246630787771780419,90,0.044444444444444446
1246755121730839272,90,0.044444444444444446
1246893783002632946,90,1.0
1246919301852985223,90,0.0
1246937094481481010,90,0.011111111111111112
1247342222904938990,90,0.8
1247399945794986108,90,0.26666666666666666
1247454681818406143,90,0.07777777777777778
1247494183794701733,90,0.2111111111111111
1247520963837100806,90,0.6222222222222222
1247601315730996441,90,0.0
1247760298992771149,90,0.13333333333333333
1247782937595739966,90,0.0
1248004826410400016,90,0.4444444444444444
1248019644519855970,90,0.4
1248062970178347131,90,0.17777777777777778
1248086554503988284,90,0.35555555555555557
1248106672995827601,90,0.05555555555555555
1248190446914971452,90,1.0
1248221128900169534,90,0.044444444444444446
1248298888244515742,90,1.0
1248396080747111774,90,0.23333333333333334
1248418761518295819,90,0.13333333333333333
1248422351321767453,90,0.6555555555555556
1248492644232825604,90,0.13333333333333333
1248503989017068662,90,0.13333333333333333
1248782389474034595,90,0.4222222222222222
1248803732655185666,90,1.0
1248824472930273462,90,1.0
1248878799566790674,90,1.0
1248966234643113173,90,0.16666666666666666
1249094761863090696,90,0.06666666666666667
1249112763090567857,90,0.0
1249114252622813149,90,0.1
1249228307273508923,90,0.3
1249470647671629562,90,1.0
1249588936992914122,90,0.3111111111111111
1249608929096190030,90,0.5111111111111111
1249665728655947798,90,0.13333333333333333
1249670512237355174,90,1.0
1249838530417765048,90,0.12222222222222222
1249857166739878419,90,0.25555555555555554
1250338938708707929,90,0.0
1250399738110765015,90,1.0
1250424855319516127,90,0.0
1250491046299358087,90,1.0
1250513207614459195,90,0.6666666666666666
1250592695779115090,90,1.0
1250782792265691351,90,1.0
1250843157114647913,90,0.7333333333333333
1251036668425602882,90,0.0
1251115359960608122,90,0.7777777777777778
1251125081501351648,90,0.0
1251161452038517951,90,0.8888888888888888
1251213139342114450,90,0.4111111111111111
1251262798918817747,90,0.2111111111111111
1251524607094681045,90,1.0
1251583018461746006,90,0.13333333333333333
1251700364619715494,90,0.14444444444444443
1251747525589098757,90,0.24444444444444444
1251751711577416626,90,0.2222222222222222
1251773627581616250,90,1.0
1251781397898037244,90,0.0
1251835072228224504,90,0.9888888888888889
1251922790465826193,90,0.022222222222222223
1252013322924031443,90,0.14444444444444443
1252122061762365550,90,0.4
1252418378736399938,90,0.4888888888888889
1252549652174965967,90,1.0
1252566798213733461,90,0.05555555555555555
1252642461925469979,90,0.13333333333333333
1252740051050689913,90,0.34444444444444444
1252755272590182849,90,0.23333333333333334
1252804007296866209,90,0.5777777777777777
1253131269042864156,90,0.05555555555555555
1253135002332376059,90,0.12222222222222222
1253137695100105012,90,1.0
1253182753357810214,90,0.0
1253195171540942979,90,0.1111111111111111
1253201284928265379,90,1.0
1253212127365353489,90,0.0
1253214714109266177,90,0.044444444444444446
1253230516881634211,90,0.6333333333333333
1253230699532952186,90,0.0
1253235940268544988,90,1.0
1253253099974273134,90,1.0
1253262649457058000,90,0.15555555555555556
1253350533224121281,90,1.0
1253398516470942828,90,1.0
1253405811000777820,90,0.011111111111111112
1253554088035766539,90,1.0
1253554955735153373,90,0.0
1253604050736151398,90,0.0
1253605901422078848,90,0.0
1253607765089420051,90,0.0
1253610076646726277,90,0.0
1253611105088341352,90,0.0
1253612156417221415,90,0.0
1253613197916089996,90,0.0
1253614309621837172,90,0.0
1253615421449614730,90,0.0
1253851201980011723,90,0.1111111111111111
1253910383523191140,90,1.0
1253929853112223261,90,0.6666666666666666
1253930152465289748,90,0.6333333333333333
1253930459000686401,90,0.7
1253930764147838848,90,0.8
1253931063568164663,90,0.9
1253955472495769272,90,1.0
1253965023321137982,90,0.0
1253995167222354458,90,0.0
1253995402567835013,90,0.32222222222222224
1254006457647086147,90,0.8
1254040166248555872,90,0.0
1254133384134386803,90,0.7
1254165048482825538,90,0.08888888888888889
1254545751682267638,90,0.0
1254567568804593464,90,0.0
1254581545516489668,90,0.0
1254610391319859134,90,0.37777777777777777
1254637282088912755,90,0.0
1254651426296561905,90,0.5888888888888889
1254657749330720148,90,0.022222222222222223
1254756327929784719,90,0.5
1254905949099673946,90,0.07777777777777778
1254946400353441120,90,0.28888888888888886
1254958643660884656,90,0.5444444444444444
1254968828647423942,90,0.13333333333333333
1254980637871967748,90,0.25555555555555554
1256112517545525334,90,1.0
1256147675358661252,90,0.8555555555555555
1256204699785174883,90,0.4888888888888889
1256223792174289167,90,0.23333333333333334
1256269678473177978,90,0.9
1256293017169423811,90,0.0
1256316293381128178,90,0.14444444444444443
1256330207701995656,90,0.7111111111111111
1256355240169417801,90,0.9222222222222223
1256402897628980381,90,0.022222222222222223
1256493685021896204,90,1.0
1256740229512906266,90,0.4444444444444444
1256812398795861054,90,0.7666666666666667
1256812717154687841,90,0.2111111111111111
1256842752019126686,90,0.9222222222222223
1256867275055625221,90,0.0
1256900661136745782,90,0.8555555555555555
1256907809434722574,90,0.3888888888888889
1257032611561205294,90,0.2222222222222222
1257110994887384039,90,0.022222222222222223
1257147983520121720,90,1.0
1257316738668391086,90,0.15555555555555556
1257317087429291660,90,0.17777777777777778
1257416707793635589,90,0.28888888888888886
1257474612000942140,90,0.044444444444444446
1257510687760296316,90,1.0
1257538097916945709,90,1.0
1257539359835834207,90,0.6888888888888889
1257558013623319489,90,0.4888888888888889
1257601216162513796,90,0.7777777777777778
1257627560787264394,90,1.0
1257646002676648801,90,0.3333333333333333
1257654400473587075,90,0.13333333333333333
1257714280882560017,90,0.37777777777777777
1257747710210944787,90,0.0
1257750961376174123,90,0.36666666666666664
1257804644886898932,90,0.4777777777777778
1257885707601019233,90,0.8222222222222222
1257902563288529732,90,0.35555555555555557
1257934170900871929,90,0.0
1258272131982757135,90,0.7
1258296678720803617,90,1.0
1258369038901048139,90,0.4222222222222222
1258476084388511947,90,0.8777777777777778
1258571033888464715,90,0.3888888888888889
1258622163479773446,90,0.24444444444444444
1258876324531162713,90,1.0
1258963558031765917,90,0.7555555555555555
1258971241418929929,90,0.6444444444444445
1258975328903871398,90,0.43333333333333335
1259020634001712114,90,0.4444444444444444
1259132137412735282,90,0.05555555555555555
1259134661335265610,90,0.7
1259140856223231679,90,1.0
1259229781796379423,90,0.4
1259246400767610611,90,0.26666666666666666
1259314981275561831,90,0.011111111111111112
1259346899224572253,90,0.32222222222222224
1259594231331441779,90,0.06666666666666667
1259630341034820713,90,0.5888888888888889
1259775760176851716,90,0.4222222222222222
1259777712382094085,90,0.23333333333333334
1259945148653378248,90,0.43333333333333335
1259998732909527351,90,1.0
1260113961717372407,90,1.0
1260354686860980406,90,0.36666666666666664
1260502929072099067,90,0.14444444444444443
1260521970679337532,90,0.07777777777777778
1260603834184198363,90,0.37777777777777777
1260705825517276752,90,0.43333333333333335
1261132200642764933,90,0.0
1261156047531332366,90,0.7444444444444445
1261220393739155496,90,0.36666666666666664
1261399118885591663,90,0.0
1261575243317359839,90,0.9555555555555556
1261909120999782448,90,0.0
1261940851460402156,90,0.05555555555555555
1261955202959183813,90,0.03333333333333333
1261964832445482889,90,0.6777777777777778
1261967505891255998,90,0.6888888888888889
1262102252515501122,90,0.0
1262109096429382564,90,1.0
1262225859132707554,90,0.3
1262474549245329256,90,1.0
1262694731573026209,90,0.0
1262711701680995601,90,0.24444444444444444
1262844391550574085,90,0.2777777777777778
1262901801010456186,90,0.9888888888888889
1262915206398408606,90,0.28888888888888886
1262921206376807251,90,0.3333333333333333
1263219584814117036,90,1.0
1263246651079075504,90,0.1
1263263182491676976,90,0.13333333333333333
1263275569189656001,90,0.8
1263284154481350643,90,0.8
1263284523253826454,90,0.8555555555555555
1263293976256430986,90,0.7111111111111111
1263308734921981391,90,0.4888888888888889
1263315281621711723,90,0.05555555555555555
1263317489573532562,90,0.8666666666666667
1263327707536596389,90,1.0
1263474572940188515,90,0.6666666666666666
1263483000862359429,90,1.0
1263525221243646731,90,0.6111111111111112
1263542612100410646,90,0.3888888888888889
1263558400030353112,90,0.45555555555555555
1263617173251768176,90,1.0
1263635909631533919,90,0.7
1263637714914633643,90,0.0
1263801665477573272,90,0.05555555555555555
1263912069198042321,90,1.0
1263947172147094358,90,0.37777777777777777
1263999035669065802,90,0.5444444444444444
1264047500931908132,90,0.4111111111111111
1264048077466688839,90,0.8
1264048621195952669,90,0.03333333333333333
1264056805160580858,90,0.4444444444444444
1264071338517466312,90,0.8
1264128643177957054,90,0.0
1264131030577484536,90,0.8
1264142366967186365,90,1.0
1264169721912694705,90,0.8
1264235509299148751,90,0.28888888888888886
1264240784372697437,90,0.17777777777777778
1264275760690560496,90,1.0
1264278061608834335,90,0.0
1264295760260789403,90,1.0
1264327981480312876,90,0.06666666666666667
1264719136646105230,90,1.0
1264768959811041388,90,0.1111111111111111
1264781401452859250,90,0.4222222222222222
1264833485512910590,90,0.6333333333333333
1264834326982127752,90,0.6888888888888889
1264933199955772723,90,1.0
1264937816877164814,90,0.3111111111111111
1264980590047278202,90,0.3333333333333333
1265079851660058347,90,0.7888888888888889
1265193699334005622,90,0.9777777777777777
1265221950618094335,90,0.0
1265345945889120000,90,0.0
1265426017896222912,90,1.0
1265478169713083562,90,0.0
1265550746668707204,90,0.7111111111111111
1265589444984671702,90,0.36666666666666664
1265590391367703196,90,0.15555555555555556
1265595707059352762,90,1.0
1265631708321206033,90,0.0
1265659468958631161,90,0.16666666666666666
1265740527551277302,90,0.6
1266200116450223525,90,0.23333333333333334
1266315681056285698,90,0.0
1266339118247914842,90,0.23333333333333334
1266346652622157346,90,0.6666666666666666
1266408764756564464,90,0.0
1266590791979154521,90,0.4888888888888889
1266596367422482505,90,0.7888888888888889
1266921792504553231,90,0.05555555555555555
1266958273929252432,90,0.3333333333333333
1266961698236111595,90,0.0
1266965141626886957,90,1.0
1266998625772886386,90,1.0
1266999605964257717,90,0.2777777777777778
1267025616773679452,90,0.1
1267029292357148752,90,1.0
1267061801843659169,90,0.9888888888888889
1267092630243056747,90,0.4777777777777778
1267123437908990524,90,0.26666666666666666
1267140176648617338,90,0.0
1267202108958944381,90,0.26666666666666666
1267232249815062009,90,1.0
1267237268283215068,90,0.0
1267304023421688653,90,0.0
1267564278750340755,90,1.0
1267642942989005800,90,1.0
1267718312452346577,90,0.06666666666666667
1267736006542867244,90,1.0
1267749767173969086,90,0.8555555555555555
1267778620573088516,90,1.0
1267899522974551545,90,0.3
1267901637142660328,90,1.0
1268185248992097613,90,0.2
1268350637776084121,90,0.2777777777777778
1268440465075352304,90,0.9111111111111111
1268483877520630427,90,0.1
1268661672652013917,90,0.0
1268663688887574263,90,0.6333333333333333
1269134785394115338,90,0.044444444444444446
1269196685818048034,90,0.1111111111111111
1269204066688958971,90,0.17777777777777778
1269272131731923879,90,0.35555555555555557
1269286418699761012,90,0.7444444444444445
1269306688771807893,90,1.0
1269323779860377971,90,1.0
1269421236729408863,90,1.0
1269723220040580069,90,0.5333333333333333
1269782999639987169,90,0.2777777777777778
1269981187048383419,90,0.044444444444444446
1270039236172964569,90,0.6777777777777778
1270060700042757251,90,0.35555555555555557
1270125261926905579,90,0.5888888888888889
1270140733312598153,90,0.15555555555555556
1270160497182127953,90,0.15555555555555556
1270571935622530827,90,0.8666666666666667
1270631752817738980,90,0.13333333333333333
1270826173218093572,90,0.14444444444444443
1270877346871216583,90,0.5222222222222223
1270882894918601496,90,0.1
1270887022405489744,90,0.0
1271221522545783668,90,0.13333333333333333
1271324215259605900,90,0.8666666666666667
1271385638310356765,90,0.36666666666666664
1271386189525279255,90,0.6888888888888889
1271388536723554436,90,1.0
1271422050028233454,90,0.022222222222222223
1271532539864127327,90,0.14444444444444443
1271558062929137662,90,1.0
1271589164001692289,90,0.3
1271650872748347094,90,0.13333333333333333
1271898285916854764,90,0.0
1271960716735639100,90,1.0
1271997157462075513,90,0.6888888888888889
1272016201874658243,90,0.0
1272124417518246124,90,0.06666666666666667
1272127981219299538,90,0.6111111111111112
1272207114879339075,90,1.0
1272221877865351739,90,0.6111111111111112
1272257154691459219,90,1.0
1272287603176978769,90,0.0
1272676566153983816,90,1.0
1272772110194117265,90,1.0
1272881401003904968,90,0.4222222222222222
1272894330238038465,90,0.4777777777777778
1272927771409783751,90,0.0
1272936450984351240,90,0.2777777777777778
1272947962837257450,90,0.28888888888888886
1272951344087548960,90,0.08888888888888889
1272951520671173930,90,0.7666666666666667
1272956715510480458,90,0.3
1273030624270731854,90,0.4777777777777778
1273063985407036596,90,1.0
1273470447323918581,90,0.8888888888888888
1273471839101551986,90,1.0
1273486525124149264,90,0.5666666666666667
1273497832007060026,90,1.0
1273503017672491593,90,0.0
1273508011890156043,90,0.2
1273542212523796058,90,1.0
1273544255625960760,90,0.08888888888888889
1273606271145587485,90,0.6111111111111112
1273618447798652224,90,0.3333333333333333
1273742684037658096,90,0.6333333333333333
1273748601443415231,90,0.022222222222222223
1273765347820848687,90,0.2222222222222222
1273775478367875272,90,1.0
1273817695310039071,90,1.0
1273866909183372697,90,0.9555555555555556
1274127783181607151,90,0.9444444444444444
1274176853260433145,90,0.05555555555555555
1274177171301902850,90,1.0
1274201085006263650,90,0.8777777777777778
1274202901420620475,90,0.5444444444444444
1274232058975787420,90,0.18888888888888888
1274277330604103999,90,0.7555555555555555
1274446444436363682,90,0.9555555555555556
1274485788736695864,90,0.9444444444444444
1274526029656939505,90,1.0
1274792877710942991,90,0.07777777777777778
1274819524011865657,90,0.37777777777777777
1274918146075771447,90,0.6333333333333333
1274919080184983161,90,0.6333333333333333
1275017746972721575,90,0.8666666666666667
1275023098375599322,90,1.0
1275058120901662493,90,0.07777777777777778
1275110585359054092,90,0.2111111111111111
1275193982547438134,90,0.2777777777777778
1275250773579656624,90,0.08888888888888889
1275456682814471461,90,0.5
1275484663862973852,90,1.0
1275954663481755378,90,0.16666666666666666
1275980972731302467,90,0.07777777777777778
1276327337355485915,90,0.7333333333333333
1276488275884348867,90,1.0
1276547409236633773,90,0.08888888888888889
1276579045886371855,90,0.07777777777777778
1276620729151128516,90,0.0
1276660449684989018,90,0.0
1276750320709366243,90,0.13333333333333333
1277000692968362162,90,0.9111111111111111
1277047546682616358,90,0.2222222222222222
1277054010265546262,90,0.07777777777777778
1277058588268486848,90,0.0
1277072899991269555,90,0.0
1277073258634695780,90,0.4111111111111111
1277073596255180740,90,0.3888888888888889
1277073894362052610,90,0.2
1277164544173105796,90,0.2
1277291604465407648,90,0.0
1277324297700896769,90,0.0
1277368005747786502,90,0.24444444444444444
1277707183908479188,90,0.2
1277781877001098030,90,0.1
1277804541068420319,90,0.23333333333333334
1277833697139798289,90,0.9666666666666667
1277838053659002208,90,0.6444444444444445
1277841109598214148,90,1.0
1277875313010267512,90,0.3111111111111111
1277965436776832656,90,0.022222222222222223
1278104389115475491,90,0.23333333333333334
1278114315236327286,90,0.7333333333333333
1278181834604418116,90,0.5111111111111111
1278203485812941505,90,0.18888888888888888
1278413669431337702,90,0.0
1278437694640692670,90,0.6888888888888889
1278530322975037530,90,0.1
1278583579674246505,90,1.0
1278606444149256554,90,0.7888888888888889
1278663374296823465,90,0.17777777777777778
1278728045577378103,90,0.044444444444444446
1278746738192882187,90,0.2
1278755127378656278,90,0.0
1278791217189714306,90,0.13333333333333333
1278809813504590273,90,0.0
1278819532771610037,90,1.0
1279205996780397397,90,0.4111111111111111
1279287632760024182,90,0.7444444444444445
1279293277793594286,90,0.12222222222222222
1279362626469592525,90,1.0
1279376203648120987,90,0.6555555555555556
1279382773539462113,90,1.0
1279393666517433285,90,0.0
1279403851228255668,90,0.9777777777777777
1279475379428545043,90,0.0
1279520759984128614,90,0.28888888888888886
1279548050669983192,90,0.4222222222222222
1279570737786105083,90,0.044444444444444446
1279601515253758478,90,0.34444444444444444
1279627746796090690,90,0.4888888888888889
1279646170104014710,90,0.2222222222222222
1279859408405198944,90,0.2777777777777778
1279935675939432377,90,0.2111111111111111
1279938040960563246,90,0.0
1280018284904984098,90,1.0
1280106383327510421,90,0.45555555555555555
1280635335654612543,90,0.5111111111111111
1280675504111941965,90,0.2111111111111111
1280712266347770365,90,0.5333333333333333
1280718371351955034,90,0.16666666666666666
1280719107843829400,90,0.4666666666666667
1280777001310522152,90,1.0
1280806404556648963,90,0.2
1280812824757009738,90,0.13333333333333333
1280860430735530186,90,0.9666666666666667
1280883165225720952,90,0.0
1280959267703623046,90,0.5555555555555556
1281330407974229610,90,0.13333333333333333
1281412518614423949,90,0.5777777777777777
1281470974669331768,90,0.0
1281488177976667562,90,0.044444444444444446
1281556303202029451,90,0.1
1281604818330286851,90,0.5555555555555556
1281612396499599919,90,1.0
1281706981117065565,90,0.5
1281713413733335874,90,1.0
1282113745157012755,90,0.6666666666666666
1282196540628560387,90,1.0
1282205312892318497,90,0.32222222222222224
1282227944443670380,90,0.26666666666666666
1282245543496746607,90,0.0
1282269765290900614,90,0.07777777777777778
1282275878305498739,90,0.13333333333333333
1282280184020376815,90,0.6777777777777778
1282280747145826289,90,0.6444444444444445
1282281271097422516,90,0.9888888888888889
1282281777014785192,90,0.9888888888888889
1282282269025207107,90,0.6333333333333333
1282283543777449711,90,0.7555555555555555
1282302092014394740,90,1.0
1282317919382337117,90,0.011111111111111112
1282328138237938192,90,0.08888888888888889
1282412877786753216,90,0.9
1282461147979248853,90,1.0
1282532827520895537,90,0.5777777777777777
1282752511981603854,90,0.03333333333333333
1282783485422599189,90,0.6444444444444445
1282828511641113242,90,1.0
1282847174936360770,90,1.0
1282856705710806955,90,0.7
1282868932810193556,90,1.0
1282885235037268044,90,0.0
1282886524246453421,90,0.9888888888888889
1282917358862718729,90,0.5777777777777777
1282918403568796558,90,0.5666666666666667
1282949646408098100,90,0.14444444444444443
1282980072844648726,90,1.0
1282994198008309010,90,0.7666666666666667
1283004947590681746,90,1.0
1283016723924413030,90,0.2
1283016730144914373,90,0.07777777777777778
1283017592434909601,90,0.0
1283023008120651598,90,0.26666666666666666
1283023415663024959,90,0.5777777777777777
1283165563427374296,90,1.0
1283254389523446726,90,1.0
1283696671692291406,90,0.5777777777777777
1283738473441781509,90,0.9888888888888889
1283755938013590788,90,0.24444444444444444
1283777914330096853,90,0.24444444444444444
1283799553697337877,90,0.3333333333333333
1283818828260045675,90,0.28888888888888886
1283821607880893593,90,0.2111111111111111
1283827028341420836,90,0.0
1283896539346133539,90,0.06666666666666667
1284158620164935918,90,0.13333333333333333
1284175570865352673,90,0.9
1284252977398812246,90,1.0
1284403920371893876,90,0.8333333333333334
1284487356477906837,90,0.2
1284540067782951930,90,1.0
1284565766458461442,90,0.022222222222222223
1284575463026628682,90,0.0
1284586400563721143,90,0.28888888888888886
1284633729483750992,90,0.06666666666666667
1284669759528041044,90,0.36666666666666664
1284687490494115845,90,0.5888888888888889
1284739694948625550,90,1.0
1284871395741537637,90,0.0
1285083369240898800,90,1.0
1285146716720412521,90,0.9444444444444444
1285275874416761211,90,0.4666666666666667
1285403537470910437,90,0.8222222222222222
1285704874445842072,90,0.06666666666666667
1285827127257264782,90,1.0
1285898132937074986,90,0.13333333333333333
1285919890391457782,90,1.0
1285984964114597830,90,0.011111111111111112
1286068085658093322,90,1.0
1286138511107563800,90,0.6
1286141886899396790,90,0.8555555555555555
1286404608764485424,90,0.13333333333333333
1286418625913888686,90,1.0
1286419052750685366,90,0.05555555555555555
1286458876120991710,90,1.0
1286503711696948722,90,0.6444444444444445
1286505117758236239,90,0.5555555555555556
1286512410484880315,90,0.5777777777777777
1286534918165525123,90,0.6555555555555556
1286599674086276322,90,0.7222222222222222
1286665229107355199,90,1.0
1286683237051702623,90,0.8888888888888888
1286721746973815186,90,0.35555555555555557
1286733060877483659,90,1.0
1286752626972729305,90,1.0
1286758464872602896,90,1.0
1286789934809628478,90,0.0
1286790821811748532,90,0.7777777777777778
1286802098140451155,90,0.7777777777777778
1287212918518386517,90,0.7555555555555555
1287271226291433152,90,0.9888888888888889
1287287800944566522,90,0.06666666666666667
1287333822678036394,90,0.5333333333333333
1287334403337929638,90,0.14444444444444443
1287340842408923610,90,1.0
1287345730203235364,90,1.0
1287409429388445587,90,1.0
1287497571385254387,90,0.16666666666666666
1287506218379376338,90,0.34444444444444444
1287546796412403401,90,0.45555555555555555
1287569990885129245,90,0.3333333333333333
1287581397776038698,90,0.13333333333333333
1287582535998040698,90,0.5666666666666667
1287605581558175220,90,0.35555555555555557
1287869342255726780,90,1.0
1287902360647227915,90,0.13333333333333333
1287977533450151114,90,0.4888888888888889
1288018580983636501,90,0.3888888888888889
1288029411311495493,90,0.5222222222222223
1288035754283942900,90,1.0
1288236138183740655,90,1.0
1288281479817082743,90,0.23333333333333334
1288292682386964998,90,1.0
1288497351776161591,90,0.07777777777777778
1288593545289170811,90,0.6777777777777778
1288598960266665800,90,0.022222222222222223
1288643908976921338,90,0.8666666666666667
1288649495523810594,90,1.0
1288690008154981024,90,0.05555555555555555
1288696633197216503,90,0.7
1288729334308905173,90,0.011111111111111112
1288738000680570889,90,0.022222222222222223
1288795171324184644,90,1.0
1288827205692830008,90,0.16666666666666666
1288838235557657587,90,0.08888888888888889
1288883126530669563,90,0.9888888888888889
1288884805804771309,90,1.0
1288892077879868419,90,0.3
1288901377998781504,90,0.5222222222222223
1288968668749385361,90,0.13333333333333333
1288991886829276262,90,1.0
1288995397359957957,90,0.03333333333333333
1289355453279044242,90,1.0
1289373959612606493,90,0.022222222222222223
1289383746313503777,90,0.3333333333333333
1289400976800897354,90,0.25555555555555554
1289403670280324592,90,1.0
1289437760310416928,90,1.0
1289458323412874763,90,1.0
1289511456410144623,90,0.17777777777777778
1289517357964733775,90,0.0
1289546570483997116,90,0.3111111111111111
1289560476205139484,90,0.8444444444444444
1289565527862911620,90,0.12222222222222222
1289611162012000777,90,0.5555555555555556
1289614422301090667,90,0.0
1289648320638671862,90,0.5888888888888889
1289674154517222383,90,1.0
1289695649030116392,90,0.9666666666666667
1289814335845167744,90,0.15555555555555556
1290059393170679935,90,1.0
1290087157086637625,90,0.08888888888888889
1290135610696318060,90,1.0
1290175828572677591,90,0.32222222222222224
1290219488318122246,90,0.5777777777777777
1290347261490227719,90,0.16666666666666666
1290418937648842075,90,0.4222222222222222
1290464747619752502,90,0.07777777777777778
1290686782834200602,90,0.8777777777777778
1290835683310053586,90,1.0
1290854609200122581,90,0.36666666666666664
1290863681034559879,90,1.0
1291048926032814905,90,0.0
1291115819179297357,90,0.16666666666666666
1291149173561564763,90,0.7111111111111111
1291171690855505527,90,1.0
1291411861116308587,90,0.0
1291542698292987279,90,1.0
1291636322250141450,90,0.35555555555555557
1291659408093855314,90,1.0
1291701841497527359,90,1.0
1291783312559426435,90,1.0
1291826334234710496,90,0.07777777777777778
1291850386420845933,90,0.6222222222222222
1291914265533768274,90,0.18888888888888888
1291925300256599889,90,0.1
1292251689744634670,90,1.0
1292256795473037729,90,0.9555555555555556
1292259777551076520,90,0.13333333333333333
1292262888447481258,90,0.13333333333333333
1292321831662371080,90,0.15555555555555556
1292352026035718814,90,1.0
1292363265129964462,90,0.5444444444444444
1292375430765773524,90,1.0
1292375754286175776,90,1.0
1292409940325993281,90,0.9111111111111111
1292411414478959242,90,0.03333333333333333
1292430278901664813,90,0.8111111111111111
1292596932431493909,90,0.5444444444444444
1292659613191929619,90,0.36666666666666664
1292772675959267206,90,0.0
1292948760358924293,90,1.0
1292962723481046418,90,1.0
1292985664328581103,90,0.37777777777777777
1293031368753389812,90,0.5333333333333333
1293070580186511340,90,0.12222222222222222
1293097361693522808,90,0.25555555555555554
1293133900041616211,90,0.24444444444444444
1293185658470255829,90,0.011111111111111112
1293193512397232821,90,0.5111111111111111
1293246895888009428,90,1.0
1293250995540883318,90,0.26666666666666666
1293323597193648288,90,0.06666666666666667
1293348769876572277,90,0.011111111111111112
1293520379616251807,90,1.0
1293611872404450697,90,0.5888888888888889
1293652330305547079,90,1.0
1293660421910339989,90,0.0
1293732551139893875,90,0.7666666666666667
1293734838767166574,90,1.0
1293810856148923977,90,0.4444444444444444
1293837029769487206,90,0.05555555555555555
1293878504397906016,90,0.0
1293930401895620465,90,0.0
1293930886097096136,90,0.3111111111111111
1293931831323986424,90,1.0
1293970460537845505,90,0.7888888888888889
1294000556729468963,90,0.9666666666666667
1294006576984008188,90,0.13333333333333333
1294022407892738999,90,0.4
1294377713569003527,90,0.16666666666666666
1294404633074180718,90,0.0
1294426186674418404,90,0.26666666666666666
1294471119642253361,90,0.9222222222222223
1294471264871795604,90,0.35555555555555557
1294502179740145480,90,0.03333333333333333
1294532633610974163,90,0.0
1294599080287934128,90,0.9111111111111111
1294602317679999794,90,1.0
1294662646933938266,90,0.4444444444444444
1294676888231391469,90,1.0
1294739603288751913,90,0.0
1294745899493146165,90,0.07777777777777778
1294748072768580891,90,1.0
1294755752675727474,90,0.36666666666666664
1294765767865298018,90,0.03333333333333333
1294794553210418774,90,0.03333333333333333
1295097699853907589,90,0.24444444444444444
1295121625269664758,90,0.5111111111111111
1295180208138667870,90,1.0
1295187847547101774,90,0.5777777777777777
1295189787475947945,90,0.0
1295297640954058429,90,1.0
1295319114717324091,90,0.07777777777777778
1295372632061281290,90,0.022222222222222223
1295427404641719190,90,1.0
1295445423682134642,90,0.4666666666666667
1295451994922969324,90,0.5666666666666667
1295467436812106158,90,0.5555555555555556
1295471231717896956,90,1.0
1295471546335053839,90,0.35555555555555557
1295474182075588332,90,0.5444444444444444
1295477504862817451,90,0.14444444444444443
1295870344261366821,90,0.0
1295925313643868763,90,1.0
1295985309419060982,90,0.0
1296018885355688066,90,0.0
1296021999721650126,90,0.15555555555555556
1296056284910677340,90,1.0
1296084866965547838,90,0.8333333333333334
1296101380063804835,90,1.0
1296174466342889518,90,0.7333333333333333
1296177397810907486,90,1.0
1296452596725514380,90,0.6444444444444445
1296608750628453425,90,1.0
1296614975097180604,90,0.8444444444444444
1296716628816388916,90,1.0
1296718032982442959,90,0.0
1296723245721547362,90,1.0
1296893417787040697,90,0.37777777777777777
1296910821887459825,90,0.18888888888888888
1296922107798723350,90,0.3333333333333333
1296933589400923522,90,0.03333333333333333
1296973065669426728,90,0.25555555555555554
1296981143199956205,90,0.0
1296986696313231073,90,0.011111111111111112
1297294556992537434,90,0.2222222222222222
1297371608424582099,90,1.0
1297441549880967814,90,0.2
1297460355293147867,90,0.022222222222222223
1297484791084030462,90,0.0
1297535765370157916,90,1.0
1297553749085748849,90,0.2
1297554194712073007,90,0.05555555555555555
1297592233986099194,90,0.1
1297641662595513193,90,0.14444444444444443
1297668640157506356,90,0.1
1297704899064665117,90,0.16666666666666666
1297742139176234221,90,0.044444444444444446
1297874336796379914,90,1.0
1298002704386976154,90,0.022222222222222223
1298036764343215269,90,0.7333333333333333
1298055440313259152,90,1.0
1298078713229986281,90,0.2222222222222222
1298083674351898624,90,0.7333333333333333
1298101610815896683,90,1.0
1298147811492674029,90,0.6444444444444445
1298176369558859517,90,0.0
1298178189948996086,90,0.32222222222222224
1298212450193382165,90,0.7111111111111111
1298257850599743782,90,0.0
1298323868986428911,90,0.3111111111111111
1298353260582051187,90,0.16666666666666666
1298354375819038875,90,1.0
1298368806035463803,90,1.0
1298379034747210289,90,0.0
1298441105744929613,90,0.1
1298671610229199599,90,0.6777777777777778
1298733780398504741,90,0.23333333333333334
1298764030332381361,90,0.0
1298807735712559719,90,1.0
1298820777932935804,90,0.4111111111111111
1298905919911099195,90,0.8888888888888888
1298952834151861570,90,0.022222222222222223
1298953202434215761,90,0.2
1299026122985534026,90,0.011111111111111112
1299530964523774417,90,0.4888888888888889
1299550535946825844,90,0.36666666666666664
1299636110488607537,90,1.0
1299672135763205683,90,0.18888888888888888
1299685574576615851,90,0.17777777777777778
1299693811675828854,90,0.3888888888888889
1299696490842261466,90,0.4777777777777778
1299765385276178001,90,0.0
1299792542159609976,90,0.35555555555555557
1299808146504969249,90,0.23333333333333334
1299812635819910779,90,1.0
1300064264845032973,90,1.0
1300115850654670809,90,1.0
1300396441983483172,90,0.8666666666666667
1300405122457727864,90,0.0
1300588844341878090,90,0.3
1300600715603810168,90,0.9777777777777777
1300610025988341091,90,0.7111111111111111
1300626797663956451,90,1.0
1300826514618784376,90,0.0
1300871052936960890,90,1.0
1300897630805723332,90,0.7444444444444445
1300949356030839284,90,0.13333333333333333
1301060788553083777,90,0.07777777777777778
1301111685322853367,90,0.36666666666666664
1301112130747481041,90,0.8666666666666667
1301125743554042277,90,0.07777777777777778
1301143342496251716,90,1.0
1301253047597079934,90,0.05555555555555555
1301263574918451239,90,0.7555555555555555
1301328468292973513,90,0.8555555555555555
1301656872213532646,90,1.0
1301806994516963643,90,1.0
1301857493171941568,90,0.3
1301865784553360536,90,0.5444444444444444
1301886044935529412,90,0.011111111111111112
1301966391099078904,90,0.8666666666666667
1301981414103958281,90,0.5111111111111111
1301988753908359690,90,0.044444444444444446
1302001984808399914,90,1.0
1302023374192623404,90,0.12222222222222222
1302061457281790210,90,0.8777777777777778
1302338112637262909,90,1.0
1302357100825032385,90,0.8222222222222222
1302360342606635739,90,1.0
1302372662059443186,90,0.0
1302417324600239941,90,1.0
1302444449975658418,90,0.5555555555555556
1302530432659050618,90,0.022222222222222223
1302533738328966973,90,0.4222222222222222
1302611739220762755,90,0.07777777777777778
1302682821179578437,90,1.0
1302734424871470074,90,0.022222222222222223
1302748230624120681,90,1.0
1302777361367142322,90,0.07777777777777778
1302805023707669936,90,1.0
1302951975966093915,90,0.2777777777777778
1303007002100906463,90,0.044444444444444446
1303141261247650230,90,0.16666666666666666
1303144476350430580,90,0.25555555555555554
1303157884112034487,90,1.0
1303239652028317331,90,0.03333333333333333
1303246119926891503,90,0.2222222222222222
1303247786886250830,90,0.0
1303303502969403783,90,0.6555555555555556
1303304875351952693,90,0.17777777777777778
1303315931772475672,90,0.16666666666666666
1303339707938564413,90,1.0
1303383123583729031,90,0.06666666666666667
1303407615838741101,90,0.13333333333333333
1303434750341578361,90,0.7555555555555555
1303513849937402330,90,0.35555555555555557
1303520329411018355,90,0.6333333333333333
1303531570716649121,90,0.022222222222222223
1303555270456145298,90,0.0
1303561219350697972,90,0.05555555555555555
1303806656388006529,90,0.13333333333333333
1303875150150144215,90,0.9333333333333333
1303899992961796235,90,1.0
1303906839134623221,90,0.6
1303931500038456203,90,0.23333333333333334
1304003821618271554,90,1.0
1304021779682923558,90,0.9111111111111111
1304037443377746802,90,1.0
1304042283615551704,90,0.044444444444444446
1304139540147470559,90,0.3333333333333333
1304147605678621369,90,1.0
1304153956363866388,90,1.0
1304173354001705404,90,0.37777777777777777
1304590298775965218,90,1.0
1304629725056980792,90,0.6888888888888889
1304684940326156696,90,1.0
1304715914354789763,90,0.4888888888888889
1304742302279910142,90,1.0
1304747677703081561,90,1.0
1304777238344490151,90,0.03333333333333333
1304814991780678577,90,0.011111111111111112
1304839985431346511,90,1.0
1304860633179789668,90,0.08888888888888889
1304861285662810861,90,1.0
1304873245708141521,90,1.0
1304921215309521157,90,0.7
1305251341255793191,90,0.7
1305326328812297924,90,1.0
1305445611794027546,90,0.0
1305464294544026252,90,0.7
1305466650690461821,90,1.0
1305506128492987137,90,0.4222222222222222
1305545916099249965,90,0.7444444444444445
1305549311484999153,90,0.0
1305579456463125891,90,0.35555555555555557
1305664390303922460,90,0.2111111111111111
1305986163300067471,90,1.0
1306049641264025311,90,0.45555555555555555
1306091533036179060,90,1.0
1306127198428356472,90,0.0
1306130338943171581,90,0.16666666666666666
1306188285029091156,90,0.25555555555555554
1306194493429220173,90,0.0
1306283311780045348,90,0.7222222222222222
1306337971503725688,90,1.0
1306341837496039259,90,0.25555555555555554
1306352538894883223,90,0.9111111111111111
1306400502975885294,90,0.4444444444444444
1306724511333625743,90,0.07777777777777778
1306820851894905883,90,0.26666666666666666
1306938830610077775,90,1.0
1306969742009417865,90,1.0
1307094760804154092,90,0.0
1307471549181888071,90,0.13333333333333333
1307492453897142070,90,0.0
1307521556588342602,90,0.43333333333333335
1307539640093944407,90,1.0
1307553867441206584,90,1.0
1307627596977862826,90,1.0
1307643976486231358,90,0.3333333333333333
1307733080324734067,90,0.0
1307754143256392633,90,0.5111111111111111
1307888751017689484,90,1.0
1307888976268563444,90,0.5444444444444444
1308008028620305325,90,0.9444444444444444
1308167721165950830,90,0.0
1308199254213757856,90,0.4111111111111111
1308204612469411653,90,0.0
1308210106456734721,90,0.0
1308218819194484660,90,0.7
1308230102888193122,90,0.36666666666666664
1308234867012991545,90,0.5666666666666667
1308243466388219869,90,1.0
1308247548539666211,90,0.7
1308257925405133191,90,1.0
1308265452221998613,90,0.4222222222222222
1308265786642487062,90,0.16666666666666666
1308271085604137571,90,0.0
1308281206276767430,90,0.15555555555555556
1308328768408223405,90,0.5333333333333333
1308370706831964048,90,0.1
1308371868792260789,90,0.8222222222222222
1308379295061908890,90,0.05555555555555555
1308380743250113230,90,0.36666666666666664
1308388408597774216,90,0.4666666666666667
1308399020450432459,90,0.6
1308476877381800208,90,0.2222222222222222
1308498292697079987,90,1.0
1308499750091871831,90,0.0
1308516568997964866,90,0.8888888888888888
1308530238413005524,90,1.0
1308544837366872841,90,1.0
1308569072879378769,90,1.0
1308589960249946596,90,1.0
1308901156854504023,90,0.8444444444444444
1308921217648455414,90,0.0
1308932462079094388,90,0.1111111111111111
1308948733356297961,90,0.8666666666666667
1308969093753717124,90,0.8666666666666667
1308983874280129835,90,1.0
1309008707627443398,90,0.06666666666666667
1309025149372668515,90,0.1
1309025499812849557,90,0.18888888888888888
1309029428590476721,90,1.0
1309114206624847692,90,0.6222222222222222
1309114291941989217,90,0.0
1309117380480745879,90,0.1
1309119915261277551,90,1.0
1309122294056160425,90,1.0
1309145939731755360,90,0.45555555555555555
1309147477989810777,90,0.28888888888888886
1309198725711207028,90,0.0
1309239979968772939,90,0.2111111111111111
1309298218953621229,90,1.0
1309588320267214263,90,0.8888888888888888
1309618724173540920,90,0.5888888888888889
1309622113998406673,90,1.0
1309689241214769578,90,1.0
1309696564118482729,90,0.5444444444444444
1309728258381268550,90,0.9555555555555556
1309758004371844860,90,0.13333333333333333
1309759123113484600,90,1.0
1309796326934022223,90,1.0
1309850236828397360,90,1.0
1309867563453647618,90,0.0
1309876010411326787,90,0.0
1309909941623600711,90,0.32222222222222224
1309935639384735036,90,1.0
1309986881902561918,90,0.7888888888888889
1309988049125106202,90,0.8333333333333334
1310398576339867816,90,0.011111111111111112
1310408883889555198,90,0.14444444444444443
1310411215641366264,90,1.0
1310461319698568312,90,0.25555555555555554
1310519772310480040,90,0.43333333333333335
1310560652943278776,90,0.4888888888888889
1310586029607065796,90,1.0
1310637000743423060,90,0.16666666666666666
1311066862252524685,90,0.022222222222222223
1311164063582483955,90,0.13333333333333333
1311165957261484350,90,0.8444444444444444
1311341976235607813,90,0.2111111111111111
1311454304632525451,90,0.5444444444444444
1311478200054588012,90,0.06666666666666667
1311480312262038137,90,0.6333333333333333
1311497029983176563,90,1.0
1311552696635417655,90,0.6444444444444445
1311776526056892226,90,0.022222222222222223
1311864864338149647,90,0.23333333333333334
1311931632142129191,90,1.0
1311958440411558655,90,0.08888888888888889
1312000957282653881,90,0.6666666666666666
1312077956902817039,90,0.06666666666666667
1312137706922463578,90,0.15555555555555556
1312139516023005562,90,0.5333333333333333
1312177781817501634,90,0.6666666666666666
1312194465948852220,90,0.14444444444444443
1312358974054306066,90,0.0
1312494129212926737,90,1.0
1312497167741255702,90,0.9666666666666667
1312536690445309657,90,0.5444444444444444
1312549756183577868,90,1.0
1312551409341351839,90,0.07777777777777778
1312602297025790347,90,0.044444444444444446
1312608266494802962,90,0.7444444444444445
1312627446465398906,90,0.8666666666666667
1312652224944253630,90,0.14444444444444443
1312675124381941613,90,0.7111111111111111
1312754020608705816,90,1.0
1312755928041616373,90,0.13333333333333333
1312784932851059234,90,0.4111111111111111
1312807607974733365,90,0.1
1312833672708119341,90,0.6777777777777778
1312844252638521353,90,1.0
1312901413503732505,90,0.13333333333333333
1312914763264308586,90,1.0
1312942883064319549,90,0.15555555555555556
1312948269341748902,90,0.6333333333333333
1313024222236769078,90,0.28888888888888886
1313236563491993703,90,0.13333333333333333
1313271724213195467,90,0.5444444444444444
1313301726090762339,90,0.8666666666666667
1313322213384323341,90,0.25555555555555554
1313354197420673313,90,0.17777777777777778
1313359600134048833,90,0.0
1313385821877294748,90,0.2222222222222222
1313391779467789705,90,0.43333333333333335
1313399777548758546,90,0.32222222222222224
1313510624879643563,90,0.8333333333333334
1313516113436885402,90,0.3333333333333333
1313516169353633078,90,0.9888888888888889
1313525235522497456,90,0.8222222222222222
1313649990188815375,90,1.0
1313680114987479215,90,1.0
1314001758395733057,90,0.0
1314002434272515390,90,1.0
1314031678440682282,90,0.13333333333333333
1314083121117656748,90,0.15555555555555556
1314087067908349313,90,0.8
1314113616400771312,90,1.0
1314130581311129977,90,0.25555555555555554
1314152618946840141,90,0.0
1314197898873911613,90,0.9111111111111111
1314212925705916247,90,0.6333333333333333
1314423388220076293,90,0.18888888888888888
1314643430798528207,90,1.0
1314680238238549566,90,1.0
1314722181711127229,90,1.0
1314756025214856530,90,0.9777777777777777
1314811164074917514,90,1.0
1314888363887752155,90,0.3111111111111111
1314907509731297758,90,0.0
1314939675698394497,90,0.32222222222222224
1314982335335603554,90,0.35555555555555557
1315012136650538629,90,1.0
1315067719238699269,90,0.37777777777777777
1315092639330486206,90,0.7111111111111111
1315094656475753940,90,0.5777777777777777
1315105253141540309,90,1.0
1315383399483844021,90,0.7666666666666667
1315442756066259876,90,0.18888888888888888
1315464991980411937,90,0.9444444444444444
1315491122435584011,90,0.06666666666666667
1315584073776757263,90,0.08888888888888889
1315592832736012035,90,0.26666666666666666
1315607636296183635,90,0.35555555555555557
1315658702540185807,90,0.3333333333333333
1315683426632487115,90,0.9222222222222223
1315777248790961575,90,0.05555555555555555
1315795585458423333,90,0.35555555555555557
1316173273370692864,90,0.6333333333333333
1316173673413662314,90,1.0
1316212076238521929,90,0.0
1316257066557508787,90,0.36666666666666664
1316270194904762207,90,0.9777777777777777
1316291069900768641,90,1.0
1316321518505784853,90,1.0
1316357712264357641,90,0.4444444444444444
1316389175078218725,90,1.0
1316457175707887892,90,0.022222222222222223
1316466399088492226,90,0.13333333333333333
1316547519094909304,90,1.0
1316547781559617229,90,1.0
1316551157058452226,90,1.0
1316625021108805895,90,1.0
1316628090839239792,90,0.0
1316772247820429820,90,0.17777777777777778
1316782510299860885,90,0.15555555555555556
1316790509812915166,90,0.022222222222222223
1316799857369338040,90,0.17777777777777778
1316802256219066265,90,0.3
1316803815786643102,90,0.0
1316885562936581840,90,1.0
1316967625105599135,90,0.4666666666666667
1317095854326473920,90,1.0
1317121026599317232,90,0.17777777777777778
1317132801040342739,90,0.0
1317195291680864448,90,1.0
1317257736838180797,90,0.4777777777777778
1317269613003198400,90,1.0
1317286165426467449,90,1.0
1317503638587736430,90,0.2777777777777778
1317597010238807349,90,0.8222222222222222
1317630236724842848,90,0.044444444444444446
1317664117809201290,90,1.0
1317685766447709562,90,0.4222222222222222
1317704390957749942,90,0.3
1317818047547328580,90,0.4666666666666667
1317864483891047006,90,0.32222222222222224
1317872018764516406,90,0.2222222222222222
1317892972877430590,90,0.3
1317920678523737166,90,0.13333333333333333
1318297283900580777,90,1.0
1318406177995172299,90,0.45555555555555555
1318602964439947803,90,1.0
1318638447535882951,90,0.15555555555555556
1318779469377663745,90,0.8333333333333334
1319030995919956956,90,0.0
1319049186583846918,90,0.07777777777777778
1319126633037808416,90,0.28888888888888886
1319176887500202665,90,0.022222222222222223
1319194615143578252,90,0.5666666666666667
1319272323416259295,90,0.4444444444444444
1319293715486047289,90,0.12222222222222222
1319390863544788656,90,0.0
1319409230890083885,90,1.0
1319765007847977966,90,1.0
1319821511487029307,90,0.5888888888888889
1319847908937794979,90,0.6222222222222222
1319946187045545673,90,0.9444444444444444
1320002234146968740,90,1.0
1320108975933396405,90,0.9444444444444444
1320174630854262655,90,1.0
1320437526712766768,90,0.5888888888888889
1320488619575045624,90,0.4666666666666667
1320563712132759120,90,0.34444444444444444
1320568411918149415,90,1.0
1320619610685440578,90,0.6222222222222222
1320680343571773073,90,0.24444444444444444
1320702126250096560,90,0.35555555555555557
1320730297277252231,90,0.18888888888888888
1320758910206651343,90,1.0
1320809223734671380,90,1.0
1320831193428731542,90,1.0
1320854275371846185,90,0.13333333333333333
1320857789521135408,90,0.6111111111111112
1320960537090304890,90,1.0
1321155343899321047,90,0.4666666666666667
1321323243454228598,90,0.12222222222222222
1321381962493962059,90,1.0
1321466995899343584,90,0.13333333333333333
1321973952284369730,90,0.0
1321988908119257964,90,0.06666666666666667
1322019214928301353,90,1.0
1322213998551788223,90,0.2222222222222222
1322620754131287271,90,1.0
1322689055475358780,90,0.022222222222222223
1322786652967236687,90,0.13333333333333333
1322877576031911725,90,0.43333333333333335
1322971456661775200,90,0.13333333333333333
1323009960601767392,90,0.7
1323114224366205386,90,1.0
1323387866303107943,90,0.9444444444444444
1323536454358741922,90,0.24444444444444444
1324093367845901712,90,1.0
1324264036742235577,90,1.0
1324339844233991151,90,1.0
1324365802462355246,90,0.3
1324376124549027124,90,1.0
1324385988294829378,90,0.2222222222222222
1324476224704073022,90,1.0
1324551397107329368,90,0.0
1324811423655166296,90,0.9666666666666667
1324920394025593104,90,0.32222222222222224
1324936465594110866,90,0.0
1325004183480157340,90,0.7888888888888889
1325006866831034576,90,0.08888888888888889
1325329138042166346,90,0.0
1325655126298125536,90,0.36666666666666664
1325758664441543395,90,1.0
1325773454807391577,90,0.2
1326071992250251032,90,1.0
1326385376402357904,90,1.0
1326410245437047431,90,0.9888888888888889
1327042237086313135,90,0.08888888888888889
1327084043855244092,90,0.1
1327169335358377813,90,0.3888888888888889
1327333395419740090,90,0.8333333333333334
1327379480890182825,90,0.18888888888888888
1327398248854474344,90,0.9888888888888889
1327447569814227403,90,0.05555555555555555
1327746696880126355,90,0.3333333333333333
1327783270485558414,90,0.6222222222222222
1327822497312650151,90,0.24444444444444444
1327853193428807249,90,1.0
1327854123684347731,90,0.022222222222222223
1327988050496652367,90,0.0
1328108046436559592,90,0.0
1328613364755580242,90,0.5777777777777777
1328699529232648131,90,0.13333333333333333
1328800568479420787,90,0.2222222222222222
1328802421574223447,90,0.16666666666666666
1329229802295506950,90,0.0
1329242857323015742,90,0.7333333333333333
1329341394499876088,90,0.044444444444444446
1329395274286890041,90,0.3333333333333333
1329439852950527337,90,0.5222222222222223
1329441131856843466,90,0.5333333333333333
1329478159670474080,90,0.15555555555555556
1329494802202565316,90,0.25555555555555554
1329582456524904077,90,1.0
1329896490577068170,90,0.15555555555555556
1329999439892071724,90,1.0
1330035344157697468,90,0.16666666666666666
1330078202586397731,90,0.12222222222222222
1330092820439625224,90,0.4666666666666667
1330097365177766735,90,0.0
1330097583958089261,90,0.0
1330102831494596033,90,0.14444444444444443
1330104662030179191,90,0.28888888888888886
1330104974172488167,90,0.1
1330105278762342129,90,0.16666666666666666
1330105570526151696,90,0.12222222222222222
1330105850822051611,90,0.3
1330186054349770849,90,0.5111111111111111
1330290555886473639,90,0.1
1330318188323141603,90,0.8222222222222222
1330349367696742454,90,0.0
1330375837519301426,90,1.0
1330390897497781675,90,0.9333333333333333
1330403237949646067,90,0.13333333333333333
1330406193404247709,90,0.35555555555555557
1330590349418014166,90,0.4666666666666667
1330729199519483501,90,0.7777777777777778
1330819284480041618,90,0.07777777777777778
1330877536912743653,90,0.14444444444444443
1330996717247111991,90,0.7777777777777778
1331078658940326595,90,0.3
1331419286150747573,90,0.13333333333333333
1331514145980482355,90,0.0
1331531452548157892,90,0.14444444444444443
1331565605185239516,90,0.07777777777777778
1331748782391035512,90,0.4222222222222222
1331980889036112607,90,0.9555555555555556
1332150983705972083,90,0.0
1332422542801292449,90,0.35555555555555557
1332432151631630310,90,0.26666666666666666
1332445494188681803,90,0.7888888888888889
1332597030078072224,90,1.0
1332824829658259466,90,0.0
1332937087505866153,90,0.8777777777777778
1332937216507267408,90,1.0
1332944797796936957,90,1.0
1332961443149714961,90,0.23333333333333334
1332999077066836763,90,0.011111111111111112
1333002996105670039,90,0.06666666666666667
1333003883909447298,90,0.8
1333004240236961259,90,0.8
1333005507300516480,90,0.0
1333006380010755085,90,0.8
1333006684828358371,90,0.8
1333029499305835472,90,0.2111111111111111
1333176168176751423,90,1.0
1333519470466416259,90,0.3111111111111111
1333565314464026418,90,0.7666666666666667
1333577024028223560,90,0.4444444444444444
1333671758266923485,90,1.0
1333751332088035771,90,0.4444444444444444
1333882699085399489,90,0.13333333333333333
1334143729065671162,90,0.0
1334527971831382117,90,0.2
1334651148801526338,90,0.011111111111111112
1334652117277625136,90,0.022222222222222223
1334689661937720252,90,0.1111111111111111
1334819623183039256,90,0.2222222222222222
1334819718964576793,90,0.2
1334844395634333219,90,0.4222222222222222
1334844575380642980,90,0.26666666666666666
1334959504157018076,90,0.011111111111111112
1334976820323934347,90,1.0
1334985125859996427,90,0.3888888888888889
1335033940996717760,90,0.011111111111111112
1335065667488616434,90,0.0
1335104474218831141,90,0.3888888888888889
1335199422917870939,90,0.7666666666666667
1335201066839463144,90,1.0
1335203108534267734,90,1.0
1335301719121587227,90,0.6
1335378910540601463,90,0.4444444444444444
1335378971230943007,90,0.5888888888888889
1335390458876778087,90,0.06666666666666667
1335721986692222659,90,0.9
1335828236208027956,90,0.8888888888888888
1335877466401148550,90,0.45555555555555555
1335904223401248140,90,0.6888888888888889
1335907138102842562,90,0.2222222222222222
1335970142475278262,90,0.25555555555555554
1335973666543548506,90,0.05555555555555555
1336689309588064638,90,0.24444444444444444
1336756602647803366,90,1.0
1337137660325808814,90,0.9222222222222223
1337251145787491720,90,0.9777777777777777
1337485112444418838,90,0.022222222222222223
1337535502782991569,90,0.8
1337934819775431110,90,1.0
1337962440311734329,90,0.23333333333333334
1338022536131647749,90,0.4444444444444444
1338097136663383951,90,0.0
1338115882329771635,90,0.6222222222222222
1338137717396447843,90,0.9666666666666667
1338216966057815018,90,0.044444444444444446
1338345338316609259,90,0.13333333333333333
1338611539753442267,90,1.0
1338625024247527803,90,1.0
1338638954610348573,90,0.9
1338671131316574307,90,1.0
1338716707839272515,90,1.0
1338729243834331185,90,0.4222222222222222
1338801435930180737,90,0.3333333333333333
1338801474568947586,90,0.12222222222222222
1338815699886119560,90,0.0
1338866558491645686,90,0.4
1338880963122959367,90,0.23333333333333334
1338916207383573970,90,0.03333333333333333
1338979316538306162,90,0.7777777777777778
1338982629854748932,90,0.14444444444444443
1339067069431247079,90,0.5777777777777777
1339381145073321929,90,0.03333333333333333
1339457717116849252,90,0.18888888888888888
1339460963997702245,90,0.0
1339485757620659179,90,0.13333333333333333
1339536180267153460,90,0.03333333333333333
1339554739913944154,90,0.4222222222222222
1339701224166625154,90,1.0
1340144114449516007,90,0.06666666666666667
1340151762008860468,90,0.6111111111111112
1340171545762804042,90,1.0
1340204948464227581,90,0.8222222222222222
1340217928806926585,90,0.8666666666666667
1340224129458286319,90,0.0
1340301375259929624,90,0.0
1340450674184822161,90,1.0
1340540761974763131,90,1.0
1340809026916320609,90,0.7111111111111111
1340854506316471047,90,0.0
1340896128800669911,90,0.0
1340903938012427979,90,0.0
1340925966009204583,90,0.044444444444444446
1340950195194954340,90,0.06666666666666667
1340976830483188522,90,0.2111111111111111
1341130455395639692,90,0.044444444444444446
1341559366017865246,90,0.06666666666666667
1341601710400886135,90,0.13333333333333333
1341800228165048836,90,0.17777777777777778
1342360505531013702,90,0.14444444444444443
1342377584089206449,90,0.07777777777777778
1342413057258148071,90,0.2111111111111111
1342429987641557460,90,0.7666666666666667
1342432698548015198,90,0.4
1342538837857343147,90,0.16666666666666666
1342952032587756872,90,0.1
1343103404835543249,90,0.1
1343333305253194156,90,0.13333333333333333
1343754590470175061,90,0.3333333333333333
1343820404950738848,90,1.0
1343825891439550123,90,0.3333333333333333
1343828201516062851,90,0.13333333333333333
1343865076927397584,90,0.0
1343919843865903022,90,0.0
1343920219962486437,90,0.2777777777777778
1343966112492342643,90,1.0
1343987894691321444,90,1.0
1344000125209625598,90,1.0
1344026795424048595,90,1.0
1344033929007682492,90,1.0
1344042673462466331,90,1.0
1344048505147585888,90,1.0
1344053815294417515,90,0.25555555555555554
1344054354939190563,90,1.0
1344082161130480257,90,0.25555555555555554
1344387077403179092,90,0.03333333333333333
1344411801637093946,90,0.9888888888888889
1344563250839377355,90,0.044444444444444446
1344593304110147052,90,0.3333333333333333
1344711034481148731,90,0.4444444444444444
1344724745075929866,90,0.011111111111111112
1344771677899074483,90,1.0
1344982830650830731,90,1.0
1345143141313772555,90,1.0
1345173597341301313,90,0.2222222222222222
1345174213186252130,90,0.32222222222222224
1345174564770272697,90,0.8
1345177927020312761,90,0.8
1345178565848223222,90,0.4444444444444444
1345181952821711135,90,0.8
1345182213256996441,90,0.8
1345187938410196129,90,0.0
1345206530474476114,90,0.0
1345239554270888997,90,0.0
1345267809093715920,90,0.5777777777777777
1345268087223395340,90,0.011111111111111112
1345276671942799003,90,0.4222222222222222
1345294505155383603,90,0.0
1345346066236823570,90,0.8444444444444444
1345428976200697528,90,0.1
1345480005436618283,90,0.35555555555555557
1345945901669061988,90,0.9444444444444444
1345965719382217209,90,1.0
1345973797730482717,90,0.4888888888888889
1345974348300772762,90,0.3888888888888889
1345980998097401866,90,0.011111111111111112
1346251037365158356,90,0.2777777777777778
1346254529100079812,90,0.2222222222222222
1346288366184515905,90,0.13333333333333333
1346817840921105892,90,1.0
1346883870717561202,90,0.3
1346888107264644915,90,0.8444444444444444
1346959168783725953,90,1.0
1346980681422303928,90,0.7777777777777778
1347077456701013868,90,1.0
1347369800072888823,90,0.05555555555555555
1347447792951647230,90,1.0
1347523567242148061,90,0.2
1347529069509529407,90,1.0
1347584435761283087,90,0.1
1347618551253125309,90,0.6
1347626948567145674,90,0.6777777777777778
1347743218937257303,90,0.34444444444444444
1347756914499552848,90,0.13333333333333333
1347988293182034751,90,0.0
1348015780642618422,90,0.06666666666666667
1348029125765992521,90,0.06666666666666667
1348048351931914883,90,0.5111111111111111
1348069501524967997,90,0.35555555555555557
1348073957374482020,90,0.15555555555555556
1348098595406208266,90,0.16666666666666666
1348115358809385644,90,0.011111111111111112
1348134048900493416,90,0.4111111111111111
1348160472138808449,90,0.6333333333333333
1348201424084314190,90,0.022222222222222223
1348212134030652409,90,0.03333333333333333
1348212358561317199,90,0.06666666666666667
1348226234155505302,90,0.5555555555555556
1348228322607036535,90,0.06666666666666667
1348233484005142357,90,0.6777777777777778
1348240623252167738,90,0.6777777777777778
1348256950676053528,90,1.0
1348257294916417278,90,0.9666666666666667
1348349968656678847,90,0.7222222222222222
1348394160643024641,90,0.17777777777777778
1348801732779666272,90,0.6555555555555556
1348814899189318304,90,0.28888888888888886
1348825191885657062,90,0.36666666666666664
1349028594907510858,90,1.0
1349129361827903631,90,1.0
1349169060631570615,90,1.0
1349176833437789900,90,0.03333333333333333
1349530219924190262,90,0.28888888888888886
1349549490827496055,90,0.3888888888888889
1349572487846079547,90,0.05555555555555555
1349586771026089299,90,0.12222222222222222
1349602093034940572,90,0.3333333333333333
1349606585320178557,90,0.13333333333333333
1349611916162034994,90,0.6666666666666666
1349611919146464510,90,0.3333333333333333
1349611920572380526,90,0.2777777777777778
1349611923308796753,90,0.3
1349611924725059840,90,0.3
1349611926618323915,90,0.3
1349611930427764879,90,0.5777777777777777
1349623226803093256,90,0.9888888888888889
1349623800698026007,90,0.03333333333333333
1349635820049888869,90,0.0
1349645695541455865,90,0.03333333333333333
1349655352864252408,90,0.011111111111111112
1349672764774720917,90,0.1
1349680673447796671,90,0.5555555555555556
1349704537139979334,90,0.0
1350186578067905847,90,0.7777777777777778
1350189515172234701,90,0.0
1350189566057083296,90,0.0
1350199561100469286,90,0.23333333333333334
1350217458605137452,90,0.05555555555555555
1350226719437823549,90,0.011111111111111112
1350246030017678759,90,0.05555555555555555
1350270326401090149,90,0.16666666666666666
1350285200344125469,90,0.12222222222222222
1350315905271083106,90,0.08888888888888889
1350325723078450996,90,0.08888888888888889
1350389989318315392,90,0.05555555555555555
1350391712380465995,90,0.0
1350609912895885614,90,0.34444444444444444
1350628596259768177,90,0.5444444444444444
1350953823367198122,90,0.4888888888888889
1350964129653668233,90,0.26666666666666666
1350978841111254011,90,0.07777777777777778
1350997282552333143,90,0.0
1351001134983104543,90,0.0
1351003244422198153,90,0.0
1351005021646915153,90,0.0
1351021219874637135,90,0.044444444444444446
1351056771345185050,90,0.044444444444444446
1351062308743169069,90,0.0
1351069019201773629,90,0.07777777777777778
1351069297659904740,90,0.0
1351076225972224867,90,0.0
1351082952230779284,90,0.0
1351089308931945455,90,0.0
1351095617206282928,90,0.0
1351099329224481911,90,0.044444444444444446
1351105052608071902,90,0.044444444444444446
1351108942181055527,90,0.0
1351116437674907032,90,0.0
1351119688598741191,90,0.044444444444444446
1351126427528859834,90,0.044444444444444446
1351137479510861045,90,0.044444444444444446
1351143342768439757,90,0.044444444444444446
1351147647508679854,90,0.7555555555555555
1351151765716926476,90,0.7555555555555555
1351156241343932986,90,0.011111111111111112
1351182301558693467,90,0.4222222222222222
1351214855657202342,90,0.0
1351573488635511584,90,0.34444444444444444
1351581416520382281,90,0.06666666666666667
1351684248354638806,90,0.8222222222222222
1351726164002854797,90,0.5111111111111111
1351782018279567420,90,0.45555555555555555
1351792499394801152,90,0.6555555555555556
1351907031908736699,90,0.36666666666666664
1352458628415884811,90,1.0
1352558717940346078,90,0.011111111111111112
1352718927984543889,90,1.0
1352757242834021474,90,0.0
1352805181824751138,90,1.0
1352854248722770419,90,0.4777777777777778
1353095751524361583,90,0.6222222222222222
1353171918420657274,90,0.2111111111111111
1353232720104880349,90,0.4666666666666667
1353266719583112993,90,0.0
1353580154698524668,90,0.0
1353859261364669539,90,1.0
1353892691410011703,90,0.03333333333333333
1353911948905592107,90,0.7555555555555555
1353923921243656006,90,1.0
1353929025336293751,90,1.0
1353976843019139450,90,0.23333333333333334
1354031087550654319,90,0.5555555555555556
1354079400589920262,90,0.6555555555555556
1354240011781989533,90,1.0
1354534534619445444,90,0.7111111111111111
1354587806518309677,90,0.6666666666666666
1354883507940444843,90,1.0
1354902938398376861,90,0.14444444444444443
1355291503182565807,90,1.0
1355292684061033072,90,1.0
1355372678085195892,90,0.4222222222222222
1355441747795153828,90,0.34444444444444444
1355460696166819899,90,0.7
1355489333708758840,90,0.0
1356114690992082363,90,0.6333333333333333
1356175319705653146,90,0.0
1356178487542852097,90,1.0
1356208778874441749,90,1.0
1356213155034316447,90,0.07777777777777778
1356218092487501005,90,0.32222222222222224
1356237221850715577,90,0.17777777777777778
1356240493254553714,90,0.35555555555555557
1356262512004501413,90,0.1
1356294184601199786,90,0.022222222222222223
1356355584762002898,90,0.7222222222222222
1356397607403770669,90,0.34444444444444444
1356462023414516265,90,0.17777777777777778
1356761462793616177,90,1.0
1356907265580485547,90,0.0
1357015521082639279,90,0.7888888888888889
1357259169719936676,90,0.0
1357388370217811866,90,0.3
1357476251590818627,90,0.0
1357522845644758768,90,0.0
1357523222376256779,90,0.044444444444444446
1357549039497884037,90,0.6222222222222222
1357568745436259476,90,1.0
1357571723896236453,90,0.0
1357572014110159697,90,0.9
1357577747918102263,90,0.9
1357578064590587232,90,0.1
1357578373648765568,90,0.8
1357579029985172944,90,0.1
1357597580584452887,90,0.0
1357799418117331603,90,0.6666666666666666
1357829477921442493,90,0.23333333333333334
1358203926784803462,90,1.0
1358306693455091617,90,0.13333333333333333
1358306972567135083,90,0.34444444444444444
1358558417304952357,90,0.3
1358573183934471746,90,0.12222222222222222
1358579885096743441,90,0.5111111111111111
1358582140855136375,90,1.0
1358583895862904617,90,0.2777777777777778
1358602766588378641,90,1.0
1358619229985008207,90,1.0
1358930560692797757,90,0.26666666666666666
1358948666533509262,90,0.26666666666666666
1358948900489393724,90,1.0
1358950898592831879,90,1.0
1358970170533335125,90,0.6666666666666666
1359056108566658110,90,0.06666666666666667
1359154051815820396,90,0.7333333333333333
1359156703011282533,90,1.0
1359200884980133722,90,0.05555555555555555
1359229423475939550,90,0.0
1359275787061232125,90,0.7111111111111111
1359331573628913856,90,0.16666666666666666
1359451041149654599,90,0.08888888888888889
1359630462434158367,90,1.0
1359650040124800509,90,0.022222222222222223
1359749502392887442,90,0.15555555555555556
1359764490325921446,90,0.32222222222222224
1359794314951253090,90,0.17777777777777778
1359800488513867635,90,1.0
1359835371447637720,90,0.07777777777777778
1359835455375381501,90,0.8222222222222222
1359842466179541610,90,0.13333333333333333
1359850471565812819,90,1.0
1359927263085396565,90,0.0
1359985190832368043,90,1.0
1360006510381260515,90,0.16666666666666666
1360042213965890452,90,0.5
1360320451759318287,90,0.2
1360400755888718396,90,0.0
1360401281522994584,90,0.0
1360401784366084366,90,0.1
1360402300721680736,90,0.06666666666666667
1360423619193478932,90,1.0
1360487417101093158,90,1.0
1360509652495910004,90,0.0
1360568887165699169,90,0.0
1360740094848857069,90,0.7888888888888889
1360790825358029512,90,0.2
1361117612329553370,90,0.3
1361175124554749377,90,1.0
1361214576115099451,90,0.43333333333333335
1361291490851236709,90,1.0
1361385510887786477,90,0.24444444444444444
1361470304491562840,90,0.6333333333333333
1361768284733929575,90,0.0
1362052676111306504,90,0.0
1362076379039833344,90,0.4777777777777778
1362092808911441864,90,0.5777777777777777
1362189249352320152,90,1.0
1362199805278262103,90,1.0
1362277917438194196,90,0.5
1362467833553157094,90,0.32222222222222224
1362671188453730022,90,0.0
1362677702473521257,90,0.13333333333333333
1362720269906218836,90,0.5
1362779354050762155,90,0.7888888888888889
1362947820580615536,90,0.044444444444444446
1363219374733402905,90,1.0
1363246127712626022,90,0.9888888888888889
1363263634307286341,90,0.06666666666666667
1363295543401377507,90,0.2222222222222222
1363307927996839053,90,0.022222222222222223
1363314971554125679,90,0.0
1363334621051822264,90,0.05555555555555555
1363335985488099911,90,0.05555555555555555
1363336422608307118,90,0.06666666666666667
1363336978230785447,90,0.0
1363337396694279607,90,0.8
1363337802256795273,90,0.8
1363373865929268760,90,0.7666666666666667
1363374197571197922,90,0.3888888888888889
1363377233181368870,90,0.022222222222222223
1363407893537504877,90,0.1
1363421305945632027,90,0.0
1363437152654830694,90,0.5666666666666667
1363579390003873856,90,0.6666666666666666
1363649213757405783,90,0.0
1363649427832831644,90,0.17777777777777778
1363976601933844125,90,0.06666666666666667
1364004101947741249,90,0.8111111111111111
1364008489496446075,90,0.12222222222222222
1364013861515504904,90,0.3333333333333333
1364255234224182868,90,0.044444444444444446
1364283678687493788,90,0.6777777777777778
1364319900235382272,90,0.23333333333333334
1364374386267624127,90,0.06666666666666667
1364385691767787331,90,0.25555555555555554
1364406353993449384,90,0.24444444444444444
1364424528618169405,90,1.0
1364651916917985815,90,1.0
1364716302945479219,90,0.13333333333333333
1364774598850694340,90,0.011111111111111112
1364818657332333172,90,0.0
1364818915389447644,90,0.8666666666666667
1364823549474297690,90,0.0
1364827050145876676,90,0.0
1364829412608241928,90,0.0
1364830461110799385,90,0.0
1364854879009826577,90,0.4444444444444444
1364872668559351987,90,0.3333333333333333
1364925499064596871,90,0.28888888888888886
1364957140836156282,90,1.0
1365018016042780783,90,0.1
1365049382699363020,90,1.0
1365077672271192984,90,0.6222222222222222
1365092722067789663,90,1.0
1365111875760293162,90,0.9333333333333333
1365145670122804905,90,0.0
1365388479395019412,90,1.0
1365448535823976093,90,0.3
1365489511417194357,90,0.8666666666666667
1365516190000668905,90,1.0
1365555620412721320,90,1.0
1365683665945531640,90,0.2
1365881491618793764,90,0.5
1366159537161925057,90,1.0
1366170861031479412,90,0.34444444444444444
1366174502946537735,90,1.0
1366179276577636156,90,0.14444444444444443
1366202371655292314,90,1.0
1366337440759651331,90,0.06666666666666667
1366371371314811014,90,0.0
1366485035033276467,90,0.34444444444444444
1366573243906501223,90,0.26666666666666666
1366604026028323569,90,0.13333333333333333
1366839826143797653,90,0.3333333333333333
1366974194873808907,90,1.0
1366997867705225595,90,0.14444444444444443
1367059756978781657,90,0.9222222222222223
1367172216638193295,90,0.26666666666666666
1367183427510063162,90,0.4888888888888889
1367245778788221303,90,0.0
1367776884670131827,90,0.7111111111111111
1367782983756551568,90,0.34444444444444444
1367840264063008289,90,0.17777777777777778
1367910989083742471,90,0.43333333333333335
1367913663469502153,90,0.2
1367933681948186532,90,0.044444444444444446
1367935187393569657,90,0.28888888888888886
1367981417265990039,90,0.0
1368133507182736158,90,0.37777777777777777
1368343326389716634,90,0.7444444444444445
1368398444603204800,90,0.0
1368438881994612652,90,0.3333333333333333
1368476741659340792,90,0.9222222222222223
1368500021908102934,90,0.36666666666666664
1368523454182361231,90,0.6333333333333333
1368541270815141242,90,0.0
1368723555427845210,90,0.7666666666666667
1369040551050198688,90,0.6222222222222222
1369131208291466314,90,0.6888888888888889
1369147625852142737,90,1.0
1369265714592562842,90,0.45555555555555555
1369282277882116603,90,0.14444444444444443
1369322745372080117,90,0.26666666666666666
1369405747532051792,90,0.37777777777777777
1369412598597533804,90,0.2222222222222222
1369647727680611327,90,1.0
1369743488109718974,90,0.24444444444444444
1369784034033914295,90,0.8
1369867217921325734,90,0.4777777777777778
1370123590425909081,90,0.2
1370435984917329558,90,0.1111111111111111
1370516532827077470,90,0.1111111111111111
1370550152369143394,90,0.4444444444444444
1370550991046065175,90,0.0
1370577210647339924,90,0.1
1370578716189890721,90,0.8666666666666667
1370597727243944392,90,0.8222222222222222
1370607774967252667,90,0.26666666666666666
1370640468978177933,90,0.0
1370658323097390071,90,0.7111111111111111
1370670875704146062,90,1.0
1370683431116315459,90,0.5888888888888889
1370754335326912423,90,1.0
1370840315252068082,90,0.23333333333333334
1370881289472867556,90,0.16666666666666666
1370912615816914533,90,1.0
1371268515356573463,90,0.6111111111111112
1371309620999073340,90,0.011111111111111112
1371396098535497126,90,0.5444444444444444
1371396156262800792,90,0.1111111111111111
1371559060524322838,90,0.4888888888888889
1371590318095259797,90,0.7444444444444445
1371976933093410323,90,0.06666666666666667
1372060545794940097,90,0.8
1372062674768739547,90,0.9555555555555556
1372186576046374474,90,0.5777777777777777
1372191084781582970,90,0.0
1372255972685323509,90,0.7777777777777778
1372295199187075927,90,0.2111111111111111
1372395855928828440,90,0.5111111111111111
1372803790849059882,90,0.5222222222222223
1372916506949887831,90,0.3333333333333333
1372922205734801827,90,0.05555555555555555
1372954493484636043,90,0.0
1372987535696640274,90,0.1
1373037646810391793,90,0.25555555555555554
1373050113991004628,90,0.6
1373065858977324560,90,0.2222222222222222
1373082728846926139,90,0.13333333333333333
1373401879052411357,90,0.8
1373447308512118716,90,0.0
1373449079180817615,90,0.0
1373463045273279355,90,0.45555555555555555
1373470986285866645,90,0.1
1373476552653402435,90,0.28888888888888886
1373506197143468169,90,0.3333333333333333
1373516463495436963,90,1.0
1373526222693921906,90,0.13333333333333333
1373556664716824834,90,0.6333333333333333
1373565524841610787,90,0.9888888888888889
1373641014868767971,90,0.45555555555555555
1373695195923931271,90,0.4
1373754826605233426,90,0.0
1373843429969975227,90,0.13333333333333333
1373860030491492918,90,0.36666666666666664
1374090699014633886,90,1.0
1374123225444994713,90,0.03333333333333333
1374123943561374173,90,0.03333333333333333
1374124291143568739,90,0.12222222222222222
1374125006990986044,90,0.0
1374125360421208761,90,0.05555555555555555
1374126847747497369,90,0.07777777777777778
1374127337198933321,90,0.03333333333333333
1374127698033051354,90,0.16666666666666666
1374132530895525076,90,0.9444444444444444
1374158119058596032,90,0.2777777777777778
1374243293319912175,90,0.12222222222222222
1374294354677073068,90,0.3333333333333333
1374317049103505411,90,0.2
1374390847398941337,90,1.0
1374399387980490089,90,0.6444444444444445
1374434562438642591,90,0.4111111111111111
1374438315326895539,90,0.5111111111111111
1374469495675867841,90,0.35555555555555557
1374502845542692363,90,0.9777777777777777
1374513311084924599,90,0.9
1374541374118150937,90,0.7777777777777778
1374845508933257343,90,0.0
1374883239155917404,90,0.4444444444444444
1375010652828776929,90,0.0
1375010830500227066,90,0.0
1375011497916766648,90,0.011111111111111112
1375011665658079329,90,0.0
1375048285802586769,90,0.4888888888888889
1375056599814338282,90,0.022222222222222223
1375136293484155654,90,0.6333333333333333
1375145047218760417,90,0.6888888888888889
1375163747396033153,90,0.2111111111111111
1375166605115159657,90,1.0
1375446343255087489,90,1.0
1375622287272243920,90,0.0
1375622808470804360,90,0.9888888888888889
1375660671831042821,90,0.18888888888888888
1375733439258858926,90,0.3
1375745977663471514,90,0.03333333333333333
1375772819321339802,90,0.35555555555555557
1375790269298291327,90,0.28888888888888886
1375909121491560548,90,0.28888888888888886
1375912051541912213,90,0.7555555555555555
1375927280664890539,90,1.0
1375966184396692023,90,1.0
1375966372672388614,90,0.7
1376026138049463243,90,0.0
1376207983318516308,90,0.5333333333333333
1376355852432687463,90,0.9555555555555556
1376452554833574338,90,0.5555555555555556
1376466582218492612,90,0.14444444444444443
1376468725154791386,90,0.34444444444444444
1376483498007299437,90,0.4
1376606313155045043,90,0.03333333333333333
1376699195614291486,90,0.3
1377198810500714067,90,1.0
1377209167942948405,90,0.5444444444444444
1377282553498071371,90,0.011111111111111112
1377284984017507942,90,0.4666666666666667
1377368590124577036,90,0.1
1377381565692331612,90,0.3333333333333333
1377425337341794247,90,0.18888888888888888
1377796801100432890,90,0.0
1377809794771173491,90,0.13333333333333333
1377957591916837101,90,0.37777777777777777
1378017054928696526,90,0.07777777777777778
1378526851753542588,90,0.0
1378536815747491050,90,0.7111111111111111
1378552215467812127,90,0.18888888888888888
1378554715854564047,90,0.3
1378596041109198844,90,0.2111111111111111
1378664716160386347,90,0.7444444444444445
1378696785424709701,90,0.28888888888888886
1378747731359513600,90,1.0
1378752788205957581,90,0.24444444444444444
1378814436114637050,90,0.0
1378833457756157733,90,0.0
1378863642308362445,90,0.6888888888888889
1378864049836715625,90,0.5111111111111111
1378864443937787766,90,0.1
1378864854914241420,90,0.13333333333333333
1378865416409743865,90,0.17777777777777778
1378865809026401872,90,0.08888888888888889
1378879511272158219,90,0.32222222222222224
1378973652456472263,90,0.32222222222222224
1379184390153534250,90,0.8
1379425494840919512,90,0.3888888888888889
1379429221359639212,90,0.2222222222222222
1379436311125908142,90,1.0
1379440610505749601,90,0.5
1379480743333418118,90,0.16666666666666666
1379487463964026360,90,0.4222222222222222
1379542973927210222,90,0.07777777777777778
1379550031829554566,90,0.36666666666666664
1379623841141247447,90,1.0
1379884000170223017,90,0.6
1379898407464333194,90,0.6222222222222222
1379962288956015952,90,0.13333333333333333
1380029942238206689,90,0.0
1380060093515741304,90,0.0
1380066315810565177,90,0.0
1380091191173301167,90,0.0
1380104040747371535,90,0.5222222222222223
1380159015516862645,90,1.0
1380225686613870354,90,0.5333333333333333
1380762201555759211,90,0.36666666666666664
1380796273774123114,90,0.011111111111111112
1380809226023947692,90,0.3333333333333333
1380814746684177354,90,0.2
1380848968460694321,90,1.0
1380856268392341875,90,0.9777777777777777
1380893240451148615,90,0.34444444444444444
1380944648669142475,90,0.16666666666666666
1380974718796498375,90,0.08888888888888889
1381005419121875823,90,0.37777777777777777
1381023824309242753,90,0.5444444444444444
1381042920654201161,90,0.5666666666666667
1381080661592322942,90,0.08888888888888889
1381121636573606086,90,0.0
1381428892230256950,90,0.0
1381453289290595440,90,0.9777777777777777
1381455719426699580,90,0.4888888888888889
1381459214782380422,90,0.7111111111111111
1381477230228656914,90,0.18888888888888888
1381654670688525239,90,0.0
1381771406546754480,90,1.0
1382096507849492794,90,1.0
1382199137370477164,90,0.5333333333333333
1382222127206147774,90,0.4222222222222222
1382237555613791176,90,0.24444444444444444
1382239029261974944,90,1.0
1382252470879760436,90,0.34444444444444444
1382299721941504568,90,0.26666666666666666
1382318371697810849,90,0.07777777777777778
1382411692699757668,90,0.7555555555555555
1382463773834798112,90,0.3
1383051006147622422,90,0.0
1383112775862087703,90,0.0
1383206482385251873,90,0.8888888888888888
1383622789736282220,90,0.06666666666666667
1383630619044293197,90,0.08888888888888889
1383691037495452678,90,1.0
1383697133375443370,90,0.8666666666666667
1383707642297203150,90,0.5888888888888889
1383714386998894819,90,1.0
1383718112805395132,90,0.13333333333333333
1383752902098645920,90,0.3
1383757869847766787,90,0.03333333333333333
1383766755907057523,90,1.0
1383817186712889470,90,1.0
1383834005712549652,90,0.011111111111111112
1383863062450455736,90,1.0
1383931415589354851,90,0.0
1383937207471825033,90,0.0
1384085828452426223,90,0.13333333333333333
1384269541338705772,90,0.6888888888888889
1384333883481615910,90,0.2777777777777778
1384359512258902432,90,0.9555555555555556
1384402883682909422,90,0.2777777777777778
1384452595580745131,90,0.3111111111111111
1384464961732154159,90,0.0
1384470119236602118,90,1.0
1384498433931176339,90,0.06666666666666667
1384528398265157968,90,1.0
1384536997150681499,90,1.0
1384545666160054721,90,0.16666666666666666
1384612509117889777,90,0.5
1384627909421155865,90,0.5666666666666667
1384637490708553419,90,0.2111111111111111
1384638762054611790,90,0.4222222222222222
1385021411361919293,90,1.0
1385095485840192393,90,0.23333333333333334
1385115799090600346,90,0.05555555555555555
1385221280837512654,90,0.5555555555555556
1385235033472174509,90,0.022222222222222223
1385235764992314319,90,1.0
1385237873538649093,90,0.14444444444444443
1385241804022892669,90,0.7222222222222222
1385304410819892384,90,0.0
1385315908514839207,90,0.5777777777777777
1385343206423469851,90,0.25555555555555554
1385464091247667675,90,0.35555555555555557
1385637698066017708,90,0.28888888888888886
1385763822092688411,90,0.16666666666666666
1385783989402909217,90,0.4222222222222222
1385828944818152297,90,0.23333333333333334
1385913198152025827,90,0.6444444444444445
1385945785647204281,90,0.6666666666666666
1385976254922614112,90,0.9888888888888889
1386024313426368398,90,0.7666666666666667
1386049161840649814,90,0.37777777777777777
1386089581022621221,90,0.6
1386424472691616009,90,0.8888888888888888
1386511930076179468,90,0.13333333333333333
1386597298995122686,90,0.5444444444444444
1386631780763819944,90,0.9666666666666667
1386752080336846258,90,0.8
1386828917791091697,90,0.25555555555555554
1386866767635180561,90,0.0
1387048740932491982,90,0.06666666666666667
1387235708856134325,90,0.044444444444444446
1387272818674236364,90,0.022222222222222223
1387282078351183388,90,0.36666666666666664
1387283227084305030,90,0.2111111111111111
1387326546964177350,90,0.7222222222222222
1387420840147991211,90,0.0
1387531070786192606,90,0.5444444444444444
1387554712328622533,90,0.8
1387946454704096929,90,0.14444444444444443
1387959256676686980,90,0.4777777777777778
1387963004132806859,90,0.17777777777777778
1388007795283371588,90,0.4444444444444444
1388016712132063537,90,0.9888888888888889
1388018123250890374,90,0.45555555555555555
1388026624671817478,90,0.7
1388031676851236410,90,0.3
1388040389620204408,90,1.0
1388138972949926687,90,0.2111111111111111
1388139643440537357,90,0.08888888888888889
1388177756509632437,90,0.011111111111111112
1388187204135913025,90,0.1111111111111111
1388223683592940566,90,0.5111111111111111
1388231276156755731,90,0.0
1388297735972508372,90,0.6333333333333333
1388298499853604519,90,0.13333333333333333
1388368351002078185,90,0.5777777777777777
1388645838360143274,90,1.0
1388670367843742050,90,0.9333333333333333
1388670837435339513,90,0.022222222222222223
1388695351215165798,90,0.5
1388714529581020571,90,0.0
1388722543277902772,90,0.5555555555555556
1388750368354247755,90,0.7555555555555555
1388770304918529602,90,1.0
1388776200794750114,90,0.2
1388790163928203693,90,0.0
1388807778482751105,90,0.0
1388812647403838545,90,0.0
1388817231376015257,90,0.0
1388822955089053768,90,1.0
1388838499267429161,90,0.0
1388845732204060861,90,0.0
1388941638362859510,90,0.3111111111111111
1389360020229577157,90,0.17777777777777778
1389412057249397637,90,0.4444444444444444
1389458657908111320,90,0.03333333333333333
1389459572362951987,90,1.0
1389524500240352705,90,0.9777777777777777
1389530506574261560,90,0.2222222222222222
1389536773099902785,90,0.07777777777777778
1389612466127860542,90,0.8222222222222222
1389679332699867148,90,0.5666666666666667
1389722463143314248,90,0.6
1389761817955802580,90,0.5222222222222223
1389767349550350541,90,1.0
1389844916807398848,90,1.0
1390095401744312515,90,0.12222222222222222
1390117309133569312,90,1.0
1390138736433607552,90,0.14444444444444443
1390139342864258406,90,0.0
1390148909460511590,90,0.011111111111111112
1390207139408218438,90,0.3888888888888889
1390219520914546801,90,0.13333333333333333
1390253431677395369,90,1.0
1390278000197741283,90,0.7444444444444445
1390278827616180234,90,0.0
1390295178230277479,90,0.06666666666666667
1390335556751662760,90,1.0
1390344273393286314,90,0.23333333333333334
1390391297492146391,90,0.18888888888888888
1390533423804194341,90,1.0
1390785334461599640,90,0.7555555555555555
1390871271660758878,90,0.0
1390961323444888750,90,0.0
1390976319177635846,90,1.0
1390994277669955543,90,1.0
1390995734707643074,90,0.4111111111111111
1391178369736023069,90,0.7111111111111111
1391534590548329210,90,0.0
1391537360912659171,90,0.03333333333333333
1391576199547511324,90,1.0
1391637247955565301,90,0.4888888888888889
1391692001174634596,90,0.45555555555555555
1391716405162438619,90,0.6333333333333333
1392031636154378498,90,0.4444444444444444
1392407467888224810,90,0.3333333333333333
1392418951141091490,90,1.0
1392505800021679111,90,0.35555555555555557
1392540097121672248,90,0.7333333333333333
1392649084568246380,90,0.6555555555555556
1392679649777529070,90,1.0
1393005619974650683,90,0.8444444444444444
1393053587440053923,90,1.0
1393118753776857438,90,0.3111111111111111
1393195800855700735,90,1.0
1393220805312593262,90,0.5333333333333333
1393750453197124452,90,0.9666666666666667
1393760862702505734,90,0.6888888888888889
1393763072221385925,90,1.0
1393777309712983767,90,0.13333333333333333
1393801627753177665,90,0.011111111111111112
1393848084837766994,90,0.0
1393864987627089805,90,0.24444444444444444
1393977762125184881,90,0.32222222222222224
1393982936534772327,90,0.2
1393998606933794992,90,0.2777777777777778
1394041602079886706,90,1.0
1394078391041475400,90,0.2111111111111111
1394145470191322605,90,1.0
1394430927267473939,90,0.18888888888888888
1394456020131030112,90,0.0
1394466060954272895,90,0.05555555555555555
1394481190279349201,90,1.0
1394563803972023330,90,0.044444444444444446
1394612869600925253,90,0.3
1394653160910625322,90,0.0
1394661329161464597,90,0.5555555555555556
1394729819412923961,90,1.0
1395096890441027253,90,0.0
1395186057207881784,90,0.0
1395189853810713611,90,1.0
1395200495424027335,90,0.5444444444444444
1395214807808452497,90,0.0
1395264505257586964,90,0.13333333333333333
1395289741919588622,90,0.2
1395354260896318794,90,0.9888888888888889
1395379572314003866,90,0.4222222222222222
1395415858640551072,90,0.13333333333333333
1395416695623640459,90,0.5666666666666667
1395417304969718823,90,0.6333333333333333
1395418567126349194,90,0.0
1395471118946326954,90,0.36666666666666664
1395578625860316572,90,0.43333333333333335
1395652168096433988,90,0.9888888888888889
1395946073382751068,90,0.6333333333333333
1395981119609118087,90,0.13333333333333333
1396086241665758317,90,0.08888888888888889
1396087668129103531,90,0.6
1396141939512234862,90,0.13333333333333333
1396172278653002511,90,0.4888888888888889
1396234801508616110,90,0.0
1396261361965711163,90,0.1
1396328841287381553,90,0.2222222222222222
1396657811070679104,90,0.2
1396672440306571543,90,0.7
1396690592588973945,90,1.0
1396721951483855443,90,0.43333333333333335
1396936774139213706,90,0.0
1396942062594430293,90,0.05555555555555555
1396946225430765253,90,1.0
1396976155789442275,90,0.28888888888888886
1397268896781635172,90,0.08888888888888889
1397279627314251439,90,0.03333333333333333
1397394705016118381,90,0.8666666666666667
1397406379463509068,90,0.6888888888888889
1397478119774878769,90,0.044444444444444446
1397542624878771158,90,0.022222222222222223
1397580779187582331,90,0.3
1397669625896596316,90,0.13333333333333333
1397687701574480255,90,1.0
1397690453197434062,90,1.0
1397724591148662003,90,0.13333333333333333
1397823370049682923,90,0.23333333333333334
1398114634545034362,90,0.5888888888888889
1398147955337256400,90,0.4666666666666667
1398156806014342831,90,0.13333333333333333
1398241904689194673,90,1.0
1398527044579641513,90,0.24444444444444444
1398811355122518634,90,0.13333333333333333
1398821148066784418,90,1.0
1398834479770916046,90,0.8444444444444444
1398840408429856396,90,1.0
1398871234556038768,90,1.0
1398876284988311756,90,0.6777777777777778
1398892885384834912,90,0.32222222222222224
1398905078229612673,90,0.9555555555555556
1398911236999816181,90,0.7111111111111111
1399022457069787174,90,0.1111111111111111
1399048415432830818,90,0.6777777777777778
1399102354360411932,90,0.35555555555555557
1399115689256122590,90,0.0
1399147616407577380,90,0.17777777777777778
1399215094976322590,90,0.45555555555555555
1399219906407941827,90,0.0
1399220716209216466,90,1.0
1399248983213054048,90,0.5888888888888889
1399505437076389264,90,0.17777777777777778
1399599399213489035,90,0.1
1399655509086077065,90,0.5666666666666667
1399903870059499696,90,0.0
1399975188993045406,90,0.2777777777777778
1400294483368560731,90,1.0
1400327494736707810,90,0.03333333333333333
1400397801020888663,90,0.08888888888888889
1400429849324463796,90,1.0
1400451344889138609,90,0.6333333333333333
1400507894582418392,90,1.0
1400527803860852343,90,0.14444444444444443
1400570842871648049,90,0.14444444444444443
1400964669756105572,90,0.4
1400971620415037871,90,0.14444444444444443
1401038020456295385,90,1.0
1401094731798259016,90,0.0
1401116473059389864,90,0.05555555555555555
1401118239791585135,90,1.0
1401145732687980163,90,1.0
1401418922826137087,90,0.011111111111111112
1401468605373114669,90,0.0
1401494047293024684,90,0.03333333333333333
1401511237912733050,90,0.37777777777777777
1401710377717606882,90,0.0
1401808766817152907,90,0.5444444444444444
1401882627913787708,90,0.3333333333333333
1402538325804548688,90,0.5111111111111111
1402755593701558243,90,0.1111111111111111
1403187811356163018,90,1.0
1403611558855297356,90,0.6777777777777778
1403859323997709397,90,0.4111111111111111
1404021498443663191,90,0.044444444444444446
1404194440107685189,90,0.13333333333333333
1404638802906267145,90,0.8
1404667143986827485,90,0.6
1404807207881225339,90,0.35555555555555557
1404856715104504308,90,0.07777777777777778
1404909820419731851,90,1.0
1405315360821272759,90,1.0
1405388354548943228,90,0.12222222222222222
1405422810810133852,90,0.8
1405426444249875971,90,0.4777777777777778
1405428984643919492,90,0.5333333333333333
1405481743320594658,90,0.7333333333333333
1405525377839270078,90,0.022222222222222223
1405628384644196335,90,0.0
1405636719018519030,90,1.0
1405689293893022690,90,0.6777777777777778
1405727862182682487,90,0.5111111111111111
1405736598298334531,90,0.5444444444444444
1406059006697270305,90,0.37777777777777777
1406066900267446937,90,0.9
1406098390483381622,90,0.9555555555555556
1406100131991513600,90,0.0
1406128452328091325,90,1.0
1406211887498063700,90,0.5
1406268506831767416,90,0.37777777777777777
1406309961073905093,90,0.8222222222222222
1406342361087923003,90,0.9222222222222223
1406392696256435251,90,0.8222222222222222
1406446665190700457,90,0.36666666666666664
1406813624994070590,90,0.6666666666666666
1406840564608707530,90,0.4222222222222222
1406856293633640413,90,0.5333333333333333
1406924808148885065,90,0.9888888888888889
1406948154026360438,90,1.0
1406983251912164766,90,1.0
1407009635509583504,90,0.7666666666666667
1407032753567273265,90,0.0
1407455364761207134,90,0.25555555555555554
1407465270957226135,90,0.26666666666666666
1407470117317072435,90,0.17777777777777778
1407522381197190885,90,0.0
1407663432700639262,90,0.6555555555555556
1407844743414414608,90,0.8666666666666667
1407849870772660945,90,0.14444444444444443
1407853014225462380,90,0.8666666666666667
1408205576887567096,90,0.35555555555555557
1408247978849104372,90,0.4888888888888889
1408298747943231682,90,0.0
1408311115144621344,90,1.0
1408312454694419266,90,0.32222222222222224
1408351348336641167,90,1.0
1408381880337153721,90,0.9333333333333333
1408405334926435201,90,0.13333333333333333
1408434896336110867,90,1.0
1408619830961962088,90,1.0
1408935649472415832,90,0.0
1408964645033348042,90,0.6555555555555556
1408974095595310632,90,0.36666666666666664
1408985706956161727,90,0.9444444444444444
1408993748517542478,90,0.28888888888888886
1408995363129502228,90,0.0
1409073858964649761,90,0.36666666666666664
1409080394787900145,90,0.5222222222222223
1409090294226420869,90,0.044444444444444446
1409099448897332179,90,0.2
1409317320890644375,90,1.0
1409372149738445561,90,0.0
1409388823392885852,90,0.8111111111111111
1409421128038080393,90,0.0
1409656228381846993,90,0.8222222222222222
1409864279953722645,90,0.13333333333333333
1409881130441504743,90,0.0
1409934800562332580,90,1.0
1409943870674633854,90,0.6888888888888889
1410033144052423467,90,1.0
1410270136907425248,90,1.0
1410423839412556522,90,0.011111111111111112
1410457508809151141,90,1.0
1410481468044450138,90,0.7888888888888889
1410495093767964401,90,0.2222222222222222
1410497540047755537,90,0.4444444444444444
1410524277331729287,90,1.0
1410561480440976199,90,0.3888888888888889
1410591004985552968,90,0.0
1410685568677348103,90,0.35555555555555557
1410697207943814370,90,0.4777777777777778
1410739813806014135,90,0.1
1410844070693962978,90,0.7
1411073114637602993,90,0.4888888888888889
1411116191296778401,90,0.28888888888888886
1411116505932174177,90,0.28888888888888886
1411116793380703724,90,0.0
1411118603211323797,90,0.17777777777777778
1411119718457261231,90,0.8
1411120414894257396,90,0.8666666666666667
1411130269056929989,90,0.7444444444444445
1411175095916937408,90,0.45555555555555555
1411186261328107086,90,1.0
1411196868263893439,90,0.08888888888888889
1411206328187026627,90,0.1111111111111111
1411235047248286167,90,0.35555555555555557
1411247670051540462,90,0.8777777777777778
1411247963377141650,90,0.8777777777777778
1411248589191689882,90,0.14444444444444443
1411249700445267748,90,0.8
1411250367074394855,90,0.8
1411250666036348305,90,0.8444444444444444
1411251048180078190,90,0.8
1411303497203966700,90,0.16666666666666666
1411334401650224874,90,0.07777777777777778
1411355074131390645,90,0.0
1411402208853172348,90,0.36666666666666664
1411444076966710807,90,0.4666666666666667
1411498766648807582,90,1.0
1411511166337184373,90,1.0
1411873240354860088,90,1.0
1411926040587756549,90,0.05555555555555555
1411941529360808803,90,0.45555555555555555
1411956711776351388,90,0.0
1412084846742017481,90,0.0
1412220705789655519,90,0.3888888888888889
1412605562657510196,90,0.8
1412737440519518482,90,0.06666666666666667
1412925876307506265,90,0.13333333333333333
1413285466417225593,90,0.7666666666666667
1413377639146833798,90,0.011111111111111112
1413445074454464800,90,0.3333333333333333
1413523334125627500,90,0.0
1413537173905889110,90,0.12222222222222222
1413692929393292415,90,0.6444444444444445
1413981757721227834,90,0.0
1414050250516498006,90,0.18888888888888888
1414085392859701715,90,0.6
1414194757475551902,90,0.9777777777777777
1414367879199287794,90,0.06666666666666667
1414404051594534924,90,0.25555555555555554
1414427009298277706,90,1.0
1414742172879239321,90,0.0
1414780874678264605,90,0.4888888888888889
1414833322026206899,90,0.05555555555555555
1414990478723765029,90,0.3888888888888889
1415018829853507775,90,0.6888888888888889
1415076889051338533,90,0.0
1415300716055610301,90,0.9333333333333333
1415491113139735673,90,1.0
1415499635732222621,90,1.0
1415525828604998461,90,0.4666666666666667
1415567204815404119,90,0.07777777777777778
1415633556487330253,90,0.26666666666666666
1415691090316911014,90,0.1111111111111111
1415692665887111707,90,0.044444444444444446
1415694876562700000,90,0.13333333333333333
1415711238038182366,90,0.0
1415713188399566790,90,0.2111111111111111
1415713748691365385,90,0.1
1415761540000578604,90,1.0
1415832259520496028,90,1.0
1415859348973401674,90,0.4777777777777778
1415875077757202776,90,0.0
1415880684765665779,90,1.0
1415914610783695244,90,1.0
1415993423043393685,90,0.9444444444444444
1416283731559895653,90,0.022222222222222223
1416372027642672138,90,1.0
1416531697299207852,90,0.16666666666666666
1416626646857689933,90,0.0
1416833587293789981,90,0.43333333333333335
1417020956893038411,90,0.0
1417074473529213669,90,0.2
1417124898288746861,90,0.23333333333333334
1417177499688755198,90,0.011111111111111112
1417638404749156994,90,0.13333333333333333
1417671512699169124,90,0.24444444444444444
1417683059235309295,90,0.5777777777777777
1417826709940360479,90,1.0
1418020546504674730,90,0.28888888888888886
1418053058902520488,90,1.0
1418116200989654422,90,0.37777777777777777
1418406549301723882,90,1.0
1418410089539396323,90,0.8333333333333334
1418429154157246366,90,0.5
1418484650745685304,90,0.5666666666666667
1418559588183523765,90,0.26666666666666666
1418606195964367815,90,0.8
1418744184498300674,90,0.4888888888888889
1418953918291034646,90,1.0
1419137064692710845,90,0.23333333333333334
1419137566133351251,90,0.0
1419137735119873842,90,0.0
1419137905504738088,90,0.24444444444444444
1419181255704681542,90,0.5111111111111111
1419236858014902792,90,0.2111111111111111
1419259250704944124,90,0.0
1419265114559888472,90,0.9
1419266619522058880,90,0.7666666666666667
1419272331724557359,90,0.08888888888888889
1419364811690301638,90,1.0
1419393156014564341,90,0.0
1419400782938866640,90,0.011111111111111112
1419570021597078234,90,0.13333333333333333
1419811796115778328,90,0.0
1419812425966157531,90,0.8
1419812980122295091,90,0.8
1419813535288923666,90,0.0
1419814091626225220,90,0.0
1419814694625657996,90,0.0
1419815249949959581,90,0.8333333333333334
1419815862341849548,90,0.8
1419863850095108313,90,0.2222222222222222
1419936835115049804,90,0.9777777777777777
1419991530679484255,90,0.8444444444444444
1420097080168653776,90,0.03333333333333333
1420126317046214340,90,0.6
1420176586391355014,90,0.0
1420178559387934839,90,0.6888888888888889
1420581093304144451,90,0.0
1420608236854174255,90,0.0
1420609012869477819,90,0.2
1420632232504068101,90,0.5333333333333333
1420676823293424785,90,0.7
1420702955740151659,90,0.0
1420705319698597024,90,0.43333333333333335
1420947796257919363,90,0.34444444444444444
1421197566551885591,90,0.7777777777777778
1421211264157301696,90,0.0
1421305855236903668,90,1.0
1421333933099299623,90,0.044444444444444446
1421358496642434975,90,0.34444444444444444
1421386640343765720,90,0.6666666666666666
1421386924195774503,90,0.14444444444444443
1421400657277000413,90,0.9222222222222223
1421418109117584908,90,0.022222222222222223
1421460984055288566,90,0.13333333333333333
1421490670132054700,90,0.17777777777777778
1421529113280882233,90,0.2222222222222222
1421572362905165610,90,0.2
1421627348236436828,90,0.35555555555555557
1421707577196789554,90,0.9777777777777777
1422070038163622167,90,0.8666666666666667
1422085624551217437,90,0.13333333333333333
1422132465740165453,90,0.6555555555555556
1422238857894249648,90,0.45555555555555555
1422244722231666290,90,0.17777777777777778
1422254738915625416,90,0.18888888888888888
1422360860083750241,90,0.06666666666666667
1422629389331627447,90,0.12222222222222222
1422755169491751756,90,0.6333333333333333
1422760965275631901,90,0.8333333333333334
1422784588513687438,90,0.022222222222222223
1422814000867972998,90,0.9888888888888889
1422826480172412524,90,0.06666666666666667
1422875549703695071,90,0.24444444444444444
1422926236804197852,90,0.16666666666666666
1423101279815448301,90,0.9888888888888889
1423391608406429659,90,0.7666666666666667
1423478389756924812,90,0.13333333333333333
1423529188138895401,90,0.022222222222222223
1423530690790747380,90,1.0
1423531318311196852,90,0.18888888888888888
1423750214970251218,90,0.9333333333333333
1423779612088778910,90,0.7666666666666667
1423890843186119497,90,0.8111111111111111
1424141048268265718,90,0.17777777777777778
1424154911090542165,90,0.044444444444444446
1424222729188417066,90,0.35555555555555557
1424245898056760909,90,0.26666666666666666
1424258121234729070,90,0.24444444444444444
1424323794151622007,90,0.3111111111111111
1424357362108143138,90,0.15555555555555556
1424480924654407842,90,0.13333333333333333
1424508384781772235,90,0.4888888888888889
1424541256708316416,90,0.08888888888888889
1424609338302346841,90,0.18888888888888888
1424656964942874873,90,1.0
1424910691587700881,90,0.2222222222222222
1424947085170685546,90,0.7777777777777778
1425135427735650197,90,0.1
1425159869137495060,90,0.05555555555555555
1425182971028629986,90,1.0
1425206564577968059,90,1.0
1425226288734841560,90,0.1111111111111111
1425257701134755722,90,0.07777777777777778
1425298534047247939,90,1.0
1425376062457679584,90,0.2222222222222222
1425663217634122194,90,0.9888888888888889
1425667854263561082,90,0.7666666666666667
1425724460393060779,90,0.011111111111111112
1425736712161874128,90,0.0
1425797349966704276,90,0.6777777777777778
1426016437778231010,90,0.2
1426024162288144029,90,0.26666666666666666
1426090508603804540,90,0.43333333333333335
1426360648741241331,90,0.28888888888888886
1426461200643213418,90,0.36666666666666664
1426477566040742446,90,0.2
1426572023485734734,90,0.0
1426583097349155836,90,0.08888888888888889
1426602923487039970,90,1.0
1426632132314390284,90,0.0
1426691112939934065,90,0.3111111111111111
1426807746157206379,90,0.6444444444444445
1427015422051615078,90,0.36666666666666664
1427045019682771287,90,0.0
1427057921103495494,90,0.14444444444444443
1427167736315423125,90,0.9555555555555556
1427182782279987213,90,0.2222222222222222
1427224162115850312,90,0.5444444444444444
1427321396036687310,90,0.26666666666666666
1427405431196304313,90,0.13333333333333333
1427796008731640519,90,1.0
1427907208303660694,90,1.0
1427997963996103790,90,0.1111111111111111
1428015611450810328,90,0.13333333333333333
1428239884951944347,90,0.23333333333333334
1428346320161604744,90,0.8666666666666667
1428644454490176470,90,1.0
1428685593271004918,90,1.0
1428732201029589587,90,1.0
1428781692437953753,90,0.15555555555555556
1428803312326575492,90,0.4666666666666667
1428875400526605028,90,0.3888888888888889
1428944609868641060,90,0.9888888888888889
1429190945407620637,90,0.0
1429255977703622545,90,0.25555555555555554
1429367284832335638,90,0.3888888888888889
1429389447479223681,90,0.4888888888888889
1429476751756885169,90,0.35555555555555557
1429481931819316056,90,0.1111111111111111
1429484966316723249,90,0.0
1429548801538597756,90,0.5444444444444444
1429594659103301472,90,0.43333333333333335
1429611086805239185,90,0.13333333333333333
1429867616029725985,90,0.8222222222222222
1429914486119938080,90,0.3333333333333333
1429960329829774487,90,0.08888888888888889
1430020751822492328,90,0.07777777777777778
1430129516785893906,90,0.9111111111111111
1430167959269601276,90,0.5777777777777777
1430170935318261676,90,0.4777777777777778
1430224859290116440,90,0.6444444444444445
1430262389411142488,90,0.4777777777777778
1430394473690874596,90,1.0
1430399194385088865,90,0.5111111111111111
1430538261508695703,90,0.022222222222222223
1430658840896061520,90,0.13333333333333333
1430724054447336146,90,0.36666666666666664
1430739457495259083,90,0.0
1430767320039000349,90,0.011111111111111112
1430805885567089468,90,1.0
1430811158553631276,90,1.0
1430893749023326823,90,0.06666666666666667
1430902381526585926,90,0.6333333333333333
1430902409647578742,90,1.0
1430911235558945969,90,0.06666666666666667
1430915297377176298,90,0.08888888888888889
1430941243010898398,90,0.28888888888888886
1430962753103387428,90,0.8444444444444444
1430986536396069437,90,0.6555555555555556
1431040362214793306,90,0.1
1431069004506655267,90,0.9888888888888889
1431144246941759493,90,0.13333333333333333
1431410495589905767,90,1.0
1431508811966361147,90,1.0
1431556182543537980,90,0.5777777777777777
1431573828148617492,90,0.8111111111111111
1431617416444075721,90,0.7
1431660555148451785,90,0.16666666666666666
1431721577175162413,90,0.4666666666666667
1431738792764620993,90,0.5555555555555556
1431795776320488775,90,0.7888888888888889
1431870496040927437,90,0.5333333333333333
1432061434929114988,90,1.0
1432122488136749014,90,0.022222222222222223
1432164444163494454,90,0.5666666666666667
1432280174178848143,90,0.6
1432328583337029932,90,0.5222222222222223
1432333975271534761,90,0.7444444444444445
1432340519791475779,90,0.0
1432369739283121166,90,0.0
1432372273104404156,90,0.0
1432378030628308506,90,0.36666666666666664
1432379756925807913,90,0.0
1432511459762033580,90,0.5888888888888889
1432945575101764253,90,0.18888888888888888
1433218219052258939,90,0.5222222222222223
1433247204408135799,90,0.07777777777777778
1433250210180501548,90,0.5555555555555556
1433533723735374451,90,0.7777777777777778
1433540191262937051,90,0.7777777777777778
1433542768453320388,90,0.23333333333333334
1433550319234095003,90,0.2777777777777778
1433622609479801816,90,0.3
1433633739406456894,90,0.23333333333333334
1433655106769907582,90,0.18888888888888888
1433676309211006387,90,0.4
1433760561483581454,90,0.14444444444444443
1433761013171924232,90,0.13333333333333333
1433761475714669713,90,0.0
1433761897478978946,90,0.044444444444444446
1433763217505004235,90,0.8333333333333334
1433763664830613204,90,0.8444444444444444
1433764342122349055,90,0.1111111111111111
1433764730399010058,90,0.0
1433765119425561804,90,0.6222222222222222
1433765544301106225,90,0.0
1433789111118683307,90,1.0
1433856401060650916,90,0.5555555555555556
1433899453413928709,90,0.3
1433929559623434766,90,0.23333333333333334
1433977916137974267,90,0.35555555555555557
1433989153770341749,90,0.3
1434002225579655321,90,0.35555555555555557
1434323044343027087,90,0.35555555555555557
1434408136494253170,90,0.9333333333333333
1434429030949356954,90,1.0
1434525988603319016,90,0.13333333333333333
1434584828339702386,90,0.9
1434603740819649759,90,0.1
1434692089831002138,90,0.36666666666666664
1434706733035487561,90,0.5777777777777777
1434708639281590806,90,0.06666666666666667
1434735710517912321,90,0.0
1434736545327982654,90,0.8222222222222222
1434764055234730596,90,0.12222222222222222
1435046486400280178,90,0.05555555555555555
1435058836848914397,90,1.0
1435070452038660649,90,0.0
1435089028816524601,90,0.9
1435141088472870098,90,1.0
1435150559573734157,90,0.14444444444444443
1435150859471853344,90,0.5444444444444444
1435200128230298844,90,0.2222222222222222
1435375682912789432,90,0.43333333333333335
1435489712941865463,90,0.18888888888888888
1435808493204972231,90,0.9111111111111111
1435875003327819557,90,1.0
1435898475889722956,90,0.43333333333333335
1435918202812752720,90,0.3111111111111111
1435929322733736192,90,1.0
1435987303056549245,90,0.1111111111111111
1436003129758433697,90,0.9777777777777777
1436373544226782905,90,1.0
1436482252129381592,90,0.2
1436490528411800901,90,0.8777777777777778
1436533978508163679,90,0.35555555555555557
1436535187079478476,90,0.35555555555555557
1436543103326970899,90,0.0
1436605107116127628,90,0.43333333333333335
1436643335194768185,90,1.0
1436656642851262549,90,1.0
1436660534705696775,90,0.5333333333333333
1436826279893229012,90,0.0
1436832014625692663,90,0.2111111111111111
1437204556147414749,90,0.16666666666666666
1437228672211612940,90,0.4888888888888889
1437274424769375557,90,0.044444444444444446
1437374008442074448,90,0.5
1437393251205038559,90,0.06666666666666667
1437394085888030773,90,0.7
1437578090043218661,90,0.6222222222222222
1437581258523355115,90,0.3
1437712681683030805,90,0.18888888888888888
1437734445359296212,90,0.14444444444444443
1438074893726612709,90,0.24444444444444444
1438078473422452330,90,0.12222222222222222
1438096976838313262,90,0.17777777777777778
1438211486250521432,90,0.23333333333333334
1438274475203123262,90,1.0
1438313402322168753,90,0.35555555555555557
1438434445474739939,90,1.0
1438449298167322797,90,0.6333333333333333
1438558635562269153,90,0.011111111111111112
1438654157731527777,90,1.0
1438688050080269095,90,0.16666666666666666
1438700999398540827,90,0.6555555555555556
1438707971153819499,90,0.45555555555555555
1438714648527305569,90,0.4111111111111111
1438730401814358127,90,0.4666666666666667
1438772402231539568,90,0.0
1438868115244980213,90,0.08888888888888889
1438938411659250747,90,0.37777777777777777
1438972279857790717,90,0.3111111111111111
1439055784968593681,90,0.7333333333333333
1439096086861366426,90,0.26666666666666666
1439347791304791962,90,0.0
1439491856327074706,90,0.25555555555555554
1439637422275845742,90,0.13333333333333333
1439639815702911138,90,0.8222222222222222
1439663844259268126,90,0.7555555555555555
1439670561758453750,90,0.28888888888888886
1439701467026577605,90,1.0
1439804625086991356,90,1.0
1439867743720126217,90,0.13333333333333333
1439965990373767205,90,0.0
1440096135406459341,90,0.5333333333333333
1440213829167310355,90,0.23333333333333334
1440248330763196682,90,0.1111111111111111
1440252215293898209,90,0.08888888888888889
1440255725280146817,90,0.0
1440332200235305837,90,0.12222222222222222
1440332811678874500,90,0.1
1440424046948219828,90,0.37777777777777777
1440713763240282287,90,1.0
1440770649365428372,90,0.6555555555555556
1440848707572891521,90,0.23333333333333334
1440864313544707014,90,0.9333333333333333
1440932608958371548,90,0.5666666666666667
1440974594350125960,90,0.03333333333333333
1440997428654356555,90,0.03333333333333333
1441000160056499931,90,0.8333333333333334
1441023185391455213,90,0.06666666666666667
1441059266143784691,90,0.0
1441063638202303244,90,0.5222222222222223
1441180070692990631,90,0.2
1441192533195488255,90,0.0
1441229341822407967,90,0.2111111111111111
1441456489757757752,90,0.5
1441488048989248298,90,0.24444444444444444
1441539555022288436,90,0.2222222222222222
1441577997384734687,90,0.1
1441636059767897261,90,0.26666666666666666
1441651588279022317,90,0.7777777777777778
1441657117979221997,90,0.9888888888888889
1441711647168905933,90,0.5444444444444444
1441715022349065717,90,0.17777777777777778
1441774967691283301,90,0.6222222222222222
1441790485974414824,90,0.23333333333333334
1441802459286867004,90,0.07777777777777778
1441802722299864110,90,0.08888888888888889
1441811939490556837,90,0.4222222222222222
1441824064651059783,90,1.0
1441844281943393176,90,0.07777777777777778
1441935032720324392,90,1.0
1442015180720054430,90,0.26666666666666666
1442282221820861530,90,0.8666666666666667
1442298254723002030,90,1.0
1442348136792222574,90,1.0
1442372515651236932,90,0.28888888888888886
1442376369068311473,90,0.12222222222222222
1442390918506362126,90,0.1
1442393631364142995,90,0.0
1442404033340385485,90,0.14444444444444443
1442410806523838614,90,0.2777777777777778
1442430407683586576,90,1.0
1442448736012956377,90,0.12222222222222222
1442454448702268122,90,0.26666666666666666
1442493211642712629,90,0.14444444444444443
1442512450251729010,90,0.07777777777777778
1442541119336805761,90,0.4444444444444444
1442577321842233987,90,0.3
1442704691211103681,90,0.011111111111111112
1443001209390747654,90,0.28888888888888886
1443084589021965258,90,0.16666666666666666
1443098049684545602,90,0.03333333333333333
1443122366244908027,90,0.17777777777777778
1443132741055660953,90,0.07777777777777778
1443140688937967484,90,0.2777777777777778
1443444054251836705,90,0.5666666666666667
1443490692051020964,90,0.08888888888888889
1443902303913126223,90,0.05555555555555555
1443917691106573014,90,1.0
1443938349282612193,90,0.13333333333333333
1443997281951630911,90,0.2111111111111111
1444038917261677377,90,0.5555555555555556
1444097416685883851,90,0.4222222222222222
1444121123240660869,90,0.43333333333333335
1444197326342326797,90,0.2111111111111111
1444227141844498528,90,0.14444444444444443
1444468694812707509,90,1.0
1444486315463510645,90,1.0
1444528434047090993,90,0.45555555555555555
1444542658391360466,90,0.6111111111111112
1444571031176133222,90,1.0
1444617871427317306,90,0.3
1444626708944416525,90,0.0
1444662762884811457,90,0.17777777777777778
1444722939043231582,90,0.9222222222222223
1444726196683606977,90,0.4
1444762616490575853,90,0.4666666666666667
1444779627647892708,90,0.8444444444444444
1444804614337487193,90,0.34444444444444444
1444825042625430734,90,0.7444444444444445
1444846096715810447,90,0.08888888888888889
1444856841173748923,90,0.011111111111111112
1444885635244684897,90,0.0
1445188622327971682,90,0.0
1445297978718231581,90,1.0
1445420023061388052,90,0.1111111111111111
1445439588372437214,90,0.6888888888888889
1445495779863501289,90,0.2222222222222222
1445506489275326108,90,1.0
1445509563718885058,90,0.2222222222222222
1445542013882490404,90,0.1111111111111111
1445547326343595365,90,0.03333333333333333
1445552907978923317,90,0.26666666666666666
1445581747604001032,90,0.2
1445670450685011886,90,0.2777777777777778
1445861493426249075,90,0.9666666666666667
1445984976497379196,90,0.4666666666666667
1445989704530062628,90,0.9222222222222223
1446000044460899648,90,0.13333333333333333
1446007591530394603,90,0.8
1446084285984385896,90,0.4777777777777778
1446097880033920982,90,0.0
1446104315742665550,90,0.4666666666666667
1446153394072363498,90,0.0
1446219398994485928,90,1.0
1446224128200296879,90,0.1
1446634048349299428,90,1.0
1446691319539130328,90,0.7222222222222222
1446695901746390492,90,0.0
1446720492484662754,90,1.0
1446721527226582937,90,0.0
1446757068908015419,90,0.15555555555555556
1446773953267553935,90,0.0
1446775207159549572,90,0.0
1446775425171416550,90,0.3888888888888889
1446824520772190116,90,0.0
1446845173432973020,90,0.2222222222222222
1446877809859806875,90,0.0
1446889574146662631,90,1.0
1446899167250196204,90,0.17777777777777778
1446901487871936415,90,0.4666666666666667
1447310482501754001,90,0.0
1447418671285112789,90,1.0
1447524622006931198,90,1.0
1447538520405096027,90,1.0
1447544752828303021,90,0.12222222222222222
1447561176809131778,90,0.15555555555555556
1447578660228023760,90,1.0
1447591235877019172,90,0.7222222222222222
1447607565148753522,90,0.0
1447613078104705443,90,0.7444444444444445
1447659890389199803,90,0.7777777777777778
1447680546964954124,90,0.45555555555555555
1447695763622196410,90,0.4
1448019845750628379,90,0.3888888888888889
1448359527330045831,90,0.5777777777777777
1448651133811171893,90,0.16666666666666666
1448839369747215624,90,0.34444444444444444
1448967526374552019,90,0.34444444444444444
1449143211190237928,90,0.14444444444444443
1449161319126602292,90,1.0
1449200384400240661,90,0.2
1449545128695086789,90,0.022222222222222223
1449563212892621722,90,0.08888888888888889
1449588239874057130,90,0.13333333333333333
1449632455610551333,90,0.1111111111111111
1449645672085028391,90,0.9888888888888889
1449652500962387049,90,0.25555555555555554
1449653218287816265,90,0.4111111111111111
1449665038027745905,90,0.7666666666666667
1449665318464911557,90,0.28888888888888886
1449665617910833279,90,0.0
1449666529395093748,90,0.35555555555555557
1449704404008089359,90,1.0
1449744272980855034,90,0.13333333333333333
1449766729331350826,90,0.36666666666666664
1449770897213662325,90,0.36666666666666664
1449841025525992838,90,0.07777777777777778
1450306115656704802,90,0.36666666666666664
1450320970848048083,90,0.12222222222222222
1450377031460074951,90,0.0
1450378302822924725,90,0.0
1450379689260315167,90,0.0
1450380094375726767,90,0.0
1450453393600002257,90,0.18888888888888888
1450491891251714333,90,0.1
1450510618118966457,90,0.4444444444444444
1450556145598821438,90,1.0
1450573257296784005,90,0.2
1450580433192775921,90,0.6888888888888889
1450586084093056971,90,0.4888888888888889
1450827213008486713,90,0.45555555555555555
1450866666819230749,90,0.18888888888888888
1451017756072596512,90,0.9222222222222223
1451073163877900636,90,0.6555555555555556
1451094261582915181,90,0.1
1451112923084907623,90,0.4111111111111111
1451163678545380472,90,0.13333333333333333
1451448832098946390,90,0.45555555555555555
1451449262649957775,90,0.4777777777777778
1451765223544066396,90,0.6666666666666666
1451774103685310187,90,0.3888888888888889
1451804436347208294,90,1.0
1451833481846027069,90,0.3111111111111111
1451915861246439550,90,0.0
1451995369121804638,90,0.0
1452029386078392243,90,1.0
1452104992356318855,90,0.23333333333333334
1452123000682666038,90,0.32222222222222224
1452159952446656454,90,1.0
1452176734395443126,90,0.45555555555555555
1452231024432083818,90,1.0
1452246397256460159,90,0.3333333333333333
1452398829679757049,90,0.7555555555555555
1452527550109955179,90,0.25555555555555554
1452542732529613102,90,0.6333333333333333
1452566422442674925,90,0.0
1452654482211311859,90,0.37777777777777777
1452668763277372797,90,0.34444444444444444
1452764646241452229,90,0.05555555555555555
1453193722887799965,90,0.13333333333333333
1453381721386371974,90,0.6222222222222222
1453407059793530631,90,0.07777777777777778
1453503857289242873,90,0.6111111111111112
1453847984180770911,90,0.3111111111111111
1453932921857946427,90,0.14444444444444443
1453953521969401085,90,0.07777777777777778
1453957393571516962,90,0.12222222222222222
1453962287184016446,90,0.18888888888888888
1453970718077185982,90,0.3
1453980780431760285,90,0.2
1453991464090302362,90,0.08888888888888889
1454019517293112588,90,1.0
1454030898538921216,90,0.03333333333333333
1454186101847211926,90,0.5222222222222223
1454197277830944338,90,0.5888888888888889
1454544258315103851,90,0.23333333333333334
1454697571032625153,90,1.0
1454714855574182749,90,0.45555555555555555
1454714955069129197,90,0.0
1454718299847417619,90,0.0
1454718787271869016,90,0.06666666666666667
1454735023416141601,90,0.25555555555555554
1454739682653331134,90,0.7111111111111111
1454749257755237760,90,1.0
1454756667748193876,90,0.0
1454772592135991834,90,0.37777777777777777
1454780242473327168,90,0.32222222222222224
1454822707725441147,90,0.0
1454834827491440828,90,0.022222222222222223
1454879673988402715,90,0.0
1454889742333876652,90,0.17777777777777778
1454982739393763062,90,0.4111111111111111
1455078869418434067,90,1.0
1455280877875949197,90,1.0
1455388479986849968,90,1.0
1455425078814077240,90,0.4
1455426416459005541,90,0.06666666666666667
1455449169003224333,90,0.8
1455449363158750997,90,0.8
1455449480936253481,90,0.07777777777777778
1455470282693484209,90,0.37777777777777777
1455471157497850213,90,0.4888888888888889
1455487353147263270,90,0.0
1455534415909273948,90,0.8777777777777778
1455553729983078712,90,0.8333333333333334
1455689354061013888,90,0.4
1455692446130847911,90,0.9777777777777777
1455693700933130796,90,0.4111111111111111
1455705780241474742,90,0.2111111111111111
1455720618939431946,90,0.26666666666666666
1455957887282137284,90,0.13333333333333333
1456041756648747681,90,0.5
1456065075754142597,90,0.13333333333333333
1456100076520332683,90,0.6555555555555556
1456109759959666370,90,0.13333333333333333
1456111388434495371,90,0.7222222222222222
1456200686957113106,90,0.5666666666666667
1456219769036840467,90,0.4888888888888889
1456266318977059257,90,0.18888888888888888
1456273021127257674,90,0.26666666666666666
1456287359637509196,90,0.0
1456288049210569282,90,0.13333333333333333
1456290250501119141,90,0.0
1456293391959603272,90,0.36666666666666664
1456299971572562010,90,0.03333333333333333
1456389260038847211,90,1.0
1456443139307936913,90,0.1111111111111111
1456445009053525705,90,0.9777777777777777
1456467875420802244,90,0.1
1456840011710578902,90,0.0
1456840407990059760,90,0.0
1456840788053962295,90,0.0
1456841192033826626,90,0.1
1456855549245470531,90,0.34444444444444444
1456873211623087739,90,0.0
1456876900749879099,90,0.9222222222222223
1456898652011037353,90,1.0
1456904957842853313,90,0.26666666666666666
1456970831789586787,90,0.03333333333333333
1456972773681800261,90,0.0
1457044652324098363,90,0.4444444444444444
1457088202650176391,90,0.4444444444444444
1457096414268970904,90,0.3
1457236738766951402,90,0.5111111111111111
1457469421967704665,90,0.5444444444444444
1457588699925260168,90,0.8333333333333334
1457636686249723564,90,0.011111111111111112
1457695789808591814,90,0.2111111111111111
1457715557051816597,90,0.34444444444444444
1457730382463476560,90,1.0
1457749405930167616,90,0.1
1457768944154390454,90,0.12222222222222222
1457812848193893199,90,0.18888888888888888
1457821198546050031,90,0.14444444444444443
1457823349296590301,90,0.5777777777777777
1458217254544505633,90,0.3333333333333333
1458224877402445913,90,0.5
1458336712806703751,90,0.16666666666666666
1458356438492003627,90,0.24444444444444444
1458491519396605206,90,0.6333333333333333
1458531479626236156,90,1.0
1458588928868631979,90,0.0
1458623036615354439,90,0.16666666666666666
1458885874734629820,90,1.0
1458962483127452639,90,0.5555555555555556
1459067280340566489,90,0.2111111111111111
1459088702610109717,90,0.43333333333333335
1459103562948673534,90,0.08888888888888889
1459106858940313623,90,1.0
1459107907732103484,90,0.8888888888888888
1459182998573589408,90,0.06666666666666667
1459208492259022787,90,0.45555555555555555
1459254073390947334,90,0.0
1459379149921874445,90,0.16666666666666666
1459393319559121558,90,1.0
1459605510707566862,90,0.7111111111111111
1459782258899362579,90,0.28888888888888886
1459805781221387660,90,0.7888888888888889
1459827786715904497,90,0.3333333333333333
1459838754322755428,90,0.8666666666666667
1459914360773319780,90,0.8444444444444444
1459937553249549216,90,0.43333333333333335
1459964206408741864,90,0.37777777777777777
1460025820927801591,90,1.0
1460434499191898590,90,0.8444444444444444
1460451162771535080,90,0.03333333333333333
1460509275449235011,90,0.7777777777777778
1460543025194407225,90,0.14444444444444443
1460655786815074994,90,0.8888888888888888
1460706446964512824,90,0.0
1460757962604968531,90,0.23333333333333334
1460772284108228464,90,0.8333333333333334
1460777316818794808,90,0.5111111111111111
1461123834533064422,90,1.0
1461177203880706526,90,0.6333333333333333
1461217875054494913,90,1.0
1461298009350471294,90,0.34444444444444444
1461306194501099767,90,0.23333333333333334
1461354602249748178,90,0.0
1461391003641913351,90,0.5222222222222223
1461427476685446063,90,0.7666666666666667
1461499169657801467,90,0.08888888888888889
1461922697010696414,90,0.37777777777777777
1462125573908466041,90,0.9777777777777777
1462175720092517527,90,0.17777777777777778
1462187739393186418,90,0.2111111111111111
1462762051160139357,90,0.9888888888888889
1462875851888472059,90,1.0
1462897733659522620,90,0.7222222222222222
1462971722446075972,90,0.9777777777777777
1462981254935640408,90,0.0
1462992517385769406,90,0.36666666666666664
1463175556070789954,90,0.022222222222222223
1463273830134414603,90,1.0
1463407012841052257,90,0.6444444444444445
1463473021057333032,90,1.0
1463537012598162886,90,0.08888888888888889
1463565914918701151,90,0.6222222222222222
1463632104987055373,90,0.0
1463633031002336487,90,0.16666666666666666
1463754214395507592,90,0.3111111111111111
1463759614573806747,90,0.14444444444444443
1463766353776568208,90,0.7111111111111111
1463768984221758785,90,0.25555555555555554
1463771647291987202,90,0.36666666666666664
1463773964284597735,90,0.3888888888888889
1463980918156108621,90,0.0
1464096185667734705,90,0.6555555555555556
1464122970282096334,90,0.5555555555555556
1464132740974223066,90,0.4222222222222222
1464171240968171439,90,0.7111111111111111
1464185752154731362,90,0.15555555555555556
1464196818341640576,90,0.2777777777777778
1464371746019089532,90,0.18888888888888888
1464747640586471316,90,0.3888888888888889
1464751503635494605,90,0.6
1464752673001694773,90,1.0
1464786974278376240,90,0.0
1464846723212031943,90,0.0
1464847159561938304,90,0.2222222222222222
1464847580700977514,90,0.0
1464876876969412828,90,0.1
1464884950886155576,90,1.0
1464911556203653460,90,0.4222222222222222
1464946424649803345,90,0.6555555555555556
1464948275380478714,90,0.9666666666666667
1464975969722141551,90,0.36666666666666664
1465089238736388599,90,0.4888888888888889
1465159158034058573,90,0.03333333333333333
1465169518576421685,90,0.044444444444444446
1465186651993055534,90,0.13333333333333333
1465225899640199285,90,0.022222222222222223
1465460065097238349,90,0.03333333333333333
1465460645702376505,90,0.06666666666666667
1465539368016831279,90,0.06666666666666667
1465605846101312859,90,0.3333333333333333
1465615275869784060,90,0.022222222222222223
1465645553392572725,90,1.0
1465677775182160759,90,0.9
1465764482838082611,90,1.0
1465804872469474152,90,1.0
1465887490327784299,90,1.0
1465917093543206907,90,0.6333333333333333
1465943103718583166,90,0.0
1466189671229366023,90,1.0
1466228970249944022,90,0.4888888888888889
1466308023694312297,90,0.28888888888888886
1466325228208551189,90,0.07777777777777778
1466327323147306741,90,0.26666666666666666
1466329401195453660,90,0.43333333333333335
1466332183012127555,90,0.6222222222222222
1466339450087632378,90,0.06666666666666667
1466373333111574771,90,1.0
1466397554205963380,90,0.34444444444444444
1466493502944178265,90,0.23333333333333334
1466974438875520197,90,1.0
1466985168297243981,90,0.0
1466985508742814487,90,0.05555555555555555
1466988194144218506,90,0.4111111111111111
1467019051075829264,90,0.3333333333333333
1467019097443190176,90,0.7333333333333333
1467065658686295341,90,0.45555555555555555
1467066235911515719,90,0.2222222222222222
1467068191920784632,90,0.07777777777777778
1467093139153836574,90,0.6444444444444445
1467105684907668289,90,0.0
1467106846271080054,90,0.7
1467121922293324210,90,0.25555555555555554
1467167496993149562,90,0.4888888888888889
1467170777302011672,90,0.5333333333333333
1467276419565671824,90,0.07777777777777778
1467284395048276923,90,0.6333333333333333
1467284798492237776,90,0.1
1467289495822919036,90,0.7
1467298475421144851,90,0.4
1467304338104102785,90,0.06666666666666667
1467336038100434488,90,0.12222222222222222
1467403213032142601,90,0.6111111111111112
1467404920158517085,90,0.07777777777777778
1467405200814952592,90,0.5333333333333333
1467410621211974613,90,0.4444444444444444
1467768860743381010,90,1.0
1467828074749328185,90,0.7222222222222222
1467912350131010376,90,0.5666666666666667
1467945973999413070,90,0.0
1467959174023221511,90,0.43333333333333335
1467997054212863096,90,0.3333333333333333
1468008612135947490,90,0.2
1468030101290860874,90,1.0
1468060175822036012,90,0.5444444444444444
1468269464504023102,90,0.6555555555555556
1468398501055786912,90,0.5111111111111111
1468489639638800590,90,1.0
1468494069799144673,90,1.0
1469091871649092744,90,0.0
1469214182082436213,90,0.3333333333333333
1469221555755589027,90,0.3888888888888889
1469266715081095038,90,1.0
1469386389048704834,90,0.45555555555555555
1469481690581485226,90,0.15555555555555556
1469529865244231651,90,0.0
1469718653997953267,90,0.011111111111111112
1469751675711175752,90,0.7666666666666667
1469843311538062342,90,0.3333333333333333
1469863710576428050,90,1.0
1469903348396512134,90,0.15555555555555556
1469957951990237231,90,0.6111111111111112
1470085858950037387,90,0.12222222222222222
1470114880974314173,90,0.2222222222222222
1470164192239724419,90,0.16666666666666666
1470166248129368905,90,1.0
1470231273237690668,90,0.1111111111111111
1470492539770695276,90,1.0
1470573884895045509,90,0.12222222222222222
1470688937485298647,90,0.32222222222222224
1470746716944853824,90,0.6555555555555556
1470828983286815366,90,0.4444444444444444
1470866337551345423,90,0.18888888888888888
1470909133112497249,90,0.8555555555555555
1470972722894564766,90,0.34444444444444444
1471222313119755521,90,1.0
1471245606804984339,90,0.43333333333333335
1471278152105139032,90,0.05555555555555555
1471308211333945777,90,0.26666666666666666
1471361618880831638,90,0.6333333333333333
1471374395909296195,90,0.8444444444444444
1471409737956317566,90,1.0
1471417071578589621,90,0.4
1471423680253867678,90,0.2111111111111111
1471457568142571003,90,0.5222222222222223
1471491603284853978,90,0.0
1471492608145643819,90,0.06666666666666667
1471492938588480697,90,0.8
1471493616189102090,90,0.0
1471504404064644370,90,0.0
1471629020341173811,90,0.9666666666666667
1471664752875946840,90,0.3111111111111111
1471688236512273733,90,0.12222222222222222
1471721395619435944,90,0.011111111111111112
1471726010188800755,90,0.6333333333333333
1471932165426491496,90,0.13333333333333333
1471941130669072436,90,0.6
1471956093208290550,90,0.06666666666666667
1471958822209815517,90,0.0
1471961639175756833,90,0.03333333333333333
1471963588764365901,90,0.0
1472016588254070870,90,0.2
1472086051881062363,90,0.15555555555555556
1472107709831035677,90,0.28888888888888886
1472134450098496390,90,0.8
1472203653010742483,90,0.13333333333333333
1472209852061402083,90,0.3111111111111111
1472335873834386359,90,0.08888888888888889
1472782275136575261,90,0.16666666666666666
1472807345341134509,90,0.9888888888888889
1472863898607686927,90,1.0
1472870057996196771,90,1.0
1472962394809003533,90,0.0
1473568864761905387,90,1.0
1473581103664847004,90,0.9444444444444444
1473593238551737985,90,0.15555555555555556
1473671965960438072,90,0.9444444444444444
1473805888463544956,90,0.4888888888888889
1474264608941162328,90,1.0
1474371881178955182,90,0.1111111111111111
1474543010973913552,90,0.37777777777777777
1474876860968929277,90,0.0
1474922017666038453,90,0.8222222222222222
1474928771607505324,90,0.0
1474956254962198847,90,1.0
1474962527947519375,90,0.7333333333333333
1474984114568117980,90,0.022222222222222223
1474988555258469415,90,0.2
1475016455093961406,90,0.8555555555555555
1475031045935427228,90,0.06666666666666667
1475065466647125036,90,0.6333333333333333
1475068545294380464,90,0.18888888888888888
1475092418935279665,90,0.2777777777777778
1475129192159866949,90,0.6111111111111112
1475186989985000476,90,1.0
1475217761518455662,90,1.0
1475225657374100215,90,0.2
1475295768149043080,90,1.0
1475318464306120759,90,0.5666666666666667
1475673485842554390,90,1.0
1475684576683650063,90,0.03333333333333333
1475684640081710944,90,0.011111111111111112
1475718651795500119,90,0.05555555555555555
1475719725728475108,90,0.3888888888888889
1475726114775309770,90,0.43333333333333335
1475768193789192691,90,0.0
1475775263162684045,90,0.0
1475833990561313496,90,0.17777777777777778
1475944396130427906,90,0.0
1476071402302067227,90,0.5333333333333333
1476386657998318760,90,0.6666666666666666
1476395659914529402,90,0.37777777777777777
1476404437302732649,90,0.17777777777777778
1476415508818238475,90,0.32222222222222224
1476434307226200996,90,1.0
1476473112600804163,90,1.0
1476479522960499565,90,0.5666666666666667
1476547852708971630,90,0.28888888888888886
1476638705138773933,90,1.0
1476653756835308029,90,0.6777777777777778
1476687422745008700,90,0.4111111111111111
1476708236989190164,90,0.17777777777777778
1476711998644926854,90,0.3111111111111111
1476788714325413428,90,0.6111111111111112
1477064496155172564,90,0.6
1477091470139733416,90,0.13333333333333333
1477120608467959296,90,0.3888888888888889
1477151645338015944,90,0.6777777777777778
1477170773154036832,90,0.13333333333333333
1477200596169846863,90,0.4111111111111111
1477256956207900708,90,0.03333333333333333
1477268375752073049,90,0.6222222222222222
1477325944927797114,90,1.0
1477390999842119013,90,0.24444444444444444
1477416500198653472,90,0.022222222222222223
1477506651067855963,90,0.0
1477662229705984015,90,0.13333333333333333
1477808386758936579,90,0.23333333333333334
1477996710911438928,90,0.6666666666666666
1478023611025687800,90,0.23333333333333334
1478051006608803069,90,0.4444444444444444
1478054370058296727,90,0.5222222222222223
1478143740614329044,90,0.36666666666666664
1478174332726854360,90,0.43333333333333335
1478388350117105958,90,0.0
1478405416012343924,90,0.13333333333333333
1478516444350497011,90,0.044444444444444446
1478520343287400035,90,0.0
1478612469849319989,90,0.0
1478927351462405154,90,0.2777777777777778
1479047180087527898,90,0.34444444444444444
1479190183721921745,90,0.1
1479305462128925037,90,0.0
1479327062098217408,90,0.0
1479358753544415272,90,0.5555555555555556
1479369740470911507,90,0.0
1479428003003785268,90,0.14444444444444443
1479436928124711728,90,1.0
1479444262652338974,90,0.1
1479625009532031821,90,0.35555555555555557
1479992725860597303,90,0.25555555555555554
1480021851124491555,90,1.0
1480025454059570955,90,0.5111111111111111
1480028839830434024,90,0.0
1480042219847997681,90,0.08888888888888889
1480052704340595354,90,1.0
1480201963151793016,90,0.3111111111111111
1480227113434286649,90,0.5222222222222223
1480384164752813278,90,1.0
1480388357170783905,90,0.5222222222222223
1480493397212908710,90,0.044444444444444446
1480583225276769252,90,0.5444444444444444
1480715702093280722,90,0.8666666666666667
1480812324747291896,90,0.8111111111111111
1480913277687579175,90,0.5888888888888889
1480922835526416022,90,0.4444444444444444
1480965323841130771,90,0.0
1480981236028625577,90,0.5666666666666667
1481030348193186618,90,0.5444444444444444
1481123862109831221,90,0.17777777777777778
1481431389937137378,90,0.5111111111111111
1481432895134418198,90,0.4777777777777778
1481501700193314138,90,0.0
1481507556905422247,90,0.34444444444444444
1481509479162202775,90,0.2222222222222222
1481509935286342378,90,0.14444444444444443
1481510390517421916,90,0.8888888888888888
1481510856783106886,90,0.8888888888888888
1481564271266260423,90,0.45555555555555555
1481576715132434448,90,0.044444444444444446
1481590676298091325,90,0.0
1481609132410806866,90,0.05555555555555555
1481627719875438396,90,0.3111111111111111
1481644900942044396,90,0.2777777777777778
1481758878386116608,90,0.25555555555555554
1481776796745055593,90,0.24444444444444444
1481811003830950618,90,0.07777777777777778
1481839081760785411,90,0.26666666666666666
1481853328308162355,90,0.16666666666666666
1481856480365502383,90,0.34444444444444444
1481894565763750355,90,0.7444444444444445
1482105475591123993,90,0.07777777777777778
1482150951071432083,90,0.5111111111111111
1482195846697212025,90,1.0
1482214214273204178,90,1.0
1482263328512522789,90,0.9888888888888889
1482329566439419218,90,0.23333333333333334
1482350948532636033,90,0.044444444444444446
1482516238465721864,90,0.7222222222222222
1482585713074014540,90,0.25555555555555554
1482598287282181058,90,0.45555555555555555
1482904507790793058,90,1.0
1482935069768813614,90,0.4
1482966599843318024,90,0.2777777777777778
1483026138471893360,90,0.17777777777777778
1483037534788477576,90,0.1
1483048657551722690,90,0.32222222222222224
1483054477936611485,90,0.13333333333333333
1483129061981891127,90,0.08888888888888889
1483166468961595954,90,0.37777777777777777
1483171282180462547,90,0.4
1483265440856603745,90,0.022222222222222223
1483584707302861646,90,0.3111111111111111
1483627102436212950,90,0.24444444444444444
1483704975748816213,90,0.9111111111111111
1483734477319023959,90,0.044444444444444446
1483787381786541024,90,0.5444444444444444
1483802927314521166,90,0.37777777777777777
1483870871021697033,90,0.9777777777777777
1483877146781262129,90,0.12222222222222222
1483884275888767395,90,0.16666666666666666
1483908880967508655,90,0.5555555555555556
1483960588636253240,90,0.0
1484050044713788813,90,0.5111111111111111
1484324359221727337,90,0.4888888888888889
1484345532388082936,90,0.022222222222222223
1484347786493651177,90,0.022222222222222223
1484366607281892256,90,0.43333333333333335
1484514814365365729,90,0.022222222222222223
1484533051109804486,90,0.18888888888888888
1484533578020800805,90,0.06666666666666667
1484582823016434436,90,0.9
1484605862690448316,90,1.0
1484614591641631267,90,0.3333333333333333
1484670385311022916,90,0.03333333333333333
1484672897768117077,90,0.9
1484721178014763332,90,0.25555555555555554
1484734450682457952,90,0.4111111111111111
1484776153977741259,90,1.0
1485001699289803535,90,0.35555555555555557
1485107156051706206,90,0.36666666666666664
1485113759648417728,90,0.5777777777777777
1485125870597065349,90,0.5222222222222223
1485130302761346691,90,0.24444444444444444
1485174312263665411,90,0.0
1485175337570576254,90,0.13333333333333333
1485207750951147599,90,0.9111111111111111
1485220258130074261,90,0.4888888888888889
1485228261498994312,90,0.5888888888888889
1485282974105657314,90,0.16666666666666666
1485318721823421828,90,0.2777777777777778
1485389832347547212,90,0.4888888888888889
1485412965595134607,90,0.022222222222222223
1485436095608641194,90,0.3111111111111111
1485752918191217634,90,0.0
1485802180174662647,90,0.8
1485830585405318496,90,0.022222222222222223
1485861931612305182,90,0.3111111111111111
1485869911182744244,90,0.13333333333333333
1485894556435975821,90,0.7
1485903893084150306,90,0.2
1485912773418992383,90,0.7333333333333333
1485949820681774506,90,0.4222222222222222
1485967181255358115,90,0.0
1485990256132636004,90,0.4666666666666667
1485993683455877954,90,0.7333333333333333
1486003448937186199,90,0.5222222222222223
1486105510890086461,90,0.022222222222222223
1486136847798649377,90,0.16666666666666666
1486150037658758733,90,0.13333333333333333
1486266665126309286,90,0.15555555555555556
1486542387249144812,90,0.4777777777777778
1486567588697198139,90,0.6111111111111112
1486621410278291048,90,0.5
1486728931328534351,90,0.05555555555555555
1486776169787024053,90,0.18888888888888888
1486858844871923192,90,0.5333333333333333
1486869870120092228,90,0.4888888888888889
1486887224822661050,90,0.4222222222222222
1486907375152815810,90,0.8444444444444444
1487112917983653984,90,0.03333333333333333
1487286759502342423,90,0.07777777777777778
1487294558909249575,90,0.32222222222222224
1487333810148698594,90,0.13333333333333333
1487392507063533513,90,0.13333333333333333
1487398872535809444,90,0.0
1487449961476981044,90,0.0
1487460171890874487,90,0.08888888888888889
1487993502632533781,90,0.0
1488114278666970374,90,1.0
1488129361953134400,90,0.3111111111111111
1488130251886791214,90,0.4222222222222222
1488130437657428275,90,0.9777777777777777
1488130558804615639,90,0.4222222222222222
1488130888321128446,90,0.17777777777777778
1488131211849340570,90,0.2111111111111111
1488174237982650987,90,0.6555555555555556
1488249861508359947,90,0.2222222222222222
1488250194233950174,90,0.2
1488267536060132144,90,0.044444444444444446
1488280936557986617,90,0.9777777777777777
1488282418729610231,90,0.34444444444444444
1488310086566488640,90,0.0
1488314624861603535,90,0.0
1488323057137036680,90,0.0
1488363029508703323,90,0.15555555555555556
1488370165439755507,90,0.0
1488387194168613963,90,0.3111111111111111
1488886213023203169,90,0.7444444444444445
1488954712351364322,90,0.24444444444444444
1488973605347018321,90,1.0
1489060487318282246,90,0.0
1489105797525756668,90,0.23333333333333334
1489251713966873851,90,0.2222222222222222
1489464859632969997,90,0.5111111111111111
1489529862303055096,90,0.022222222222222223
1489630308645303686,90,0.2
1489632146092989117,90,0.08888888888888889
1489647494797388770,90,0.0
1489678364503303961,90,0.2111111111111111
1489893321956929128,90,0.9666666666666667
1490113087955380030,90,0.7111111111111111
1490120592484062968,90,0.9
1490150155861826893,90,0.08888888888888889
1490185405505219413,90,1.0
1490247728098150261,90,0.17777777777777778
1490281521746681152,90,0.022222222222222223
1490296227776667431,90,0.15555555555555556
1490316516212549653,90,0.13333333333333333
1490351652661710287,90,1.0
1490380061495452479,90,0.3
1490498589580757271,90,0.35555555555555557
1490561355822609432,90,0.2777777777777778
1490604216312047226,90,0.0
1490733872935000649,90,0.24444444444444444
1490869163704569300,90,0.022222222222222223
1490892130761760283,90,0.3111111111111111
1490941672677189684,90,0.24444444444444444
1490942187023877232,90,0.2111111111111111
1490977101886643060,90,1.0
1490977226091328341,90,0.2222222222222222
1491009716934169442,90,0.1111111111111111
1491010045920592675,90,0.2777777777777778
1491010316015996199,90,0.3
1491012938321042874,90,0.13333333333333333
1491036267083412250,90,0.5777777777777777
1491038407073318854,90,0.7666666666666667
1491099503883400273,90,0.9444444444444444
1491110577426975803,90,0.4222222222222222
1491143888430400031,90,0.2777777777777778
1491155134419864338,90,0.13333333333333333
1491171893204634974,90,0.07777777777777778
1491236814862768845,90,0.03333333333333333
1491519800190143049,90,0.36666666666666664
1491551670417466974,90,0.8
1491588719347464240,90,0.6777777777777778
1491666211225772672,90,0.2222222222222222
1491668065189659209,90,0.35555555555555557
1491680371944749354,90,0.28888888888888886
1491682417535473549,90,0.4888888888888889
1491736502853864540,90,0.07777777777777778
1491771291794600604,90,0.8222222222222222
1491786653547039399,90,0.0
1491811248010485213,90,0.9222222222222223
1491884898609577447,90,0.03333333333333333
1491950613137996055,90,0.7555555555555555
1492117390465994044,90,0.022222222222222223
1492412878430686364,90,0.0
1492433069519517554,90,1.0
1492445325881270201,90,0.0
1492467158229714260,90,0.15555555555555556
1492521987653041453,90,0.8222222222222222
1492559955294929667,90,0.4888888888888889
1492577571497284585,90,1.0
1492624557384355755,90,1.0
1492706510945479607,90,0.18888888888888888
1493002807639321042,90,0.14444444444444443
1493023640470961723,90,0.12222222222222222
1493094661168304917,90,0.34444444444444444
1493096789956819494,90,0.044444444444444446
1493114269113844754,90,0.13333333333333333
1493126657992860740,90,0.0
1493133723865198561,90,0.0
1493161162752940718,90,0.7222222222222222
1493194654499908096,90,0.2222222222222222
1493202825968531009,90,0.4
1493214228654732541,90,0.4888888888888889
1493217785955418528,90,0.0
1493262729842047420,90,0.8777777777777778
1493291699547527325,90,0.3
1493319479445536511,90,0.2222222222222222
1493433227666751119,90,0.0
1493822037804397779,90,0.28888888888888886
1493838242329541938,90,1.0
1493838255865383974,90,1.0
1493845022359841905,90,1.0
1493874420136923645,90,1.0
1493895186769704239,90,0.7555555555555555
1493921328737915924,90,0.9888888888888889
1494004714820626742,90,0.0
1494118249986876474,90,1.0
1494200292441045447,90,0.28888888888888886
1494254319050649064,90,0.6333333333333333
1494447820065791031,90,1.0
1494463522430448404,90,0.4777777777777778
1494652281007664014,90,0.022222222222222223
1494729153525517052,90,1.0
1494733509875236587,90,0.08888888888888889
1495218603755826477,90,1.0
1495233089595254538,90,0.0
1495291236317157494,90,0.06666666666666667
1495372317986424000,90,0.0
1495425021609093831,90,0.15555555555555556
1495501355357602611,90,0.13333333333333333
1495519319706951955,90,0.0
1495567476019014358,90,0.2777777777777778
1495624177747002960,90,0.6222222222222222
1495949608041119144,90,0.2777777777777778
1495959069585380478,90,0.3111111111111111
1495967048058528865,90,0.5222222222222223
1496003302898512232,90,0.011111111111111112
1496023870258399061,90,0.6333333333333333
1496121542906588436,90,0.0
1496152278113581064,90,0.03333333333333333
1496174758238112123,90,0.28888888888888886
1496186693579808176,90,0.2111111111111111
1496243152047168010,90,1.0
1496256447318030334,90,0.3
1496283078729867189,90,0.5555555555555556
1496311791926944129,90,0.17777777777777778
1496329934806596573,90,0.13333333333333333
1496418818008498838,90,0.6444444444444445
1496588235099182397,90,0.4444444444444444
1496721918727866390,90,0.2
1496743070569629302,90,0.13333333333333333
1496973238041589151,90,0.044444444444444446
1496980027444949021,90,1.0
1496982644892423911,90,0.08888888888888889
1496989678872388118,90,0.1
1497408501421043899,90,0.12222222222222222
1497418205514244624,90,0.43333333333333335
1497494193949731810,90,0.03333333333333333
1497496972800820674,90,0.1
1497499004148044013,90,1.0
1497569297775305041,90,0.0
1497588349752099234,90,0.8888888888888888
1497588353470375862,90,0.7777777777777778
1497588545554411911,90,0.18888888888888888
1497593210027882640,90,1.0
1497604558647405578,90,0.2222222222222222
1497614814315939267,90,0.3888888888888889
1497622816542466559,90,0.23333333333333334
1497651930967638051,90,0.0
1497745030332778875,90,0.37777777777777777
1497807854199568038,90,0.0
1498180432087294360,90,1.0
1498214556549533652,90,1.0
1498424434552831935,90,0.07777777777777778
1498608079505006881,90,0.14444444444444443
1498783903710911589,90,0.7666666666666667
1498934173597789194,90,0.1
1498935126728985495,90,0.25555555555555554
1499148879654029254,90,0.2777777777777778
1499244070148932348,90,0.5
1499715919120195896,90,0.7444444444444445
1499797905512145255,90,1.0
1499959533856238504,90,0.0
1500044714767828343,90,0.4444444444444444
1500177256805934898,90,0.14444444444444443
1500228267638072602,90,0.15555555555555556
1500297172621094119,90,0.8444444444444444
1500329488751619335,90,0.0
1500365173082054902,90,0.8
1500379356192111137,90,0.8888888888888888
1500392590979835015,90,0.14444444444444443
1500418546755254755,90,1.0
1500431873253822090,90,0.13333333333333333
1500437201630281868,90,1.0
1500454022933955098,90,0.07777777777777778
1500456836463726516,90,0.4111111111111111
1500457370147499661,90,0.5777777777777777
1500494061354689351,90,0.8111111111111111
1500534900520259403,90,1.0
1500538327856319319,90,1.0
1500544803886027341,90,0.0
1500603168416404445,90,0.2777777777777778
1500614527982832502,90,0.13333333333333333
1500627078450982660,90,1.0
1500638109198693935,90,0.0
1500678700178452804,90,0.9888888888888889
1501079614242941237,90,0.37777777777777777
1501134988934755847,90,0.13333333333333333
1501135865092555377,90,0.2222222222222222
1501139526914751364,90,1.0
1501146840018263235,90,0.45555555555555555
1501176974707050877,90,0.8
1501205632825283289,90,0.15555555555555556
1501255392348062840,90,0.6222222222222222
1501283371048864173,90,0.7
1501375914565677239,90,0.9666666666666667
1501380393910323852,90,0.07777777777777778
1501419863598584718,90,0.37777777777777777
1501437693551334289,90,0.36666666666666664
1501725035772246140,90,0.34444444444444444
1501732236741163288,90,0.0
1501735476497965301,90,0.0
1501816135865225023,90,0.0
1501837515939128024,90,0.0
1501858544656045870,90,0.5111111111111111
1501863963037535817,90,0.9666666666666667
1501895191473003955,90,0.2222222222222222
1501924100595467580,90,0.03333333333333333
1501951692065342289,90,0.0
1501952635946498386,90,0.23333333333333334
1501959964075705664,90,0.15555555555555556
1501962949457103304,90,1.0
1501996481647613917,90,0.1111111111111111
1502032725059709758,90,0.24444444444444444
1502052463429416007,90,0.03333333333333333
1502083613918292252,90,0.06666666666666667
1502139190291661295,90,0.9111111111111111
1502151809769713494,90,0.8333333333333334
1502167592037326105,90,0.8333333333333334
1502257351083208544,90,0.9777777777777777
1502484563859251745,90,0.0
1502490799329697044,90,0.6888888888888889
1502510694630933854,90,0.26666666666666666
1502520413631993368,90,0.0
1502526110415365965,90,0.3
1502537142811155630,90,0.5333333333333333
1502567616231152644,90,0.18888888888888888
1502573429344207552,90,0.36666666666666664
1502597718259829384,90,0.13333333333333333
1502616488989745648,90,0.03333333333333333
1502667076704054248,90,0.1111111111111111
1502715415094714372,90,0.37777777777777777
1502741733888593399,90,0.022222222222222223
1502769972975338193,90,0.5888888888888889
1502816922173916332,90,0.13333333333333333
1502858808311775145,90,1.0
1503095419137295275,90,0.8333333333333334
1503239179079450829,90,1.0
1503239184791063671,90,0.23333333333333334
1503250391802436656,90,0.4222222222222222
1503260793018101383,90,0.4111111111111111
1503302423064723095,90,1.0
1503327147320370762,90,0.3
1503392138614681552,90,0.32222222222222224
1503406752673113894,90,0.8
1503407036721503106,90,0.03333333333333333
1503542975258915003,90,0.26666666666666666
1503542995965300759,90,0.4111111111111111
1503593912446866032,90,0.0
1503912730781089357,90,0.9888888888888889
1503960931335997464,90,0.0
1503995290832451821,90,0.5555555555555556
1504012901820948306,90,1.0
1504101165730704527,90,0.06666666666666667
1504200531903976265,90,0.28888888888888886
1504204991233746263,90,0.0
1504336430443666307,90,0.044444444444444446
1504589339478460895,90,0.5888888888888889
1504666459018777678,90,0.4666666666666667
1504669760664545286,90,0.07777777777777778
1504733291853094115,90,0.35555555555555557
1504768817570679266,90,0.3111111111111111
1504834842702359824,90,0.18888888888888888
1504907199704402639,90,0.5777777777777777
1505006674544994607,90,0.9888888888888889
1505023591746522097,90,1.0
1505368815429983209,90,0.1111111111111111
1505540635471079758,90,0.011111111111111112
1505585867037499762,90,0.28888888888888886
1505603214168405643,90,0.03333333333333333
1505615856943126257,90,0.0
1505639380184129539,90,0.0
1505696603638438013,90,0.8333333333333334
1506045938478760743,90,0.5777777777777777
1506148503016004856,90,0.8
1506149341338794483,90,0.7222222222222222
1506149667501940364,90,0.7333333333333333
1506150834763930516,90,0.7333333333333333
1506163589159548814,90,1.0
1506186797756358272,90,0.25555555555555554
1506209669971896859,90,0.4
1506212073418596437,90,0.7222222222222222
1506236041239274334,90,0.8333333333333334
1506255968122481852,90,0.8
1506277772891955619,90,0.5
1506289666872076335,90,1.0
1506300819017732446,90,0.8
1506313750522495189,90,0.022222222222222223
1506333060204758965,90,1.0
1506336916787703912,90,0.07777777777777778
1506419993542526510,90,1.0
1506540998185922285,90,0.15555555555555556
1506603120171657221,90,0.23333333333333334
1506611288945618449,90,1.0
1506752389824541410,90,0.36666666666666664
1506789097091946631,90,0.2
1506791894499199885,90,0.9444444444444444
1506803299061096725,90,0.8666666666666667
1506850289346312188,90,0.08888888888888889
1506858060215869677,90,0.9777777777777777
1506865652247566063,90,0.6888888888888889
1506904518578094761,90,0.0
1506956944623299497,90,1.0
1506959174373737123,90,0.2
1507121123140246499,90,0.13333333333333333
1507135774705956372,90,0.24444444444444444
1507144876483111379,90,0.18888888888888888
1507151247626334683,90,0.1111111111111111
1507193311094539071,90,0.03333333333333333
1507193832504074003,90,0.1
1507508593868334759,90,0.4666666666666667
1507534556364978321,90,0.8
1507586033168988220,90,1.0
1507593957192389125,90,0.23333333333333334
1507619568728093645,90,0.4111111111111111
1507627125480742759,90,0.2
1507636615274026570,90,0.6666666666666666
1507637262483277111,90,0.0
1507649013937143562,90,0.4
1507654672275410064,90,0.5777777777777777
1507659432062580664,90,0.13333333333333333
1507663306153107748,90,0.0
1507674459902598511,90,0.8555555555555555
1507757676562366193,90,0.35555555555555557
1507768588946428532,90,0.28888888888888886
1507881257557944395,90,0.34444444444444444
1507981276421445826,90,0.7333333333333333
1508378683040437353,90,1.0
1508418220449735651,90,0.011111111111111112
1508431278632198895,90,0.5555555555555556
1508432953652792065,90,0.03333333333333333
1508439730061300761,90,0.2111111111111111
1508448513242413985,90,0.0
1508476940379208935,90,0.07777777777777778
1508479757036742694,90,0.044444444444444446
1508517920130481237,90,0.24444444444444444
1508532908441551476,90,0.7222222222222222
1508921106454335223,90,1.0
1508937194145948739,90,0.07777777777777778
1509002372918033521,90,0.0
1509009035173921676,90,0.28888888888888886
1509037115218644576,90,0.1111111111111111
1509044157498103058,90,1.0
1509050414057032326,90,0.28888888888888886
1509175997308485746,90,0.0
1509184155146545025,90,1.0
1509193980735823868,90,0.28888888888888886
1509218706071543493,90,0.5888888888888889
1509286801814425560,90,0.13333333333333333
1509291507603744970,90,0.6
1509435152120582459,90,0.45555555555555555
1509723327825347934,90,0.0
1509761860484558305,90,0.0
1509814081236163983,90,0.2777777777777778
1509841343017891845,90,0.022222222222222223
1509854001554531389,90,0.044444444444444446
1509856687443413317,90,0.4222222222222222
1509857544229914554,90,0.45555555555555555
1509870102906526419,90,0.0
1509873100959691153,90,0.0
1509939661143368036,90,0.8444444444444444
1509948831789926983,90,0.6222222222222222
1510031029260533552,90,0.9333333333333333
1510116126574329168,90,1.0
1510427664849345863,90,0.6777777777777778
1510431497189462711,90,0.0
1510459129724455080,90,0.0
1510466632782408369,90,0.9333333333333333
1510469313089687428,90,1.0
1510482578346334053,90,0.03333333333333333
1510487957403078355,90,0.2111111111111111
1510491955966508914,90,0.2777777777777778
1510508671532944714,90,0.3888888888888889
1510541971289668076,90,0.0
1510548970547458049,90,0.4111111111111111
1510728120104979675,90,0.2777777777777778
1510729119158386123,90,0.6555555555555556
1510732773015955115,90,0.23333333333333334
1510768936094344284,90,0.24444444444444444
1510822559208496926,90,0.7
1510831170373968418,90,0.36666666666666664
1510857718195876952,90,0.24444444444444444
1511135829481738026,90,0.0
1511138320928809514,90,0.0
1511229801563591621,90,0.0
1511243148558191976,90,0.05555555555555555
1511252869438820464,90,0.4222222222222222
1511276085716620232,90,1.0
1511320878540335458,90,0.2222222222222222
1511336144556138915,90,0.43333333333333335
1511342669331687398,90,1.0
1511352589877413146,90,0.6444444444444445
1511384893863585041,90,0.2111111111111111
1511393109364995579,90,0.24444444444444444
1511399597953422288,90,1.0
1511404748156759528,90,0.2111111111111111
1511432392664492398,90,1.0
1511456515383282673,90,0.24444444444444444
1511473580095527835,90,0.03333333333333333
1511617638707772450,90,0.37777777777777777
1511841380294228138,90,0.4777777777777778
1511956001752529487,90,0.07777777777777778
1511968758339341901,90,0.35555555555555557
1511972861281735125,90,0.4
1512007187419521575,90,0.4222222222222222
1512010795926493638,90,0.6222222222222222
1512016007017654619,90,1.0
1512023601845430858,90,0.32222222222222224
1512033671307132735,90,0.26666666666666666
1512034086430434699,90,0.9666666666666667
1512089419599054593,90,0.13333333333333333
1512127337519456605,90,0.16666666666666666
1512128346106302536,90,0.23333333333333334
1512147492040018813,90,0.0
1512459502451789353,90,0.16666666666666666
1512582846273760128,90,1.0
1512616136840662761,90,1.0
1512660852765584529,90,0.7333333333333333
1512678052292351727,90,1.0
1512694433980510916,90,0.13333333333333333
1512736227502001920,90,0.6444444444444445
1512749962336371088,90,1.0
1512767248672511809,90,0.0
1512797787252243912,90,0.18888888888888888
1512829940864525350,90,0.2777777777777778
1512855996877325428,90,0.36666666666666664
1512870347158586956,90,0.5
1512881230864115684,90,0.0
1512921187024015402,90,0.16666666666666666
1512937814322342246,90,0.0
1512988241411595837,90,0.0
1513026788900517405,90,0.03333333333333333
1513356069196251184,90,0.9
1513361999277787201,90,0.0
1513451606853354836,90,1.0
1513466839131316258,90,0.15555555555555556
1513488840323743563,90,0.17777777777777778
1513490081967903348,90,0.37777777777777777
1513502165646639796,90,1.0
1513537724627170649,90,0.3111111111111111
1513583966390646987,90,0.7666666666666667
1513629408014341952,90,0.3
1513733469639401192,90,1.0
1513970645412232946,90,0.0
1514020401868646044,90,1.0
1514028047940018667,90,0.0
1514105064509844413,90,0.011111111111111112
1514108098792394330,90,1.0
1514114475006331368,90,0.0
1514231757745920658,90,0.24444444444444444
1514240933491353450,90,0.1
1514332092939329824,90,0.35555555555555557
1514462929906447588,90,0.37777777777777777
1514704300024183102,90,1.0
1514785172894332568,90,1.0
1514809828730121194,90,0.2
1514857820087400272,90,0.022222222222222223
1514862086824799445,90,0.0
1514874683234272318,90,0.03333333333333333
1514927457808397928,90,0.6555555555555556
1514949079722547604,90,0.9666666666666667
1514950950132990466,90,0.8333333333333334
1514961228850814405,90,0.2
1514991940761388753,90,0.32222222222222224
1515011439161816676,90,0.35555555555555557
1515049838160349349,90,0.4111111111111111
1515484368408428723,90,0.3111111111111111
1515544011097464602,90,0.18888888888888888
1515549165859194670,90,0.23333333333333334
1515550238543304169,90,0.23333333333333334
1515554081011450696,90,0.18888888888888888
1515557371722622991,90,0.23333333333333334
1515616931502666358,90,0.5333333333333333
1515646516186469761,90,0.16666666666666666
1515648832472226972,90,0.18888888888888888
1515658582476544222,90,0.32222222222222224
1515696008441559395,90,0.5222222222222223
1515739632277871004,90,0.022222222222222223
1515767027738294872,90,1.0
1515774331515264995,90,0.6555555555555556
1515827663030482505,90,0.0
1515927725782888414,90,0.5777777777777777
1516098849131229440,90,0.0
1516118438670824108,90,0.044444444444444446
1516279253034867068,90,1.0
1516287183731322531,90,0.9444444444444444
1516295217560433808,90,0.9555555555555556
1516307256159732684,90,0.8444444444444444
1516314471621057220,90,0.044444444444444446
1516315271474244642,90,0.3888888888888889
1516318364864002283,90,0.8555555555555555
1516327054074107213,90,0.2111111111111111
1516340521919638971,90,0.011111111111111112
1516363346553457539,90,0.0
1516365303024271321,90,0.022222222222222223
1516365810850645823,90,0.3888888888888889
1516367318995726532,90,0.12222222222222222
1516367822256779060,90,0.8444444444444444
1516367955606604285,90,0.06666666666666667
1516442178124911802,90,0.28888888888888886
1516577530450130193,90,1.0
1516640229722912885,90,0.022222222222222223
1516946564978291444,90,0.5888888888888889
1516967982041944650,90,0.5333333333333333
1516975127203433012,90,0.3111111111111111
1517053889616789404,90,0.08888888888888889
1517056145869328991,90,0.03333333333333333
1517060721048969806,90,0.2777777777777778
1517074561583968364,90,0.37777777777777777
1517152071134853639,90,0.03333333333333333
1517206935274664859,90,0.8777777777777778
1517218189316462442,90,0.7333333333333333
1517305984699147206,90,0.7222222222222222
1517308715068645594,90,0.36666666666666664
1517319625140136462,90,0.022222222222222223
1517653519062759823,90,0.9777777777777777
1517663227292086489,90,0.9777777777777777
1517682801922972484,90,0.8222222222222222
1517738178915858463,90,0.9111111111111111
1517766884673511657,90,0.06666666666666667
1517779740358277702,90,0.35555555555555557
1517801130511549445,90,0.17777777777777778
1517812663864248300,90,0.8555555555555555
1517844060266516248,90,0.8
1517844063141207125,90,0.5
1517911578630356787,90,0.3111111111111111
1517944900346736412,90,0.24444444444444444
1517964314188330027,90,0.9888888888888889
1518048008136940275,90,1.0
1518389607410824799,90,0.45555555555555555
1518428109607297870,90,0.4
1518447658603922980,90,0.15555555555555556
1518541536713117213,90,0.06666666666666667
1518563232517980719,90,0.1
1518564010338402049,90,0.9333333333333333
1518569664127033475,90,0.25555555555555554
1518591416005349469,90,1.0
1518597569577133194,90,0.16666666666666666
1518654171918076840,90,1.0
1518658488964210977,90,1.0
1518821270614147210,90,0.9555555555555556
1519073058078002972,90,0.044444444444444446
1519228267869291313,90,0.2
1519235755541612656,90,0.6444444444444445
1519244135470921181,90,0.07777777777777778
1519244717137684139,90,0.044444444444444446
1519245817508603847,90,0.05555555555555555
1519281005456650597,90,0.05555555555555555
1519317217395389847,90,0.32222222222222224
1519319166335030484,90,0.0
1519330734799101063,90,0.36666666666666664
1519377930453911148,90,0.8444444444444444
1519382839881722656,90,0.6
1519414341257444443,90,0.23333333333333334
1519427924171517395,90,0.06666666666666667
1519428431285636450,90,0.03333333333333333
1519476732316822717,90,0.8
1519480925047824111,90,0.022222222222222223
1519537085385099554,90,0.13333333333333333
1519697759368759710,90,0.0
1519788803984837033,90,1.0
1519792167547380347,90,1.0
1519879730037948122,90,0.0
1519889074691237547,90,0.5777777777777777
1519925082189309948,90,0.2
1519981464613424763,90,0.8555555555555555
1520126880860745041,90,0.06666666666666667
1520128303164927501,90,0.13333333333333333
1520207001875140694,90,1.0
1520261733157857827,90,1.0
1520562138773978973,90,1.0
1520565970939302763,90,0.13333333333333333
1520569774236929671,90,0.044444444444444446
1520618535863448618,90,0.9888888888888889
1520638362156543669,90,0.044444444444444446
1520638767698212394,90,0.15555555555555556
1520639103496551427,90,0.5777777777777777
1520639855844246750,90,0.35555555555555557
1520643276154170341,90,0.5444444444444444
1520643927490259237,90,1.0
1520672635998161595,90,0.2
1520673574885428890,90,0.6888888888888889
1520746619398315168,90,0.3
1520771610643178082,90,0.06666666666666667
1520781597264869164,90,1.0
1520816197211373086,90,0.3333333333333333
1520827776651413366,90,0.8333333333333334
1520892738047839217,90,0.2222222222222222
1520914788666867984,90,1.0
1520955846484561804,90,0.3888888888888889
1520972018404571608,90,0.0
1520987613330165332,90,0.6555555555555556
1520990831119852383,90,0.5
1521102113785613447,90,0.0
1521158343709397986,90,0.2111111111111111
1521260654165275503,90,0.18888888888888888
1521287692747102950,90,0.5111111111111111
1521342633521726698,90,0.9888888888888889
1521405596612939111,90,0.0
1521413800167907307,90,0.17777777777777778
1521437911848045954,90,1.0
1521483765876410910,90,0.26666666666666666
1521574003105484649,90,0.011111111111111112
1521637348559220816,90,0.0
1521654279421929806,90,0.0
1521663397577444895,90,0.0
1521667965179146744,90,0.0
1521672003588647427,90,0.0
1521677657256436805,90,0.5444444444444444
1521974233367302345,90,0.0
1522043202792807740,90,0.2
1522078303529969080,90,0.0
1522096643064107152,90,1.0
1522107674890693765,90,0.25555555555555554
1522170745347088886,90,0.13333333333333333
1522178979896117654,90,0.4111111111111111
1522228046044742256,90,0.0
1522237680466243506,90,0.022222222222222223
1522259071068638959,90,0.6222222222222222
1522329783674620881,90,1.0
1522385393637500552,90,1.0
1522393387798476951,90,0.2111111111111111
1522407009512134246,90,0.14444444444444443
1522416822147456762,90,0.5333333333333333
1522709338872460932,90,0.7555555555555555
1522788775026169014,90,0.0
1522795713999639214,90,0.7666666666666667
1522802222141957923,90,0.6444444444444445
1522802711181207437,90,0.3888888888888889
1522825285881678063,90,0.0
1522881637773665596,90,1.0
1522888275368921250,90,0.2
1522894650646018295,90,1.0
1522954921951135312,90,0.1
1522993987171849242,90,0.6666666666666666
1523026148847746413,90,0.06666666666666667
1523060327966157683,90,0.0
1523084984848683943,90,0.7555555555555555
1523200578053176506,90,0.18888888888888888
1523391359293521652,90,0.0
1523425098800227118,90,0.8111111111111111
1523457679400080286,90,0.03333333333333333
1523551896929648963,90,0.0
1523567146572226377,90,0.0
1523571181753046060,90,0.0
1523593212245171088,90,0.7111111111111111
1523608714878304142,90,0.24444444444444444
1523628330851566478,90,0.9444444444444444
1523651758029752483,90,1.0
1523692060255107350,90,1.0
1523708937506143136,90,0.6777777777777778
1523823983329222272,90,0.0
1523831397494863352,90,0.044444444444444446
1523842493635596277,90,0.0
1523853654869533305,90,0.022222222222222223
1523867939412659682,90,0.0
1523919698128665626,90,0.022222222222222223
1523958399978455864,90,0.9111111111111111
1524236604085702502,90,0.6777777777777778
1524302769185301455,90,0.9888888888888889
1524413654171487992,90,0.2777777777777778
1524416246202863830,90,1.0
1524458433586582299,90,0.4444444444444444
1524472815233755768,90,0.0
1524482175071563763,90,0.0
1524496079997312305,90,1.0
1524501570959670706,90,0.4222222222222222
1524539925166015185,90,0.36666666666666664
1524549036642365527,90,0.03333333333333333
1524596640880749966,90,0.32222222222222224
1524598302714955973,90,0.24444444444444444
1524616480484245776,90,0.18888888888888888
1524841955488004134,90,1.0
1524882849954319431,90,0.0
1524888850886499543,90,0.0
1524891502404116041,90,0.0
1524892245067142846,90,1.0
1524893642799189215,90,0.0
1524895452834174063,90,0.0
1524897352171470000,90,0.0
1524899037905277217,90,0.0
1524901756204205908,90,0.5111111111111111
1524908244432495868,90,0.0
1524918040335171727,90,0.7555555555555555
1524991505675835507,90,0.2
1525080195143366256,90,0.4666666666666667
1525160886224379555,90,0.3333333333333333
1525167319298281012,90,1.0
1525184894245723573,90,1.0
1525240791840130923,90,0.044444444444444446
1525270019305589469,90,0.16666666666666666
1525286342562286878,90,0.4888888888888889
1525293569743141134,90,0.5444444444444444
1525296205005211365,90,0.0
1525303559377914144,90,0.4888888888888889
1525554857467800668,90,0.7444444444444445
1525668203016277930,90,0.34444444444444444
1525674844986030112,90,0.011111111111111112
1525720805733328449,90,1.0
1525748154732196970,90,0.0
1525769033881313880,90,0.0
1525790917562352309,90,1.0
1525795836033719345,90,0.7666666666666667
1525842073646955079,90,1.0
1525852176688971876,90,0.4444444444444444
1525864844092684070,90,0.4777777777777778
1525878392567623545,90,0.2
1525891689437581862,90,0.07777777777777778
1525947144980403082,90,0.0
1525959046880535388,90,1.0
1525995766197304824,90,0.23333333333333334
1526007057222309623,90,0.9
1526348494197064923,90,0.044444444444444446
1526403700235574254,90,0.8
1526412878034871403,90,0.5111111111111111
1526415276270151279,90,0.2111111111111111
1526421492319311395,90,1.0
1526426997577854211,90,0.8
1526496982293520678,90,0.2777777777777778
1526521172275700754,90,0.7222222222222222
1526521354373138711,90,0.0
1526581191969794459,90,0.0
1526584272088027839,90,1.0
1526584655998120357,90,1.0
1526624729948852823,90,0.0
1526686261689659317,90,0.17777777777777778
1526686332036209539,90,0.08888888888888889
1526692861943432582,90,0.0
1526693244374716943,90,0.7777777777777778
1526715340346895822,90,1.0
1526716316608916749,90,1.0
1526735595913928341,90,0.13333333333333333
1526765742190178237,90,0.0
1526803309406742088,90,0.23333333333333334
1527094253764848948,90,0.8777777777777778
1527115494365390504,90,0.15555555555555556
1527130835127557125,90,0.7666666666666667
1527152278013657267,90,1.0
1527157151627963970,90,0.23333333333333334
1527164969175291584,90,1.0
1527174746515662615,90,0.8888888888888888
1527176401030171502,90,0.1
1527227096939717534,90,0.4777777777777778
1527247373965011009,90,0.8333333333333334
1527256988970529669,90,0.1
1527261267768368361,90,0.4777777777777778
1527274868697888635,90,0.4777777777777778
1527284797221810859,90,0.4777777777777778
1527311144980729761,90,0.7555555555555555
1527371676473972300,90,0.0
1527380510081488993,90,0.022222222222222223
1527388576239520909,90,0.0
1527438794524820696,90,0.15555555555555556
1527461874584584546,90,0.25555555555555554
1527468068133178001,90,0.36666666666666664
1527478397972041370,90,0.07777777777777778
1527490901164946243,90,0.9333333333333333
1527493448351722652,90,0.2111111111111111
1527747300280880883,90,1.0
1527790610131450223,90,1.0
1527826227859603113,90,1.0
1527855120342233825,90,0.0
1527865861324908461,90,0.5555555555555556
1527871159772635357,90,0.35555555555555557
1527889531980958617,90,0.8
1527890414737631607,90,0.8666666666666667
1527890833534500111,90,0.8
1527891254277353282,90,0.8
1527891749151625408,90,0.8
1527892183159688682,90,0.8
1527916664496564146,90,0.28888888888888886
1527967138413511980,90,0.13333333333333333
1527981502280717283,90,1.0
1527983597487510824,90,0.9888888888888889
1528007386137023064,90,0.1
1528015576952023268,90,0.2222222222222222
1528143131613255646,90,1.0
1528147414145369345,90,1.0
1528538191833871567,90,0.5444444444444444
1528569632290610302,90,0.4888888888888889
1528570698380936478,90,0.6777777777777778
1528604053627082712,90,0.12222222222222222
1528619667998250813,90,0.0
1528636119075425416,90,1.0
1528689139856518738,90,1.0
1528711043124605464,90,0.044444444444444446
1528715195036715392,90,0.5222222222222223
1528719205031194046,90,1.0
1528735968950561203,90,0.8
1528755914163437082,90,0.24444444444444444
1528775371765626923,90,0.15555555555555556
1528775722642171988,90,0.13333333333333333
1528783302929244415,90,1.0
1528799022849918071,90,1.0
1528822748696881401,90,0.3
1528847095604633492,90,0.4666666666666667
1528865087410229413,90,0.37777777777777777
1528901898670418605,90,0.06666666666666667
1529193630097882525,90,0.6777777777777778
1529280402851682925,90,1.0
1529294261715292348,90,0.2222222222222222
1529326574597563079,90,1.0
1529456989795423518,90,0.16666666666666666
1529482792959592698,90,0.7222222222222222
1529557216415591570,90,0.011111111111111112
1529607343999010660,90,0.0
1529623530324527331,90,0.3
1529645659067271589,90,0.28888888888888886
1529679280231680170,90,0.0
1529956122452349691,90,1.0
1529963991008747273,90,0.14444444444444443
1530035123922716209,90,1.0
1530067442019440911,90,0.9888888888888889
1530074236344451140,90,0.3111111111111111
1530094921682178341,90,1.0
1530100129069068248,90,0.03333333333333333
1530125889465337055,90,0.0
1530150091551214440,90,1.0
1530158156421436200,90,1.0
1530162154600180866,90,1.0
1530168341817639646,90,1.0
1530205822888368344,90,0.13333333333333333
1530220767116941710,90,0.8444444444444444
1530257732133651057,90,0.03333333333333333
1530342870246969448,90,0.6888888888888889
1530346233817434405,90,0.1
1530367383805119548,90,1.0
1530369795846625646,90,0.12222222222222222
1530373618704356111,90,0.5777777777777777
1530589629387698149,90,0.2111111111111111
1530690003571044407,90,0.4888888888888889
1530707781013331062,90,0.5
1530711969651266336,90,0.03333333333333333
1530728386234121347,90,0.36666666666666664
1530787714437302212,90,0.17777777777777778
1530834261612225699,90,0.0
1530837765487484395,90,1.0
1530846204904846068,90,0.0
1530864257250883504,90,1.0
1530867034308917412,90,0.25555555555555554
1530896999369146897,90,0.9777777777777777
1530897798844901415,90,0.3888888888888889
1530910485039336981,90,0.2
1530914835369490643,90,1.0
1530922341841457884,90,0.9777777777777777
1530957215602520780,90,0.28888888888888886
1530967486902897117,90,1.0
1530987528487584333,90,0.13333333333333333
1531002154649021883,90,1.0
1531010317353890501,90,0.0
1531014963224960310,90,0.9333333333333333
1531038260684850834,90,1.0
1531042378418277924,90,1.0
1531048739972272265,90,0.0
1531049880585880119,90,1.0
1531053270273088710,90,1.0
1531057664184897664,90,0.9
1531067142907448651,90,1.0
1531107164041108622,90,0.15555555555555556
1531445038619774810,90,1.0
1531473862000749570,90,0.32222222222222224
1531480091252758932,90,1.0
1531486660046564193,90,1.0
1531488409721405679,90,0.3111111111111111
1531500928183452287,90,0.13333333333333333
1531527214496401131,90,1.0
1531529016675778495,90,0.13333333333333333
1531600329485944422,90,0.4444444444444444
1531601289327140243,90,0.5444444444444444
1531704304150438628,90,1.0
1531704728820538909,90,0.3111111111111111
1531725337201144251,90,1.0
1531743780078135141,90,0.5111111111111111
1531761427149713545,90,1.0
1531775381329330176,90,0.07777777777777778
1532169926472550742,90,1.0
1532199600010762343,90,0.12222222222222222
1532253152438999327,90,0.9666666666666667
1532297015658781341,90,0.8111111111111111
1532298879553571339,90,0.6888888888888889
1532305329130207440,90,0.6333333333333333
1532313798122400732,90,0.5222222222222223
1532337369550069663,90,1.0
1532368083654984948,90,0.022222222222222223
1532458893317402338,90,0.4444444444444444
1532482774727263578,90,0.26666666666666666
1532507358721367635,90,0.1111111111111111
1532547605476481715,90,0.5555555555555556
1532658826926638326,90,0.6333333333333333
1532882975574701070,90,0.5333333333333333
1532888168041637618,90,0.07777777777777778
1532912179079989652,90,0.34444444444444444
1532927210802687766,90,0.17777777777777778
1532955818256957669,90,0.0
1532958221492408613,90,0.16666666666666666
1532988223666455533,90,0.0
1532994965345380221,90,0.24444444444444444
1532999508867502844,90,0.43333333333333335
1533025207641680699,90,0.1111111111111111
1533034698328110224,90,0.23333333333333334
1533075999078605814,90,0.23333333333333334
1533110142507948717,90,1.0
1533184427852312625,90,0.0
1533264241446906585,90,0.2222222222222222
1533270761041056526,90,0.37777777777777777
1533271812006510986,90,0.3111111111111111
1533297169229193775,90,0.5333333333333333
1533313153751994557,90,0.2222222222222222
1533572125699980733,90,1.0
1533624311007923477,90,0.15555555555555556
1533691079632164766,90,0.5555555555555556
1533718215521384916,90,1.0
1533720730152822701,90,0.03333333333333333
1533868398268646613,90,0.8777777777777778
1533979858833438739,90,1.0
1533987704390498273,90,0.12222222222222222
1534076962943159853,90,1.0
1534206380864196834,90,0.4111111111111111
1534373749635570973,90,1.0
1534394928502612025,90,0.1111111111111111
1534407866881390521,90,0.06666666666666667
1534508586243982170,90,1.0
1534509481997267845,90,0.022222222222222223
1534642543656053504,90,0.6
1534646365874436650,90,0.9888888888888889
1534688512918540845,90,1.0
1534694414737331751,90,1.0
1534711593427069830,90,0.35555555555555557
1534795006108815195,90,0.17777777777777778
1534961377437981034,90,0.0
1535067320302007781,90,0.6111111111111112
1535193437389779986,90,0.06666666666666667
1535198501594958653,90,0.2777777777777778
1535205110771208784,90,0.0
1535221747112974153,90,0.16666666666666666
1535225903004967429,90,0.044444444444444446
1535337515316955338,90,0.23333333333333334
1535351628703882578,90,0.2222222222222222
1535355652892285379,90,0.07777777777777778
1535362782512848978,90,0.2
1535413472193436048,90,0.07777777777777778
1535427592535226903,90,0.5666666666666667
1535448311690706399,90,0.24444444444444444
1535462519407402904,90,0.3333333333333333
1535481261382091096,90,0.8555555555555555
1535703318508402973,90,0.022222222222222223
1535726046718899802,90,0.32222222222222224
1535741058508171096,90,0.0
1535775864907229394,90,1.0
1535885018736117384,90,0.0
1535895198844969290,90,0.9666666666666667
1535941729371187258,90,1.0
1535959922873501565,90,0.34444444444444444
1535970104037316378,90,0.16666666666666666
1535973353324950266,90,0.12222222222222222
1535982410345108539,90,0.37777777777777777
1536005158550830795,90,0.14444444444444443
1536011599961909171,90,0.34444444444444444
1536017970531188004,90,0.23333333333333334
1536026241079973335,90,0.34444444444444444
1536032286166743246,90,0.06666666666666667
1536039531232440209,90,0.35555555555555557
1536091803992370329,90,0.0
1536103839589095442,90,0.3111111111111111
1536105745159374599,90,0.15555555555555556
1536133665549748107,90,0.7444444444444445
1536151645524606617,90,0.6
1536463544707068401,90,0.17777777777777778
1536510787278493494,90,0.2222222222222222
1536544223142162373,90,0.0
1536550129908195596,90,0.16666666666666666
1536574615928650830,90,1.0
1536579477384834840,90,0.28888888888888886
1536590551658504044,90,0.1111111111111111
1536608980682738148,90,0.0
1536610023918741560,90,0.45555555555555555
1536665271211478582,90,0.2222222222222222
1536670621843399319,90,0.5555555555555556
1536682518999183736,90,0.28888888888888886
1536707589247244663,90,0.43333333333333335
1536710477970365154,90,0.18888888888888888
1536727043489067687,90,0.36666666666666664
1536735432870592159,90,0.1111111111111111
1536764742401076888,90,0.08888888888888889
1536767438164906335,90,0.12222222222222222
1536789882949596507,90,0.16666666666666666
1536791008650428768,90,1.0
1536791431770794897,90,1.0
1536793372464863103,90,0.0
1536807947889069213,90,1.0
1536817298500806321,90,1.0
1536854857857718149,90,0.5555555555555556
1536983915277267294,90,0.022222222222222223
1537197194614799372,90,0.0
1537218640300402763,90,1.0
1537234809813452816,90,1.0
1537256041891713019,90,0.2111111111111111
1537305318014583530,90,0.15555555555555556
1537315549133944415,90,0.044444444444444446
1537318847142431290,90,0.12222222222222222
1537330466514119129,90,0.7
1537338527494826866,90,0.35555555555555557
1537384980840026824,90,0.7666666666666667
1537419581536737145,90,0.022222222222222223
1537511747031816332,90,0.13333333333333333
1537539966405183974,90,0.0
1537597262770751783,90,0.4111111111111111
1537599489782164195,90,0.044444444444444446
1537615904874595349,90,1.0
1537696475247249022,90,0.14444444444444443
1537947375147645680,90,1.0
1537979332388707867,90,0.011111111111111112
1537992293151051778,90,0.6
1538001867229626708,90,1.0
1538073905246541353,90,0.7333333333333333
1538086872654881248,90,0.08888888888888889
1538090054272236785,90,0.13333333333333333
1538106744301318188,90,0.0
1538107096007676547,90,1.0
1538125843345473888,90,0.9888888888888889
1538129217216613153,90,0.011111111111111112
1538149497544612179,90,0.1
1538167828227527046,90,1.0
1538177008725048384,90,0.0
1538248888820462860,90,0.6222222222222222
1538257094749255037,90,0.0
1538261252702914084,90,0.0
1538263885940066876,90,0.7
1538658199935211143,90,1.0
1538665575050051059,90,0.8555555555555555
1538685817971693503,90,0.45555555555555555
1538739331006430528,90,0.2
1538756752167259832,90,0.26666666666666666
1538800373150455969,90,0.07777777777777778
1538854725823935531,90,0.8
1538855737771321198,90,0.8
1538863795916401090,90,0.044444444444444446
1538868810594069858,90,0.5333333333333333
1538872318673019239,90,0.022222222222222223
1538885390335739442,90,1.0
1538910502497483593,90,0.4777777777777778
1538916303774011078,90,0.8888888888888888
1538926734959367099,90,0.14444444444444443
1539040803660419945,90,0.0
1539058798871699823,90,0.8444444444444444
1539405244908510817,90,0.4777777777777778
1539469836339946332,90,0.5222222222222223
1539483071573558485,90,1.0
1539501657298102477,90,0.5888888888888889
1539588656475382211,90,0.2777777777777778
1539627067813980086,90,0.25555555555555554
1539662887419092369,90,0.9666666666666667
1539672631929124014,90,1.0
1540098847809336129,90,0.08888888888888889
1540143186927315243,90,0.6333333333333333
1540152419643142193,90,0.05555555555555555
1540167968617083334,90,1.0
1540198554489327683,90,0.8111111111111111
1540213184542039015,90,0.5111111111111111
1540258074529419027,90,0.03333333333333333
1540321121012215320,90,1.0
1540346085037650633,90,1.0
1540353351074105506,90,0.044444444444444446
1540400086460591644,90,0.15555555555555556
1540403053461479887,90,0.3
1540403110883689222,90,0.9444444444444444
1540436990328789675,90,0.3111111111111111
1540460716271794670,90,0.0
1540594980590160089,90,0.2777777777777778
1540829549456652725,90,0.0
1540848847867975990,90,1.0
1540902343791981404,90,0.32222222222222224
1540920300590723403,90,0.1
1540922759708611258,90,0.7444444444444445
1540966508705182721,90,0.2222222222222222
1540974385897460446,90,0.07777777777777778
1541013165594580829,90,0.4888888888888889
1541051274619813019,90,1.0
1541167788649040778,90,0.2111111111111111
1541182598724963460,90,0.022222222222222223
1541197385693126146,90,0.3
1541243186668615731,90,0.18888888888888888
1541439055942970510,90,0.12222222222222222
1541530243568428218,90,0.06666666666666667
1541569192698511345,90,0.9
1541615380568221577,90,0.9222222222222223
1541622232772619346,90,0.0
1541623422372034347,90,1.0
1541740287220308944,90,0.16666666666666666
1541754281044170061,90,0.36666666666666664
1541759888758455936,90,0.4
1541767954617649711,90,0.32222222222222224
1541772310868461742,90,0.05555555555555555
1541780831445957463,90,0.14444444444444443
1541798464710670496,90,0.4444444444444444
1541852953274509574,90,1.0
1541855455224131303,90,0.7888888888888889
1541861263788845442,90,0.24444444444444444
1541866908797956972,90,0.0
1541868510135393624,90,0.7444444444444445
1541884009286824818,90,0.0
1541944475951014959,90,0.0
1541977028475578410,90,0.14444444444444443
1542176056480468357,90,0.6666666666666666
1542299519474784093,90,0.1
1542353757950088907,90,0.36666666666666664
1542357581254880473,90,0.6333333333333333
1542376036645727840,90,0.0
1542389788556439845,90,0.15555555555555556
1542390435347269461,90,0.14444444444444443
1542390984241676505,90,0.0
1542391587950720557,90,0.8
1542392182235259521,90,0.8
1542412095186288317,90,0.6333333333333333
1542428059894233464,90,0.14444444444444443
1542444370024842416,90,0.14444444444444443
1542461933640760510,90,0.32222222222222224
1542492748936479777,90,0.35555555555555557
1542517362762282221,90,0.5555555555555556
1542543670025644826,90,0.6222222222222222
1542575457516727130,90,0.2111111111111111
1542596804654483955,90,0.4
1542661773452597431,90,0.6
1542719338266667982,90,1.0
1542722154107113897,90,0.36666666666666664
1542946263844903146,90,0.6555555555555556
1542962434838344130,90,0.4
1543004745406024911,90,0.2222222222222222
1543011782260463832,90,0.12222222222222222
1543018528235863795,90,1.0
1543049809659802935,90,0.34444444444444444
1543123598897034746,90,0.28888888888888886
1543148749781822969,90,0.36666666666666664
1543201398713072046,90,0.7111111111111111
1543220015332892991,90,0.0
1543224457186207790,90,0.17777777777777778
1543239146930908857,90,0.07777777777777778
1543276393906420930,90,0.15555555555555556
1543318842921083583,90,0.03333333333333333
1543363701374525197,90,0.3888888888888889
1543389702586432075,90,0.8111111111111111
1543391463808334455,90,1.0
1543393616643258233,90,0.18888888888888888
1543775461645271653,90,0.18888888888888888
1543785818158034712,90,0.13333333333333333
1543833557709886047,90,1.0
1543850342343864158,90,1.0
1543857000150379553,90,0.07777777777777778
1543862347728461161,90,1.0
1543867531846697054,90,1.0
1543877095981165657,90,1.0
1543887627029834181,90,0.13333333333333333
1543887779766832179,90,0.0
1543904987884526709,90,1.0
1543945112853141381,90,0.25555555555555554
1543958086712886751,90,0.14444444444444443
1544090299383009748,90,1.0
1544097895932298367,90,1.0
1544137577590204291,90,0.23333333333333334
1544138232639922951,90,0.1111111111111111
1544388096326693584,90,0.13333333333333333
1544444135147839448,90,0.08888888888888889
1544476255217635341,90,0.3
1544568698605043459,90,0.9
1544632133908052418,90,0.34444444444444444
1544642086590680143,90,0.0
1544670326104961922,90,1.0
1544687882538759043,90,0.45555555555555555
1544768600847436634,90,1.0
1544778788312504512,90,0.13333333333333333
1544823759788094745,90,0.13333333333333333
1544900125451881138,90,0.0
1545124402337906101,90,0.6
1545188912093989245,90,0.9111111111111111
1545311755577844321,90,1.0
1545326453624073048,90,1.0
1545340725311720417,90,0.6666666666666666
1545392492172085393,90,0.08888888888888889
1545406143394219858,90,0.2777777777777778
1545464358396813975,90,0.0
1545528360901294897,90,0.9
1545569553030056694,90,0.18888888888888888
1545583284264942216,90,0.17777777777777778
1545588569154665831,90,0.7222222222222222
1545680483925137263,90,0.0
1545819929168455618,90,0.9555555555555556
1545832309205041866,90,0.3111111111111111
1545885687800559577,90,0.26666666666666666
1545897506931915904,90,0.0
1545901582551162790,90,0.9444444444444444
1545903335190027163,90,0.7444444444444445
1545974526260988584,90,1.0
1545981407704935538,90,0.4666666666666667
1545997285430607135,90,0.9222222222222223
1546005943513206381,90,0.9777777777777777
1546015768796098001,90,0.2111111111111111
1546066982304267455,90,0.13333333333333333
1546072835503869699,90,0.9222222222222223
1546086011180975700,90,0.23333333333333334
1546087617977619147,90,1.0
1546097991423680297,90,0.5888888888888889
1546125746379620249,90,0.5555555555555556
1546187291466022932,90,0.32222222222222224
1546193498348416895,90,0.6666666666666666
1546279618505908381,90,0.13333333333333333
1546283146825949335,90,1.0
1546286545136355430,90,0.6333333333333333
1546297130461952755,90,1.0
1546301375418406190,90,0.7
1546331855760193961,90,0.5555555555555556
1546569788286253916,90,0.13333333333333333
1546680120532274522,90,1.0
1546684630268792592,90,0.13333333333333333
1546689613003328616,90,1.0
1546730955257993691,90,1.0
1546735571109000970,90,0.08888888888888889
1546737425231096399,90,0.05555555555555555
1546794892308301007,90,0.12222222222222222
1546806509828955602,90,1.0
1546808769196105930,90,0.0
1546947649340197126,90,1.0
1546949251342456735,90,0.4222222222222222
1546980860364977194,90,0.03333333333333333
1546988841107921836,90,0.25555555555555554
1546999569794709454,90,0.43333333333333335
1547022965040490966,90,0.28888888888888886
1547029202233116644,90,0.7222222222222222
1547106510581716517,90,1.0
1547351346712597268,90,0.0
1547359382307705916,90,1.0
1547369192539022705,90,0.7444444444444445
1547424983086204351,90,0.2
1547439748187337025,90,0.3
1547441199899294915,90,0.0
1547451367688415196,90,0.0
1547455797633248718,90,0.0
1547458784443367617,90,0.0
1547461412532380913,90,0.0
1547473950264523293,90,0.8222222222222222
1547489887958268063,90,1.0
1547544482420335947,90,0.0
1547564477897841061,90,0.9666666666666667
1547577617815391472,90,1.0
1547593155747700281,90,0.3111111111111111
1547593541205723049,90,0.4777777777777778
1547611674092547753,90,0.36666666666666664
1547620481342294136,90,1.0
1547694524252819738,90,0.32222222222222224
1547721002441546652,90,0.0
1547759188141021097,90,0.0
1547771752421956647,90,0.5666666666666667
1547772817402663964,90,0.17777777777777778
1547798438853515447,90,0.9222222222222223
1547806026953899457,90,0.0
1547968866018624936,90,0.13333333333333333
1548026280992852390,90,0.044444444444444446
1548050278638661932,90,1.0
1548067178328418699,90,0.8444444444444444
1548103837832236638,90,0.05555555555555555
1548142986745986714,90,0.28888888888888886
1548151726019112448,90,0.5222222222222223
1548177651712395390,90,0.15555555555555556
1548186303043016702,90,0.15555555555555556
1548209244242542610,90,0.14444444444444443
1548218020581224598,90,0.0
1548279162631005267,90,1.0
1548313812161245525,90,0.7
1548316630640153925,90,0.044444444444444446
1548324239713050372,90,1.0
1548334148523275270,90,0.35555555555555557
1548481982756677505,90,1.0
1548832312511745722,90,0.011111111111111112
1548879094032428828,90,0.0
1548879581040363629,90,0.0
1548895985107736832,90,0.9666666666666667
1548904920836785880,90,1.0
1548905344372798754,90,0.12222222222222222
1548930257852641272,90,0.0
1549003158941438930,90,0.4111111111111111
1549019242890749146,90,0.8
1549069998281674324,90,0.07777777777777778
1549074329481071256,90,0.07777777777777778
1549099923626926111,90,0.0
1549109195599789717,90,1.0
1549126556328780957,90,0.011111111111111112
1549131422648976632,90,0.03333333333333333
1549131890521811487,90,0.0
1549132360986872103,90,0.0
1549132542195464033,90,0.0
1549171086499737201,90,0.8444444444444444
1549175592790491960,90,0.6888888888888889
1549185526586207718,90,0.13333333333333333
1549186354399223986,90,1.0
1549279639203665546,90,0.23333333333333334
1549437736446408174,90,0.1
1549502724401883215,90,0.13333333333333333
1549521402674483532,90,0.35555555555555557
1549568837174119029,90,0.1111111111111111
1549613423128678644,90,0.8111111111111111
1549616118336284009,90,0.3111111111111111
1549648605297598671,90,0.26666666666666666
1549649525020109495,90,1.0
1549677302511002991,90,0.0
1549856316227825024,90,0.4444444444444444
1549859114148579606,90,0.022222222222222223
1549897207461943358,90,0.6
1549914671797989525,90,1.0
1549914978616967391,90,1.0
1549927077991659141,90,0.9
1549949430374726431,90,0.36666666666666664
1549971156466155585,90,1.0
1549984121266790208,90,0.12222222222222222
1549984412987954493,90,0.12222222222222222
1550041415105804536,90,1.0
1550163845496944492,90,0.25555555555555554
1550173218647078423,90,0.18888888888888888
1550298159739488698,90,1.0
1550374190648910906,90,1.0
1550379977043836684,90,0.13333333333333333
1550420982206788347,90,0.9777777777777777
1550442848291976453,90,1.0
1550455102481833022,90,0.3888888888888889
1550462615279584281,90,0.13333333333333333
1550467212648358375,90,0.32222222222222224
1550541562956438247,90,0.43333333333333335
1550571769209933583,90,0.4
1550615288847374075,90,0.36666666666666664
1550625662929105754,90,0.0
1550630083272916584,90,0.9777777777777777
1550632741255269472,90,0.0
1550635547444252567,90,0.0
1550711290143600168,90,1.0
1550715083501144137,90,1.0
1550812225366245220,90,0.3111111111111111
1550898666877799144,90,0.8333333333333334
1550912248425064427,90,1.0
1550922248372888918,90,0.0
1550966238042059880,90,1.0
1550973629343475039,90,0.1
1550976153229146953,90,0.1111111111111111
1551010830525892676,90,0.8555555555555555
1551067304344121850,90,0.0
1551102148276244153,90,0.6444444444444445
1551109673785684931,90,0.0
1551121391330846403,90,0.25555555555555554
1551171611266022214,90,0.8
1551175949497163138,90,0.4222222222222222
1551177068788072146,90,1.0
1551213450032235356,90,0.5333333333333333
1551320180228508708,90,0.12222222222222222
1551322730517893100,90,0.34444444444444444
1551324770406514400,90,0.6777777777777778
1551327007279691507,90,0.8555555555555555
1551373699299649681,90,0.7555555555555555
1551380953247076607,90,0.0
1551381917350125921,90,0.9222222222222223
1551402792311658086,90,0.24444444444444444
1551405604014722855,90,0.011111111111111112
1551466495906624628,90,0.13333333333333333
1551469760891530585,90,0.1
1551650803303666506,90,0.6777777777777778
1551706420882523319,90,0.3
1551720133636128987,90,0.05555555555555555
1551735543653179204,90,0.4222222222222222
1551772614986191632,90,0.2
1551789016494855611,90,0.6777777777777778
1551792409331714804,90,0.9777777777777777
1551802941562087588,90,0.05555555555555555
1551810819623293832,90,0.2111111111111111
1551816116235567583,90,0.24444444444444444
1551834527580870839,90,0.9111111111111111
1551835633329456329,90,0.011111111111111112
1551854331881284251,90,1.0
1551882084778228244,90,0.6111111111111112
1551913850565198310,90,0.0
1551925627645629054,90,0.12222222222222222
1551930235679566684,90,0.0
1551948057013881949,90,0.4222222222222222
1551952120617542487,90,0.37777777777777777
1551998462268237748,90,1.0
1552008800836301338,90,0.0
1552020234590876518,90,0.8444444444444444
1552044422612925172,90,1.0
1552049166017965838,90,0.0
1552052703097555656,90,0.9333333333333333
1552054599631641135,90,0.07777777777777778
1552058004564484102,90,0.6444444444444445
1552062719182997692,90,0.6555555555555556
1552073180281563046,90,0.0
1552114386687563091,90,0.0
1552115498096384938,90,1.0
1552121702880179434,90,1.0
1552133983395951141,90,0.9888888888888889
1552139575939313045,90,1.0
1552146939505062643,90,1.0
1552151140295299738,90,1.0
1552162962142012514,90,0.7
1552174116213097422,90,1.0
1552354747450790627,90,1.0
1552365854218802605,90,0.03333333333333333
1552456212288514939,90,0.6333333333333333
1552467661660359236,90,0.34444444444444444
1552531614027490023,90,0.0
1552546092400671606,90,0.35555555555555557
1552552256595659529,90,0.011111111111111112
1552567147663610748,90,0.7666666666666667
1552580826893859748,90,0.0
1552609875499238710,90,0.15555555555555556
1552613832573860805,90,0.1111111111111111
1552617544044501462,90,0.16666666666666666
1552663419867010340,90,1.0
1552681120545318727,90,0.43333333333333335
1552682325580035204,90,0.2
1552718047198725319,90,0.2
1552721848834922114,90,1.0
1552751519226286996,90,0.8777777777777778
1552795868021703473,90,0.9888888888888889
1552803377528015669,90,1.0
1552806214242774243,90,0.13333333333333333
1552823589146897514,90,1.0
1553038937368756727,90,1.0
1553041285527126666,90,0.6
1553091432480155783,90,0.1111111111111111
1553146792716329774,90,0.1
1553177945860903599,90,1.0
1553205305137447452,90,0.5888888888888889
1553227434559215306,90,0.0
1553235568227416992,90,0.0
1553256353720752536,90,0.4444444444444444
1553257498627802212,90,1.0
1553259256547461202,90,0.4111111111111111
1553259904818470363,90,1.0
1553261693347588338,90,0.0
1553271338567929183,90,0.8777777777777778
1553296598845485109,90,0.4111111111111111
1553318525645977492,90,1.0
1553323986205482049,90,0.03333333333333333
1553328384596044142,90,0.3888888888888889
1553336703807913286,90,0.14444444444444443
1553345304416813863,90,0.0
1553360504033311748,90,1.0
1553371515649765495,90,1.0
1553384183001500391,90,0.35555555555555557
1553474959056474903,90,0.4777777777777778
1553485235891520426,90,0.28888888888888886
1553486953433957775,90,1.0
1553557851531215667,90,0.0
1553575457959277063,90,0.06666666666666667
1553579329345856136,90,1.0
1553585286677018649,90,0.4666666666666667
1553591264770820166,90,0.0
1553599366094785751,90,0.0
1553604558605829050,90,0.0
1553633928801547544,90,0.4777777777777778
1553902386036893726,90,1.0
1553924290884748524,90,0.5888888888888889
1553925726051381643,90,0.0
1553931288679414086,90,0.28888888888888886
1553937382935893357,90,0.5666666666666667
1553984118070785734,90,0.5444444444444444
1553991380921534696,90,1.0
1554023090872504885,90,0.6222222222222222
1554031249026624080,90,1.0
1554031455328063131,90,0.14444444444444443
1554046994056563217,90,0.5222222222222223
1554049196686229649,90,0.13333333333333333
1554076126778400677,90,0.26666666666666666
1554076142922107645,90,0.0
1554102710166207893,90,1.0
1554145925098611090,90,0.2777777777777778
1554217868723897760,90,0.0
1554224440350770913,90,0.24444444444444444
1554228400061580859,90,0.4777777777777778
1554231689561106011,90,0.13333333333333333
1554262938106888307,90,0.4
1554304426346322090,90,0.06666666666666667
1554332615572212975,90,0.15555555555555556
1554335011420270650,90,0.5555555555555556
1554549944552043881,90,0.7111111111111111
1554564482711003564,90,0.0
1554697069785181721,90,0.3
1554712103463452297,90,0.8888888888888888
1554718554644184508,90,0.07777777777777778
1554738059349548572,90,0.011111111111111112
1554744013778298165,90,0.06666666666666667
1554748442693402583,90,0.2
1554783395633289898,90,1.0
1554794331457104001,90,0.4888888888888889
1554796911448496855,90,1.0
1554815136233173548,90,0.0
1554835167781707150,90,0.4444444444444444
1554844422526423949,90,0.03333333333333333
1554868589892290682,90,0.17777777777777778
1554897699401720690,90,0.9888888888888889
1554908965451957765,90,0.0
1554956324154715328,90,1.0
1554959152104359556,90,0.15555555555555556
1554973837409947312,90,0.6111111111111112
1555268855747896310,90,0.0
1555314101293404985,90,0.34444444444444444
1555331784004263396,90,0.13333333333333333
1555360747209081435,90,0.0
1555373096538938543,90,0.2111111111111111
1555390460532336704,90,0.0
1555393880319550595,90,0.45555555555555555
1555396012489071417,90,0.6333333333333333
1555406423133640084,90,0.45555555555555555
1555420662218452388,90,0.0
1555424420949873617,90,0.5
1555439388464059363,90,0.0
1555465347740089210,90,0.5666666666666667
1555466481498937142,90,0.05555555555555555
1555470614936604873,90,0.7
1555486290772101831,90,0.6666666666666666
1555504709390337598,90,0.011111111111111112
1555506677327506703,90,0.6888888888888889
1555514780590258530,90,0.16666666666666666
1555561301452539601,90,1.0
1555599968151372926,90,0.0
1555606244535226519,90,0.0
1555611147057307049,90,0.0
1555614330450421739,90,0.0
1555623720339209285,90,0.0
1555625870311338708,90,0.0
1555650166079017647,90,0.9111111111111111
1555662338010933212,90,0.05555555555555555
1555749418934391677,90,1.0
1555784856864913102,90,1.0
1556044144443761042,90,0.0
1556057313124495700,90,0.1111111111111111
1556102129473156211,90,0.7555555555555555
1556103940628352875,90,0.2111111111111111
1556110796401151844,90,0.7777777777777778
1556123249057622023,90,0.0
1556157551924389350,90,1.0
1556160216807856158,90,0.8555555555555555
1556175789169859442,90,0.1
1556191086977783937,90,0.7444444444444445
1556197731583739562,90,0.1
1556203039471009695,90,0.25555555555555554
1556219354797943908,90,0.0
1556236581052719889,90,0.5666666666666667
1556251270693502441,90,0.2222222222222222
1556254290788722356,90,0.044444444444444446
1556255051050540438,90,0.13333333333333333
1556255540211449764,90,0.9111111111111111
1556258570138319308,90,0.6888888888888889
1556288635181938812,90,0.0
1556300512485203734,90,0.6333333333333333
1556313042088774931,90,1.0
1556386897881030425,90,0.12222222222222222
1556394372209894328,90,0.1
1556399167808268524,90,0.022222222222222223
1556407486643713273,90,0.14444444444444443
1556447934940659767,90,0.14444444444444443
1556453073204297373,90,0.13333333333333333
1556493074538820387,90,0.0
1556783789224235899,90,0.011111111111111112
1556788560741813922,90,0.24444444444444444
1556794416759725580,90,1.0
1556815709403263099,90,0.0
1556825359518475611,90,0.28888888888888886
1556825653980606589,90,1.0
1556855653552476040,90,1.0
1556869623327306065,90,0.0
1556882663058296714,90,0.8555555555555555
1556893899014617070,90,1.0
1556896915587571054,90,0.13333333333333333
1556904505534285130,90,0.044444444444444446
1556906863468084073,90,0.4111111111111111
1556907334092464172,90,0.1
1556912062475974636,90,0.08888888888888889
1556949688425247602,90,0.011111111111111112
1556973970247241022,90,1.0
1556978359628187459,90,0.8444444444444444
1556992547536201053,90,0.8
1557005697207982753,90,0.0
1557051197376772898,90,0.17777777777777778
1557078142026269003,90,0.25555555555555554
1557087234015326513,90,0.5333333333333333
1557148976642842222,90,1.0
1557152075898632258,90,1.0
1557156992529069582,90,0.3111111111111111
1557157087760950313,90,0.8555555555555555
1557173219114907804,90,0.8666666666666667
1557186961917774775,90,0.13333333333333333
1557204645534450752,90,1.0
1557521215562529655,90,0.5666666666666667
1557545250778880301,90,0.3
1557562791336476887,90,0.1111111111111111
1557564906498992885,90,0.26666666666666666
1557568759062451926,90,0.8222222222222222
1557635051247132705,90,0.07777777777777778
1557678528501424115,90,0.2222222222222222
1557715732509442127,90,0.0
1557818212564695013,90,1.0
1557852287519669859,90,0.0
1557865644972702200,90,0.34444444444444444
1557904741641195921,90,1.0
1557934209396287222,90,0.0
1557936825793063361,90,0.14444444444444443
1558033837379479217,90,1.0
1558221292183659902,90,0.0
1558229435746513931,90,1.0
1558266096236070629,90,0.7555555555555555
1558342834703682122,90,0.0
1558355059710655358,90,0.4888888888888889
1558359587028294130,90,0.2
1558361360716478738,90,0.0
1558365910882686931,90,1.0
1558381514675983512,90,0.0
1558386324949251732,90,0.6
1558395320141340866,90,0.5888888888888889
1558405177922743111,90,0.23333333333333334
1558446990963349282,90,0.05555555555555555
1558467793505602140,90,1.0
1558468592573846585,90,1.0
1558472342493493598,90,1.0
1558502219565758040,90,0.8
1558547384764377935,90,0.0
1558563426924433125,90,0.5888888888888889
1558575215344910181,90,0.18888888888888888
1558584833961697218,90,0.8777777777777778
1558587410582707003,90,0.8555555555555555
1558591736605408593,90,0.8777777777777778
1558612286822620629,90,1.0
1558637648134732174,90,0.05555555555555555
1558662559597914764,90,0.43333333333333335
1558669306449443103,90,0.05555555555555555
1558685831502386635,90,0.45555555555555555
1558749202338956841,90,0.35555555555555557
1558932055710361561,90,1.0
1558950412919460020,90,0.3
1558958931043076067,90,0.0
1559027125762595315,90,0.6333333333333333
1559032227004968844,90,0.13333333333333333
1559076757187259050,90,0.8555555555555555
1559086026018914352,90,1.0
1559108362908443077,90,0.0
1559127284097468808,90,0.05555555555555555
1559147495923542772,90,0.25555555555555554
1559153087663622090,90,0.36666666666666664
1559164969360889233,90,0.32222222222222224
1559190779351133674,90,0.0
1559221343524662190,90,0.5111111111111111
1559231755862966134,90,1.0
1559233225201782938,90,0.3111111111111111
1559301420941459359,90,1.0
1559324912906783230,90,1.0
1559325729668968215,90,0.2
1559329416399963779,90,0.18888888888888888
1559329739766432695,90,0.35555555555555557
1559343701845294068,90,0.2
1559731451988584211,90,1.0
1559767056016022158,90,1.0
1559811227008057135,90,0.0
1559859236315959486,90,0.0
1559868515464194523,90,0.3888888888888889
1559885261054790770,90,0.2222222222222222
1560131688874958590,90,0.4666666666666667
1560316817758991930,90,0.0
1560328633984805751,90,0.8666666666666667
1560335645834245397,90,1.0
1560475167970242068,90,1.0
1560493924253512526,90,1.0
1560520787522526723,90,1.0
1560522225523317473,90,1.0
1560594998174749464,90,0.6111111111111112
1560609689552041771,90,0.18888888888888888
1560614619290568777,90,0.13333333333333333
1560623799596663870,90,1.0
1560677769087388402,90,0.0
1560700246292001629,90,1.0
1560711999008247835,90,0.5777777777777777
1560735736127566730,90,0.03333333333333333
1560756149085508002,90,0.5333333333333333
1560824310773396317,90,1.0
1560841619530234746,90,1.0
1561048421493127001,90,0.6
1561125821473574134,90,0.5777777777777777
1561184854966216515,90,0.45555555555555555
1561211041345040119,90,0.0
1561211297099210318,90,0.0
1561227417802378700,90,1.0
1561248763637325353,90,0.28888888888888886
1561291881799373536,90,0.08888888888888889
1561315011389103690,90,0.0
1561329980834913870,90,0.8111111111111111
1561330188996823791,90,0.8
1561330410250005749,90,0.8
1561335301389452408,90,0.9111111111111111
1561335541368509236,90,0.8
1561335759785760175,90,0.8
1561367616532385254,90,0.7
1561378642342957036,90,0.4777777777777778
1561393859820762002,90,0.5444444444444444
1561400588401418727,90,0.7555555555555555
1561420523528116307,90,0.34444444444444444
1561436910939021288,90,0.18888888888888888
1561440717173892964,90,1.0
1561449972177158869,90,1.0
1561453367554376095,90,0.05555555555555555
1561466824492611692,90,0.3888888888888889
1561468548035920467,90,0.6444444444444445
1561469678307098034,90,0.0
1561472862224858638,90,0.1
1561474713868628472,90,0.1
1561476169591796145,90,0.0
1561476619047698856,90,0.0
1561478277806912748,90,0.0
1561487163649651949,90,0.8333333333333334
1561542676587020316,90,0.07777777777777778
1561550077807693311,90,0.7
1561795150932260865,90,0.7666666666666667
1561844233173724008,90,0.03333333333333333
1561844592417270915,90,0.08888888888888889
1561853623195695143,90,0.3888888888888889
1561865785495077168,90,0.0
1561882688461714418,90,0.5444444444444444
1561905143926195884,90,0.4444444444444444
1561917451152644217,90,1.0
1561923978584684509,90,1.0
1561971424579924276,90,0.4888888888888889
1561984757786536550,90,0.0
1562025829815750965,90,0.0
1562039397513624846,90,0.35555555555555557
1562060023398057257,90,0.0
1562080120542564943,90,0.43333333333333335
1562125940944150534,90,0.3
1562147572323692560,90,0.0
1562151867353287449,90,0.5444444444444444
1562159370370831699,90,0.23333333333333334
1562166188023051979,90,1.0
1562175987784093691,90,0.8333333333333334
1562192052135661246,90,0.2777777777777778
1562199236637442596,90,0.4222222222222222
1562210370994353769,90,0.13333333333333333
1562228470139386798,90,0.0
1562233618569955159,90,1.0
1562252985833826565,90,0.25555555555555554
1562257891763705641,90,0.8888888888888888
1562323373636002666,90,0.13333333333333333
1562527693553466402,90,0.18888888888888888
1562610359010141049,90,0.4777777777777778
1562654857689821369,90,0.0
1562678092954599562,90,0.03333333333333333
1562688343409531329,90,1.0
1562690147101003911,90,0.0
1562701688515802318,90,0.5111111111111111
1562704431347690214,90,0.8111111111111111
1562716872530364231,90,0.14444444444444443
1562716947424047581,90,0.8222222222222222
1562741541134043202,90,0.5444444444444444
1562745371111284802,90,0.0
1562809334771339920,90,0.4444444444444444
1562816126570963478,90,0.13333333333333333
1562834751369075828,90,0.5333333333333333
1562881675144107283,90,0.0
1562882921408510007,90,1.0
1562888014473493937,90,0.2777777777777778
1562939144382365550,90,0.3111111111111111
1562942111229423766,90,0.5111111111111111
1562984923653887022,90,0.06666666666666667
1562987299713056949,90,1.0
1562988300232312342,90,0.5333333333333333
1563001649733589646,90,1.0
1563002941234263627,90,0.43333333333333335
1563016810237310542,90,0.43333333333333335
1563044490098360309,90,1.0
1563065434157465102,90,1.0
1563294772940240989,90,0.13333333333333333
1563326737740238720,90,0.7555555555555555
1563370530634340370,90,1.0
1563375235557324411,90,0.03333333333333333
1563431887908704091,90,0.08888888888888889
1563442488548529978,90,0.044444444444444446
1563459947509552994,90,0.0
1563527722561981679,90,1.0
1563537132733578395,90,1.0
1563544158774759342,90,0.1111111111111111
1563559920306491313,90,0.32222222222222224
1563592898787053168,90,0.7111111111111111
1563627464566458154,90,0.044444444444444446
1563640063275142623,90,0.0
1563645593502063884,90,0.0
1563704882996983993,90,1.0
1563707201701989551,90,1.0
1563732837603423575,90,0.9222222222222223
1563737041149859725,90,0.4444444444444444
1563942391141398556,90,0.6333333333333333
1563976337013983685,90,0.0
1563977766195562522,90,1.0
1564016644365288844,90,0.4111111111111111
1564023509220432386,90,0.0
1564053679284719389,90,0.0
1564060048373241125,90,0.0
1564069454961219800,90,0.5666666666666667
1564074951430095539,90,0.7111111111111111
1564127516298982364,90,1.0
1564133013827817229,90,0.6444444444444445
1564137803441910753,90,0.07777777777777778
1564175767573719036,90,0.05555555555555555
1564193492389572836,90,1.0
1564213425804122364,90,0.011111111111111112
1564231162828109205,90,0.13333333333333333
1564235285398824362,90,1.0
1564251083616501229,90,0.7
1564266483392646936,90,0.7555555555555555
1564272974193325826,90,0.43333333333333335
1564304769046876626,90,0.6222222222222222
1564348451544889635,90,1.0
1564362088452853441,90,0.1
1564423084141126173,90,0.23333333333333334
1564426103287474736,90,0.0
1564695226191415699,90,0.011111111111111112
1564802653804224819,90,0.0
1564838185539812804,90,1.0
1564838911813859109,90,1.0
1564855119734863045,90,1.0
1564855573560206996,90,0.12222222222222222
1564893061204001889,90,1.0
1564915575751912013,90,0.4111111111111111
1564931035453133476,90,0.5888888888888889
1564933448804565751,90,0.12222222222222222
1564940761594310992,90,0.35555555555555557
1564946417902142228,90,0.6777777777777778
1564958975671414224,90,0.022222222222222223
1564967227569216324,90,0.07777777777777778
1565038862905424190,90,0.16666666666666666
1565042899759397407,90,1.0
1565043988011967207,90,0.0
1565044808515654847,90,0.18888888888888888
1565063124836533703,90,1.0
1565096073715174293,90,0.1
1565125778112120051,90,0.0
1565155293422108770,90,0.0
1565241515037284955,90,0.0
1565252953562116631,90,0.0
1565255535848959338,90,0.0
1565262275992818538,90,0.0
1565376619718550767,90,0.32222222222222224
1565436649717188498,90,0.0
1565436798921356695,90,0.0
1565499880261386185,90,1.0
1565503372064951232,90,0.0
1565518473941323467,90,1.0
1565534280931715087,90,0.4888888888888889
1565550724471075699,90,1.0
1565551018564084979,90,0.03333333333333333
1565554074575054560,90,1.0
1565570740902489113,90,0.32222222222222224
1565574360888584966,90,0.9555555555555556
1565607442828402292,90,1.0
1565622077592181647,90,1.0
1565636871222757660,90,0.0
1565644988755330423,90,0.1111111111111111
1565671156292002255,90,1.0
1565698575595370165,90,1.0
1565716952293447091,90,0.0
1565720305045386150,90,0.0
1565749871473816556,90,0.23333333333333334
1565780292061346262,90,0.7333333333333333
1565812427506951701,90,0.5666666666666667
1565815960533748181,90,0.7
1565846864081526178,90,1.0
1565859298776053520,90,1.0
1565874121069691706,90,0.0
1565953936779386344,90,0.24444444444444444
1565974726285165195,90,0.6333333333333333
1566138990066288036,90,0.0
1566186505450788855,90,0.03333333333333333
1566203875603358372,90,1.0
1566212924452308401,90,0.4666666666666667
1566216975146487302,90,1.0
1566228045501544390,90,1.0
1566248077391874460,90,1.0
1566268784095445318,90,1.0
1566307275148966008,90,0.3333333333333333
1566308468463855266,90,0.9777777777777777
1566334813981286394,90,1.0
1566346798408778512,90,0.03333333333333333
1566351385542064867,90,1.0
1566363186388093811,90,0.0
1566363754873929578,90,0.3333333333333333
1566408119437799571,90,0.17777777777777778
1566419828646950342,90,0.044444444444444446
1566464265124717992,90,0.044444444444444446
1566464386838016540,90,0.26666666666666666
1566473096475562369,90,0.0
1566475244619261623,90,0.7111111111111111
1566480573934903362,90,0.5444444444444444
1566510250094374840,90,0.13333333333333333
1566538650641304160,90,0.06666666666666667
1566546286720225627,90,0.3
1566546399172001279,90,0.2
1566546501925785124,90,0.0
1566549394674399616,90,0.25555555555555554
1566571273047379927,90,0.022222222222222223
1566576449065950157,90,0.0
1566640238853607658,90,1.0
1566653995132103210,90,0.3111111111111111
1566675084915911827,90,0.2777777777777778
1566843824436388310,90,1.0
1566893995471015533,90,0.4
1566916705630778235,90,0.5222222222222223
1566945269728707815,90,0.0
1566954943059585764,90,1.0
1566963812131344572,90,1.0
1566992338336434576,90,1.0
1566992565513184963,90,1.0
1566993150667586555,90,1.0
1567005487572583091,90,1.0
1567026308970720328,90,0.03333333333333333
1567030444704103562,90,0.2222222222222222
1567050186030373152,90,0.7555555555555555
1567053296386655432,90,0.8444444444444444
1567077328965134349,90,1.0
1567100751925674142,90,1.0
1567113648826862514,90,0.45555555555555555
1567115260664606136,90,0.34444444444444444
1567129798805401643,90,0.0
1567152089789428214,90,0.0
1567229648584107733,90,0.2222222222222222
1567240741464050643,90,0.6888888888888889
1567243378883937426,90,1.0
1567288029139205448,90,0.0
1567311197848922424,90,0.2111111111111111
1567313183318175907,90,0.2
1567321984319352194,90,1.0
1567323843448638430,90,0.1
1567357648582348480,90,0.8222222222222222
1567398740905452739,90,0.022222222222222223
1567594346465576960,90,0.13333333333333333
1567636163689495698,90,0.5888888888888889
1567675394169050467,90,0.13333333333333333
1567676630965694998,90,1.0
1567691332076245219,90,0.26666666666666666
1567697459113406455,90,0.8
1567719967864756718,90,0.0
1567721143308408250,90,0.044444444444444446
1567725055534201775,90,0.0
1567730329362477549,90,0.022222222222222223
1567733062530338272,90,0.15555555555555556
1567776139310111299,90,0.25555555555555554
1567778554713306121,90,0.24444444444444444
1567779309018151336,90,1.0
1567825328083256026,90,1.0
1567857395418542635,90,0.8333333333333334
1567868074174984280,90,0.6333333333333333
1567871347677724486,90,1.0
1567873816877770799,90,0.45555555555555555
1567915935000008852,90,0.0
1567928670485578839,90,0.12222222222222222
1567948694664523664,90,0.0
1567990348623040324,90,0.26666666666666666
1567990978224268763,90,1.0
1568098941922617332,90,0.2
1568120906930801764,90,0.14444444444444443
1568358773537574159,90,0.4222222222222222
1568373299044815084,90,0.0
1568386118677762393,90,1.0
1568407358927078906,90,0.5111111111111111
1568422455087998525,90,1.0
1568456472837754013,90,0.8444444444444444
1568478123113614329,90,0.9666666666666667
1568486554090738727,90,1.0
1568486847152639162,90,1.0
1568488081218567546,90,1.0
1568489554388544058,90,1.0
1568491122389864118,90,1.0
1568491302461784461,90,0.06666666666666667
1568492709865373238,90,1.0
1568494332845413981,90,1.0
1568495597417819491,90,1.0
1568498737090102427,90,1.0
1568500617671677645,90,1.0
1568502167341635281,90,1.0
1568504183332494078,90,1.0
1568505573426933083,90,1.0
1568510937309677571,90,1.0
1568524227978662807,90,0.0
1568525160804873527,90,0.7111111111111111
1568525923053234983,90,0.07777777777777778
1568536820679924479,90,0.34444444444444444
1568541132942499084,90,0.044444444444444446
1568551376904306997,90,0.4666666666666667
1568558038712415546,90,0.12222222222222222
1568586533993973725,90,0.1111111111111111
1568593495179517001,90,0.0
1568607024586464889,90,0.0
1568613739516315568,90,0.8888888888888888
1568678501181183579,90,1.0
1568684163408550681,90,1.0
1568685989214069688,90,0.07777777777777778
1568698999392551825,90,0.4
1568702637184933154,90,0.044444444444444446
1568706638874778410,90,0.0
1568725263177993440,90,1.0
1568726208957751231,90,0.14444444444444443
1568731944267388235,90,0.14444444444444443
1568758102729748949,90,0.9666666666666667
1568770480414471438,90,0.5111111111111111
1568776915253082509,90,0.0
1568785795666781805,90,0.0
1568786785587439225,90,1.0
1568794242325316366,90,0.8888888888888888
1569091605142847029,90,0.13333333333333333
1569116357736044489,90,1.0
1569138042194196000,90,0.05555555555555555
1569172007841877793,90,0.08888888888888889
1569182055208858155,90,0.0
1569198986874731039,90,0.8222222222222222
1569224930580605125,90,1.0
1569232038163408056,90,1.0
1569245888540881044,90,0.0
1569273200040571447,90,0.6333333333333333
1569277192455117744,90,0.0
1569292032126401655,90,0.0
1569292420512116202,90,1.0
1569297770318840379,90,0.25555555555555554
1569314266874183749,90,0.5444444444444444
1569344661663800710,90,0.3
1569352223118003351,90,1.0
1569357533432141513,90,0.3333333333333333
1569363929657341511,90,1.0
1569365461022410066,90,1.0
1569388737383811457,90,1.0
1569424399880106896,90,1.0
1569430018962721592,90,1.0
1569437187996564580,90,0.0
1569469233503984579,90,0.2
1569476841380665065,90,1.0
1569493609938015546,90,0.5
1569507375478591674,90,1.0
1569521745598899827,90,0.044444444444444446
1569574505510019844,90,0.5111111111111111
1569593402861027102,90,0.14444444444444443
1569594413057435720,90,1.0
1569871252215616175,90,1.0
1569871704727463453,90,0.4
1569877537713449866,90,1.0
1569909928540056494,90,1.0
1569936495038625296,90,1.0
1570010202135715841,90,0.8222222222222222
1570018515897141799,90,0.12222222222222222
1570068254330930125,90,0.12222222222222222
1570078851877799043,90,0.044444444444444446
1570156061509829009,90,0.9555555555555556
1570159612890047531,90,1.0
1570188258760721780,90,1.0
1570201060824896207,90,0.7888888888888889
1570559096233815009,90,1.0
1570588495415753457,90,0.8
1570630493731096027,90,1.0
1570675530175995994,90,0.7888888888888889
1570682179317972401,90,0.6555555555555556
1570711896106478429,90,1.0
1570717629890575104,90,1.0
1570743575846124429,90,0.15555555555555556
1570763573507498659,90,0.6666666666666666
1570823646174462004,90,1.0
1570829913861068172,90,0.2111111111111111
1570832713969538598,90,0.1
1570862523613223172,90,0.5222222222222223
1570904159402865727,90,0.45555555555555555
1570934493796269818,90,0.4888888888888889
1570942575746570003,90,0.34444444444444444
1570942970221263216,90,1.0
1570994818426854921,90,1.0
1571126085962335335,90,1.0
1571132067399841329,90,1.0
1571212811577333577,90,0.43333333333333335
1571225907679211367,90,0.5
1571254442640315541,90,0.28888888888888886
1571255515089225388,90,1.0
1571295606408348891,90,0.7111111111111111
1571305657141408261,90,0.8
1571317904598560388,90,0.2777777777777778
1571341709584077228,90,0.1
1571341821017173989,90,1.0
1571349547617588830,90,0.4111111111111111
1571423760329270864,90,0.15555555555555556
1571446155423256083,90,0.7333333333333333
1571455291647819596,90,1.0
1571475588159478964,90,0.2111111111111111
1571485810328146553,90,0.15555555555555556
1571491028851351530,90,0.044444444444444446
1571492116571503462,90,0.18888888888888888
1571497728768472532,90,0.5444444444444444
1571526983949887288,90,0.4
1571562236887460265,90,0.6
1571567994486459944,90,1.0
1571614199276051315,90,0.17777777777777778
1571616601721629174,90,0.43333333333333335
1571621722106999343,90,1.0
1571636910476519623,90,0.15555555555555556
1571639950520735327,90,1.0
1571651012131923122,90,0.3
1571657198394000266,90,0.0
1571665297122785493,90,1.0
1571675386481642424,90,0.3888888888888889
1571839548427659265,90,1.0
1571916616944705042,90,1.0
1571933146960073771,90,0.13333333333333333
1571949437848759948,90,0.044444444444444446
1572002784349678591,90,0.4222222222222222
1572013148999345534,90,0.2111111111111111
1572013166244909031,90,0.0
1572026122996565068,90,0.6
1572032017596531946,90,1.0
1572075535455578605,90,1.0
1572080151976452071,90,1.0
1572080335891406848,90,1.0
1572086600114567458,90,1.0
1572089392664029116,90,0.25555555555555554
1572091261915702546,90,0.06666666666666667
1572096024594143079,90,1.0
1572119906802569956,90,0.08888888888888889
1572150483532836746,90,0.14444444444444443
1572160102303249860,90,0.4888888888888889
1572170004660064999,90,0.2
1572181723086004159,90,0.13333333333333333
1572183554161365106,90,1.0
1572211819341042782,90,1.0
1572236581183754222,90,0.0
1572273197130319412,90,0.4111111111111111
1572280048644035486,90,1.0
1572281273270969372,90,1.0
1572285788674163587,90,0.12222222222222222
1572288384778988141,90,1.0
1572293463998376892,90,0.0
1572322383086760930,90,0.2222222222222222
1572324837564021781,90,1.0
1572340265801160890,90,1.0
1572375552555609258,90,0.0
1572375897654280664,90,1.0
1572404574866126101,90,1.0
1572417534103672168,90,0.1
1572505120069058660,90,0.2
1572537742430062043,90,1.0
1572661929740963570,90,0.6333333333333333
1572704870949825795,90,0.7333333333333333
1572729633299168341,90,1.0
1572746540982688511,90,1.0
1572762010147113454,90,1.0
1572804511647272264,90,0.6555555555555556
1572807318983756708,90,0.9222222222222223
1572809866475071517,90,0.13333333333333333
1572818449544377633,90,0.5777777777777777
1572824418141670823,90,0.07777777777777778
1572826222001488868,90,0.6333333333333333
1572831632590642964,90,0.0
1572838654684000634,90,0.4777777777777778
1572846237675100848,90,0.9
1572855741898000216,90,1.0
1572864503505517395,90,0.0
1572873238742407070,90,1.0
1572875768268711977,90,0.28888888888888886
1572894617898365455,90,0.07777777777777778
1572913461788168825,90,0.9444444444444444
1572918009777083494,90,0.16666666666666666
1572919094145775750,90,0.4888888888888889
1572919857690020735,90,0.4444444444444444
1572972092217032883,90,1.0
1572977661720231736,90,0.15555555555555556
1572985856392003386,90,0.7222222222222222
1572990619269197798,90,0.17777777777777778
1572992947770315262,90,1.0
1572995079848690678,90,0.3111111111111111
1573002030493563856,90,0.0
1573003719596704668,90,0.36666666666666664
1573011904625113482,90,0.0
1573019303477469433,90,0.044444444444444446
1573026459261927890,90,0.14444444444444443
1573036245069884054,90,0.3888888888888889
1573037512023226159,90,0.06666666666666667
1573043858012293906,90,0.08888888888888889
1573062903649727034,90,0.3111111111111111
1573063188623821576,90,0.6111111111111112
1573076584395408500,90,0.5444444444444444
1573082835883974398,90,1.0
1573085750313218493,90,0.07777777777777778
1573095979812696452,90,1.0
1573108204382648763,90,1.0
1573111226804836699,90,0.4666666666666667
1573193671057194892,90,0.7
1573197915665130280,90,0.1111111111111111
1573200445133737095,90,0.37777777777777777
1573389817675656501,90,0.9555555555555556
1573431396957873075,90,0.1111111111111111
1573439075985680877,90,0.43333333333333335
1573440418837943473,90,0.16666666666666666
1573490873145519507,90,0.8111111111111111
1573492020326217599,90,0.0
1573508588030004632,90,0.12222222222222222
1573533450875082961,90,0.7444444444444445
1573534166249192441,90,0.4
1573536206184492430,90,1.0
1573547517802950032,90,1.0
1573556056835114225,90,0.13333333333333333
1573557406369108214,90,1.0
1573561311463605196,90,0.9777777777777777
1573569600032347328,90,0.15555555555555556
1573578112150930386,90,1.0
1573621558330184884,90,0.0
1573656968362853337,90,0.07777777777777778
1573663906556550852,90,1.0
1573677878319223021,90,0.4666666666666667
1573686951423671934,90,0.13333333333333333
1573718411235304293,90,1.0
1573730195330156581,90,1.0
1573741803685651729,90,0.0
1573778838700461765,90,0.36666666666666664
1573786051557660139,90,0.2222222222222222
1573794961473281161,90,0.08888888888888889
1573824496148680961,90,0.0
1573854001013642222,90,0.24444444444444444
1573860966524446477,90,0.4
1573879037307360365,90,0.9888888888888889
1573901311180701108,90,0.7555555555555555
1573915733747743180,90,0.4666666666666667
1573931051180365165,90,0.03333333333333333
1574131012030256676,90,0.28888888888888886
1574154694092951809,90,0.4222222222222222
1574154759026553852,90,0.08888888888888889
1574217395718984164,90,0.0
1574234848268479537,90,0.5333333333333333
1574238143981413413,90,0.12222222222222222
1574243521633108107,90,1.0
1574256964969078844,90,1.0
1574259605340604441,90,0.9333333333333333
1574259656361147245,90,1.0
1574284243371834985,90,0.7111111111111111
1574308481594018898,90,0.7555555555555555
1574316850895510370,90,0.18888888888888888
1574333066589568047,90,1.0
1574334916770868203,90,0.6111111111111112
1574367494903875073,90,1.0
1574371692997451717,90,1.0
1574407875854160786,90,1.0
1574434453446766184,90,0.4777777777777778
1574441575029013311,90,1.0
1574447207086879933,90,1.0
1574455931124511488,90,0.7666666666666667
1574471900886659843,90,0.6777777777777778
1574506297734854765,90,0.7555555555555555
1574537848509876914,90,0.4444444444444444
1574545349338333001,90,0.0
1574551552249424955,90,0.7555555555555555
1574571062611753687,90,0.3333333333333333
1574576386785946943,90,0.1111111111111111
1574589418511591418,90,1.0
1574607000055254850,90,1.0
1574618097534476384,90,1.0
1574635870758220484,90,0.45555555555555555
1574650123604881933,90,0.9888888888888889
1574830345993815741,90,0.23333333333333334
1574902418158566589,90,0.0
1574915142319379986,90,0.05555555555555555
1574928153833234467,90,1.0
1574976412521563861,90,1.0
1574985120668624413,90,0.9888888888888889
1574987566171278501,90,0.8111111111111111
1574988259265156550,90,0.011111111111111112
1574991600746402862,90,1.0
1575002833001709225,90,0.7444444444444445
1575007362481528550,90,0.2111111111111111
1575020107323331195,90,1.0
1575102336374709852,90,0.8333333333333334
1575104446498719814,90,0.7444444444444445
1575111488532588650,90,1.0
1575117434436566463,90,0.5666666666666667
1575130568931630236,90,0.06666666666666667
1575178231765814843,90,0.0
1575191927203464471,90,1.0
1575218455932608101,90,0.0
1575263937391539952,90,0.8888888888888888
1575273037255445890,90,1.0
1575281191672509005,90,1.0
1575290488183097593,90,0.2
1575314382520617213,90,0.05555555555555555
1575347805284678930,90,0.34444444444444444
1575367867744762152,90,0.15555555555555556
1575586613790913761,90,0.0
1575676946854804200,90,1.0
1575689814606749487,90,1.0
1575708092918089544,90,0.022222222222222223
1575744776775799226,90,0.022222222222222223
1575752503583327568,90,1.0
1575764059600206772,90,0.7333333333333333
1575793286212985996,90,0.8333333333333334
1575803034010893739,90,0.45555555555555555
1575816035248049640,90,0.3
1575816530945834807,90,1.0
1575859158145652685,90,0.5111111111111111
1575872369912895932,90,0.4111111111111111
1575882149972902393,90,0.23333333333333334
1575892922299198892,90,0.2111111111111111
1575897280099524420,90,0.9222222222222223
1575898925215003272,90,0.18888888888888888
1575901993637361325,90,0.23333333333333334
1575983770285103389,90,0.08888888888888889
1575998547883179975,90,0.28888888888888886
1576320139211704589,90,0.9555555555555556
1576362612080579152,90,0.14444444444444443
1576364344894422019,90,0.6666666666666666
1576426300932931334,90,0.5777777777777777
1576438172903537691,90,0.7111111111111111
1576445089765160999,90,0.3111111111111111
1576459449806227743,90,1.0
1576461833724115720,90,0.5555555555555556
1576469356291033781,90,0.4111111111111111
1576473940061916456,90,1.0
1576509223087472836,90,0.07777777777777778
1576517041995177825,90,0.12222222222222222
1576521560793248751,90,0.5444444444444444
1576567974041098519,90,0.35555555555555557
1576591701348134505,90,0.0
1576595223189253780,90,0.15555555555555556
1576595664750110553,90,1.0
1576598212899485237,90,0.13333333333333333
1576612641754837937,90,0.3111111111111111
1576623835985441186,90,1.0
1576656699188237362,90,0.4111111111111111
1576666361338777782,90,0.03333333333333333
1576681771454795636,90,0.5222222222222223
1576720193830383033,90,0.8555555555555555
1576750844575467067,90,1.0
1576764783934634482,90,0.2777777777777778
1576787348127286819,90,0.2
1576791511710257929,90,0.0
1576817398167037313,90,1.0
1576828548645756700,90,1.0
1576835593410537816,90,1.0
1577042277824164901,90,0.0
1577056555323741754,90,0.0
1577073826031845427,90,0.5444444444444444
1577125509291757213,90,0.16666666666666666
1577143232493781895,90,1.0
1577152966971263991,90,0.03333333333333333
1577176633788614162,90,1.0
1577186899370960059,90,1.0
1577201068135866524,90,0.36666666666666664
1577206729833749625,90,1.0
1577218117276478610,90,1.0
1577254394246473682,90,0.26666666666666666
1577273567399986102,90,1.0
1577278135014091305,90,0.6777777777777778
1577315258635042317,90,0.0
1577332853237556344,90,0.4222222222222222
1577343315024353947,90,1.0
1577384794637125038,90,1.0
1577407140349521242,90,1.0
1577430039678600276,90,0.08888888888888889
1577504781178654401,90,0.36666666666666664
1577578961203379209,90,0.0
1577774963022184327,90,1.0
1577800107116070410,90,0.2222222222222222
1577806806901027846,90,0.6555555555555556
1577809258364503509,90,0.13333333333333333
1577815644244747383,90,0.3888888888888889
1577820218120721233,90,0.03333333333333333
1577839397623449944,90,0.0
1577865349306547755,90,0.9777777777777777
1577870400614033554,90,0.18888888888888888
1577879951006443845,90,0.7555555555555555
1577897844264104387,90,0.5666666666666667
1577936208802369421,90,0.8
1577960496118060919,90,1.0
1578002463546108382,90,1.0
1578012272966314232,90,0.7666666666666667
1578028816717354668,90,0.4666666666666667
1578036216719856827,90,0.0
1578046912429205312,90,0.044444444444444446
1578078908650643744,90,0.2777777777777778
1578086485853055447,90,0.6444444444444445
1578090675730038452,90,0.4111111111111111
1578130846090927255,90,0.28888888888888886
1578158298746497784,90,0.8111111111111111
1578194081466269752,90,0.4444444444444444
1578206788126745104,90,0.3
1578255067303777612,90,0.0
1578503075413576267,90,0.26666666666666666
1578511665000100411,90,0.5444444444444444
1578527181661710216,90,0.26666666666666666
1578541751750284170,90,1.0
1578542287915943344,90,0.13333333333333333
1578557346192107845,90,0.2
1578570272082421153,90,0.4444444444444444
1578612569871683516,90,0.12222222222222222
1578624119227702257,90,0.8222222222222222
1578634782447882616,90,1.0
1578635475164275177,90,0.9222222222222223
1578712163465806916,90,0.43333333333333335
1578761179750307933,90,0.8333333333333334
1578783718321002594,90,0.2222222222222222
1578810451646738198,90,0.5333333333333333
1578890554014827776,90,0.4222222222222222
1578897053758084938,90,0.14444444444444443
1578933260565244607,90,0.18888888888888888
1579121716144192926,90,0.6
1579227487917870980,90,0.3888888888888889
1579231922480868711,90,0.7111111111111111
1579248426389237216,90,0.32222222222222224
1579252919806377592,90,0.044444444444444446
1579289077681085209,90,0.7111111111111111
1579301962617103043,90,0.08888888888888889
1579305923790507281,90,0.05555555555555555
1579327086617110411,90,0.0
1579334001313484243,90,0.044444444444444446
1579355785131514293,90,1.0
1579361094377685236,90,0.022222222222222223
1579362397221301047,90,0.12222222222222222
1579373431647215461,90,0.044444444444444446
1579377534916243728,90,0.13333333333333333
1579412341082068033,90,0.8777777777777778
1579437031495971097,90,0.8666666666666667
1579440138412062305,90,0.5222222222222223
1579440916716888598,90,0.0
1579453498380946649,90,0.4
1579456800496242077,90,0.3333333333333333
1579485506534160562,90,1.0
1579522757659497726,90,0.37777777777777777
1579526206311255721,90,0.9777777777777777
1579583027037606689,90,0.37777777777777777
1579598258551507898,90,1.0
1579602940685500731,90,0.2111111111111111
1579603876972034441,90,0.23333333333333334
1579611379857732217,90,0.022222222222222223
1579615057926729575,90,0.2111111111111111
1579636201103576479,90,1.0
1579645641128886481,90,0.28888888888888886
1579681045843568895,90,0.0
1579681172320970962,90,0.0
1579681186281323254,90,0.0
1579681304135541039,90,0.0
1579691326306390953,90,0.1
1579705231954353789,90,0.34444444444444444
1579904646193176914,90,0.0
1580002547616179288,90,0.022222222222222223
1580016540530058420,90,1.0
1580061131204288881,90,0.3888888888888889
1580079852080216919,90,0.23333333333333334
1580085883599623315,90,0.3111111111111111
1580089199351859098,90,0.0
1580118066001705728,90,1.0
1580137773123309666,90,0.9222222222222223
1580183362894873100,90,0.1
1580185930288609994,90,1.0
1580191979690738497,90,1.0
1580195580197690415,90,1.0
1580209676148498749,90,0.0
1580231369614481424,90,0.8777777777777778
1580304520210611335,90,0.2222222222222222
1580363439134352440,90,0.044444444444444446
1580364196092648281,90,0.24444444444444444
1580372030374418926,90,0.0
1580390412897714573,90,0.3111111111111111
1580423566865251619,90,1.0
1580680308382747571,90,1.0
1580683229023273741,90,0.0
1580695287569145921,90,0.05555555555555555
1580711101205523695,90,0.4888888888888889
1580760541725574594,90,0.0
1580763548383096363,90,1.0
1580765018774847478,90,0.13333333333333333
1580780748537675596,90,0.9111111111111111
1580804082742533721,90,0.5
1580831559286595737,90,0.13333333333333333
1580833618779097465,90,1.0
1580835450610618145,90,0.6888888888888889
1580835864591348703,90,1.0
1580862254623558405,90,1.0
1580875915320767458,90,1.0
1580876324781772249,90,0.5555555555555556
1580876551210043684,90,0.0
1580893050877450512,90,0.0
1580926688589163627,90,0.4111111111111111
1580982424999400456,90,0.8333333333333334
1581035143844822121,90,0.45555555555555555
1581068905595584581,90,1.0
1581132640356030442,90,0.0
1581134705227201950,90,0.9111111111111111
1581361606148958989,90,0.28888888888888886
1581392682388246159,90,0.8444444444444444
1581404114812178385,90,1.0
1581451154307894935,90,1.0
1581464783008175582,90,1.0
1581484936012722044,90,0.6
1581500633234413029,90,0.32222222222222224
1581530570870962287,90,0.0
1581553157296383690,90,1.0
1581566200188476357,90,0.8
1581608655649415175,90,0.022222222222222223
1581635637811735531,90,0.7
1581644468179607008,90,1.0
1581681818810672808,90,0.1111111111111111
1581685488311198719,90,1.0
1581736035995790867,90,0.05555555555555555
1581754031059441947,90,0.0
1581778917514618712,90,1.0
1581792804427493283,90,1.0
1581811143776035679,90,0.14444444444444443
1581816591984290983,90,0.03333333333333333
1581821022000781100,90,0.1
1581834595318822038,90,1.0
1581847087634389371,90,1.0
1582104599256651661,90,0.2222222222222222
1582127837046839724,90,0.1111111111111111
1582156093712766588,90,0.8888888888888888
1582166049541714361,90,0.2111111111111111
1582169158431171591,90,0.25555555555555554
1582183983538394368,90,1.0
1582187611378222070,90,0.28888888888888886
1582201847163292181,90,0.36666666666666664
1582206936466838489,90,0.23333333333333334
1582217746665182672,90,1.0
1582237518176979620,90,0.8
1582255391542437089,90,1.0
1582270209169329233,90,0.6333333333333333
1582275516472647161,90,0.15555555555555556
1582295418596371352,90,1.0
1582297080303472373,90,0.6555555555555556
1582297931568231956,90,0.5333333333333333
1582306173364146513,90,0.2
1582307359556047725,90,0.9888888888888889
1582315004589391087,90,0.13333333333333333
1582329433525791630,90,0.0
1582329901636345810,90,0.8444444444444444
1582383650801346928,90,0.1
1582413657968703061,90,0.12222222222222222
1582448611515717568,90,0.2222222222222222
1582457180288047641,90,0.05555555555555555
1582458870594859345,90,0.3
1582466186478044241,90,1.0
1582470176181557035,90,1.0
1582521763284731337,90,0.2111111111111111
1582542120097636321,90,1.0
1582543790998728434,90,0.6888888888888889
1582560290015699896,90,1.0
1582611243279066314,90,0.9
1582630899723667051,90,0.23333333333333334
1582634359913914837,90,1.0
1582640696204763290,90,0.2777777777777778
1582882622274918993,90,1.0
1582884659039988794,90,0.0
1582912595405569340,90,0.4444444444444444
1582928445428156551,90,1.0
1582934006253250577,90,1.0
1582942882205659418,90,1.0
1582951354549081332,90,0.07777777777777778
1582987964923456304,90,0.3
1583011952044696086,90,0.17777777777777778
1583022876915689301,90,0.7111111111111111
1583111003620107039,90,0.8777777777777778
1583125914114444406,90,1.0
1583144477794937049,90,0.5555555555555556
1583177086759671366,90,0.9666666666666667
1583208145360356703,90,0.06666666666666667
1583221573294772253,90,0.16666666666666666
1583274027942277441,90,0.18888888888888888
1583276424333853131,90,1.0
1583282167031468701,90,1.0
1583286988282460964,90,1.0
1583300360280454152,90,1.0
1583309575232449718,90,1.0
1583332971984862573,90,0.7666666666666667
1583554356578840718,90,1.0
1583651550316287075,90,0.32222222222222224
1583661464311240442,90,0.2777777777777778
1583823767899437091,90,0.07777777777777778
1583833637601478499,90,0.24444444444444444
1583849895088918111,90,0.5777777777777777
1583872905021673997,90,0.4111111111111111
1583904962878315674,90,0.011111111111111112
1583914014780659063,90,0.13333333333333333
1583954064275555467,90,1.0
1584022540529794193,90,0.8666666666666667
1584065024129615685,90,0.08888888888888889
1584065792177187283,90,0.37777777777777777
1584296398895760256,90,1.0
1584374819039287765,90,0.9333333333333333
1584478566423353043,90,0.6444444444444445
1584511729250408927,90,1.0
1584616239979703561,90,0.0
1584630278018717256,90,0.5333333333333333
1584642566828155653,90,0.05555555555555555
1584686563788408498,90,0.5111111111111111
1584689635450050893,90,0.16666666666666666
1584744780395183919,90,0.0
1584744816743022384,90,1.0
1584753340130876374,90,1.0
1584766206895126915,90,0.011111111111111112
1584766963086778405,90,1.0
1584860769312847154,90,0.0
1584933379633326947,90,0.35555555555555557
1585018511309336532,90,0.0
1585058730346441038,90,0.0
1585091190261665215,90,0.18888888888888888
1585101460137113753,90,0.4222222222222222
1585128179908111803,90,0.15555555555555556
1585154954913172980,90,0.35555555555555557
1585197104215312763,90,0.6555555555555556
1585214926613560776,90,0.08888888888888889
1585214952831323093,90,0.13333333333333333
1585228211331030103,90,0.13333333333333333
1585240630805111448,90,0.28888888888888886
1585314626707178474,90,0.6444444444444445
1585360003367404205,90,0.0
1585375249789126716,90,0.3333333333333333
1585388483176886180,90,0.37777777777777777
1585397700960682688,90,0.1
1585436004760790695,90,0.26666666666666666
1585453070318476872,90,0.6111111111111112
1585466148454802105,90,0.03333333333333333
1585484017257335248,90,0.4888888888888889
1585771209684187622,90,0.14444444444444443
1585823706575058503,90,1.0
1585844539477915720,90,0.5
1585849470307634102,90,0.022222222222222223
1585912088271313059,90,1.0
1585920536927244479,90,0.3333333333333333
1586017998095065059,90,0.7111111111111111
1586029695385984468,90,1.0
1586047128669410663,90,0.4666666666666667
1586089688024391337,90,0.9888888888888889
1586110298237764725,90,0.5666666666666667
1586164667227785526,90,0.6333333333333333
1586167313108997654,90,0.13333333333333333
1586168513859613956,90,0.011111111111111112
1586183270833778485,90,0.13333333333333333
1586558327030718177,90,0.2777777777777778
1586569617980635145,90,0.7222222222222222
1586573654753976035,90,0.35555555555555557
1586585575607435674,90,1.0
1586626927257687745,90,0.0
1586642252600220381,90,0.06666666666666667
1586651495020377871,90,0.0
1586666921003922041,90,0.0
1586715776749851528,90,0.5111111111111111
1586716250972830273,90,1.0
1586755488778815664,90,0.3888888888888889
1586775839929442003,90,0.35555555555555557
1586775843582921135,90,0.3333333333333333
1586795171349138235,90,0.13333333333333333
1586799204945579268,90,0.13333333333333333
1586840089203542298,90,0.37777777777777777
1586889209400983269,90,0.5222222222222223
1586916165047383139,90,1.0
1586921478350615016,90,0.13333333333333333
1586952792623980266,90,0.8444444444444444
1587020047280120690,90,0.2777777777777778
1587062289593112918,90,0.3333333333333333
1587098863202508133,90,0.6777777777777778
1587221684227590855,90,0.5888888888888889
1587343362640036493,90,0.0
1587353779705659987,90,1.0
1587477658491040414,90,0.03333333333333333
1587484920898854127,90,0.0
1587532631536723132,90,0.9888888888888889
1587559153090635151,90,0.5222222222222223
1587587734824162038,90,0.0
1587588480061513913,90,0.9333333333333333
1587671587977166064,90,0.4111111111111111
1587672937079703669,90,0.044444444444444446
1587702107173902916,90,0.6555555555555556
1587874927749459768,90,1.0
1588067737270266271,90,0.03333333333333333
1588183428670002381,90,1.0
1588188060953771083,90,0.0
1588216838890793719,90,0.1
1588252683763988378,90,1.0
1588777247276185525,90,1.0
1588872719907139384,90,0.24444444444444444
1588887857416762873,90,0.6333333333333333
1588954781673708882,90,1.0
1588958766277525836,90,0.34444444444444444
1589037872717251324,90,1.0
1589045687468354179,90,0.1
1589330817653394193,90,0.7222222222222222
1589437989632645595,90,0.17777777777777778
1589453454065486643,90,1.0
1589526013476433123,90,1.0
1589572309853192057,90,0.9888888888888889
1589587585314337931,90,0.13333333333333333
1589590835502733826,90,0.32222222222222224
1589643863437373745,90,0.7
1589693911802944908,90,0.5444444444444444
1589708261088480238,90,0.26666666666666666
1589739866495053013,90,0.0
1589824747237474710,90,0.9555555555555556
1590156804864517438,90,1.0
1590186554714378391,90,1.0
1590220495476387592,90,0.7444444444444445
1590257920752198486,90,0.1111111111111111
1590258515144587509,90,0.37777777777777777
1590559544830968392,90,0.24444444444444444
1590944608545530782,90,0.18888888888888888
1590972278820271815,90,0.5333333333333333
1591059538492170659,90,0.1
1591063335507867123,90,0.12222222222222222
1591074794835502084,90,0.07777777777777778
1591083535236490208,90,1.0
1591093556300835719,90,0.3333333333333333
1591157228888932103,90,0.2
1591165135407282114,90,0.8333333333333334
1591194755915408314,90,0.43333333333333335
1591243819269441572,90,0.23333333333333334
1591355003805386806,90,0.18888888888888888
1591632332479454486,90,0.0
1591633053875184311,90,0.011111111111111112
1591633747369408411,90,0.2222222222222222
1591634319894606263,90,0.044444444444444446
1591634874108615657,90,0.1111111111111111
1591635434628292511,90,0.1111111111111111
1591648868489314063,90,0.13333333333333333
1591694867383689077,90,0.6333333333333333
1591699470160603878,90,0.14444444444444443
1591727150092208227,90,0.05555555555555555
1591737894389933356,90,0.6333333333333333
1591757907982419231,90,0.28888888888888886
1591762143677811005,90,0.1
1591762429977800192,90,0.6555555555555556
1591803638924170152,90,0.8888888888888888
1591844485281099256,90,0.1111111111111111
1591875613483239367,90,0.36666666666666664
1591915294635323923,90,0.32222222222222224
1591933837002101528,90,0.13333333333333333
1591942966969759228,90,0.17777777777777778
1591987787661215096,90,1.0
1591993916323444610,90,0.4222222222222222
1592218896480588777,90,0.4222222222222222
1592291564331485838,90,1.0
1592316172564789896,90,0.0
1592349417514541057,90,1.0
1592380213415791290,90,0.8111111111111111
1592397891716844352,90,0.7444444444444445
1592462920332888576,90,1.0
1592477432730501593,90,1.0
1592492630044669778,90,1.0
1592492699154564613,90,0.1
1592614597267440113,90,0.6333333333333333
1592695640763637410,90,0.06666666666666667
1592706220858507071,90,0.2111111111111111
1592725115458853524,90,0.16666666666666666
1592772328691530094,90,0.2
1592808225919138333,90,0.2
1592834619493148446,90,0.17777777777777778
1592995399650281730,90,0.8444444444444444
1593024127055215087,90,0.13333333333333333
1593024728171159257,90,0.3111111111111111
1593031915227656411,90,0.9222222222222223
1593106424904791483,90,0.18888888888888888
1593118973257308639,90,1.0
1593119568702218823,90,0.5222222222222223
1593142932960060487,90,0.3
1593155334331656745,90,1.0
1593158746554661909,90,0.011111111111111112
1593165978001351753,90,0.07777777777777778
1593169191849329810,90,0.7666666666666667
1593178450310775672,90,0.13333333333333333
1593182580741421173,90,1.0
1593182597935453233,90,0.6333333333333333
1593262437892536274,90,1.0
1593275038180776401,90,0.34444444444444444
1593277974528695442,90,0.1
1593335759358808192,90,0.2
1593385575953877972,90,0.5
1593673752952362646,90,1.0
1593689943955247373,90,0.7888888888888889
1593697068734737168,90,0.0
1593800031025725306,90,0.1
1593839676385401869,90,0.3888888888888889
1593841078602326064,90,0.5555555555555556
1593841509339504728,90,0.05555555555555555
1593841799661093436,90,0.0
1593842105549462769,90,0.0
1593842450356301624,90,0.022222222222222223
1593845012435989502,90,0.26666666666666666
1593846343747526577,90,1.0
1593860757363668556,90,1.0
1593865329696259593,90,0.23333333333333334
1593883903422308744,90,0.4111111111111111
1593895028870730052,90,1.0
1593900267288897608,90,0.6111111111111112
1593939999521665036,90,0.9555555555555556
1594066376427183382,90,0.1
1594175302719628521,90,0.3
1594354400274114538,90,0.1
1594474002885761691,90,0.1
1594523278281749264,90,0.022222222222222223
1594694871812875121,90,0.4777777777777778
1594705435621871438,90,0.7333333333333333
1594708603394935115,90,0.17777777777777778
1594716534132331482,90,0.8444444444444444
1594727592447418376,90,1.0
1594728775053673056,90,0.23333333333333334
1594772038765785415,90,0.5555555555555556
1594828784567103601,90,0.7
1594837139492756857,90,0.05555555555555555
1594886020120908726,90,0.35555555555555557
1594899404349320073,90,1.0
1594915223230741435,90,1.0
1595130246159264308,90,0.0
1595152088500277807,90,0.7222222222222222
1595160364521426985,90,0.23333333333333334
1595284877237001868,90,0.0
1595286925188355773,90,0.7
1595295900257865405,90,0.08888888888888889
1595307954221931069,90,0.9777777777777777
1595308725938009191,90,0.6666666666666666
1595313855388412205,90,0.7
1595507413015354254,90,0.26666666666666666
1595548312290951640,90,1.0
1596009213416652006,90,0.8333333333333334
1596009629653836526,90,0.0
1596128937356790944,90,0.16666666666666666
1596153196959742940,90,0.0
1596243545879856327,90,0.16666666666666666
1596274108991060199,90,0.044444444444444446
1596352820392104171,90,1.0
1596376155616283190,90,0.05555555555555555
1596419454238558779,90,0.3111111111111111
1596476281958120740,90,0.0
1596490222084969046,90,0.0
1596668525531139580,90,0.0
1596720933235165800,90,0.9777777777777777
1596722283892900770,90,1.0
1596765139242730637,90,1.0
1596766486291225688,90,0.6555555555555556
1596780930090830888,90,0.08888888888888889
1596783592285592485,90,0.0
1596856889251027861,90,0.6222222222222222
1596859227756428408,90,0.24444444444444444
1596860167339008175,90,0.3333333333333333
1596890728176579541,90,0.03333333333333333
1596984913007445467,90,0.0
1597313320765759386,90,0.5555555555555556
1597381726205451115,90,0.4
1597408357671394669,90,0.4222222222222222
1597419886661807888,90,0.1111111111111111
1597486374777300878,90,0.23333333333333334
1597535907088636652,90,0.0
1597539068082231009,90,0.32222222222222224
1597597493620594187,90,0.5666666666666667
1597610775945500469,90,0.0
1597642469565206897,90,0.28888888888888886
1597646331176741061,90,0.5333333333333333
1597646485215406137,90,0.35555555555555557
1597658835275091240,90,0.044444444444444446
1597675373218108656,90,0.5
1597683855549857473,90,0.022222222222222223
1597771686551805750,90,0.011111111111111112
1597773568402954249,90,0.0
1597785408626665392,90,0.0
1597798510913728398,90,0.4777777777777778
1597809914065132888,90,0.0
1597815165822075624,90,0.17777777777777778
1597830509707045385,90,0.0
1597840702190788583,90,0.0
1597884751205819237,90,0.0
1597885401659458674,90,0.0
1597885925259417423,90,0.0
1597886746832175190,90,0.0
1597887630591741949,90,0.0
1597888137463875724,90,0.17777777777777778
1598014472347662427,90,0.1111111111111111
1598042825976264291,90,1.0
1598117211175356884,90,0.8888888888888888
1598128031111972621,90,0.05555555555555555
1598161193620455294,90,0.34444444444444444
1598198201348872072,90,0.8555555555555555
1598227821370153812,90,0.12222222222222222
1598244471921090156,90,0.7
1598255429058345332,90,0.13333333333333333
1598276653328401159,90,0.0
1598309907452511405,90,0.7
1598317272254618052,90,0.15555555555555556
1598322068208836695,90,0.7
1598322914159977918,90,0.14444444444444443
1598323650037110677,90,0.7666666666666667
1598353817128987449,90,0.12222222222222222
1598355562234002026,90,0.044444444444444446
1598376672752148896,90,0.0
1598409384402444653,90,0.17777777777777778
1598435025924270059,90,1.0
1598493525710163948,90,0.4777777777777778
1598705262001821848,90,0.36666666666666664
1598730275981146471,90,0.011111111111111112
1598914802227248594,90,1.0
1598940161446054331,90,1.0
1599008710998137606,90,0.7111111111111111
1599018619887834545,90,0.022222222222222223
1599042156409838254,90,0.4222222222222222
1599076151662135293,90,0.5222222222222223
1599166468901545791,90,0.0
1599182615299008803,90,0.16666666666666666
1599185834789264401,90,0.18888888888888888
1599202358832718570,90,0.05555555555555555
1599216709805631071,90,1.0
1599521732834230178,90,0.7555555555555555
1599567778998943773,90,1.0
1599640870601581188,90,0.4777777777777778
1599678759358576606,90,1.0
1599738808414575654,90,0.2777777777777778
1599753159460595414,90,0.25555555555555554
1599787465778385975,90,0.0
1599791111279555803,90,0.5666666666666667
1599800534801667820,90,0.022222222222222223
1599842959051787100,90,0.6333333333333333
1599847579275897261,90,0.0
1599856905982758138,90,0.1
1599925341440725949,90,0.37777777777777777
1599944038449685453,90,0.13333333333333333
1599948304217313347,90,0.24444444444444444
1600114862950232376,90,0.0
1600215603592567233,90,0.13333333333333333
1600284106725545539,90,0.022222222222222223
1600357957307873016,90,0.6333333333333333
1600398188869790533,90,1.0
1600448714049614918,90,0.0
1600534370725044282,90,1.0
1600538194142767122,90,0.26666666666666666
1600555364879645702,90,0.7
1600566583161944565,90,1.0
1600566583434508881,90,1.0
1600566641638279999,90,1.0
1600570494150225251,90,0.1111111111111111
1600587111678093042,90,0.0
1600598014716593932,90,0.24444444444444444
1600643731642236304,90,1.0
1600746567713936052,90,0.8666666666666667
1600752206865575981,90,1.0
1600762488354308518,90,0.8666666666666667
1600763939563384049,90,0.8666666666666667
1600767261813708521,90,0.9
1600772039325531263,90,0.8666666666666667
1600773716076149138,90,0.8666666666666667
1601000397643836745,90,0.2222222222222222
1601009377047290201,90,0.6222222222222222
1601030881487852630,90,0.2
1601047043768381974,90,0.43333333333333335
1601051540004647409,90,0.0
1601111110243478395,90,0.3
1601132209218883540,90,0.3111111111111111
1601176974241987163,90,0.0
1601219533101626253,90,0.7777777777777778
1601227597933843133,90,1.0
1601227625200887611,90,0.1111111111111111
1601256067115829090,90,0.0
1601291960202007495,90,0.28888888888888886
1601342463832767410,90,0.32222222222222224
1601345654187893323,90,0.022222222222222223
1601371451401853888,90,1.0
1601400288204722034,90,0.08888888888888889
1601470653707652854,90,0.18888888888888888
1601476452477676339,90,0.5333333333333333
1601500456271422825,90,0.5222222222222223
1601717326756740822,90,0.0
1601788473376058957,90,0.5333333333333333
1601829699103435697,90,0.05555555555555555
1601878996874535474,90,0.4111111111111111
1601942069420226726,90,0.03333333333333333
1601971568266594502,90,0.8
1602012596423158667,90,0.5111111111111111
1602036533210587245,90,0.13333333333333333
1602449941468489091,90,0.13333333333333333
1602452059625753895,90,0.25555555555555554
1602461907009884764,90,0.1
1602471662270490737,90,0.5777777777777777
1602474318375804196,90,0.3
1602498398983652280,90,1.0
1602499559729412288,90,0.13333333333333333
1602520423601812650,90,0.2111111111111111
1602520459645799847,90,0.3333333333333333
1602522408203906097,90,0.34444444444444444
1602523610392258722,90,0.4444444444444444
1602627230455934842,90,0.03333333333333333
1602653917476780557,90,0.0
1602666385931149951,90,1.0
1602761276093763967,90,0.2
1602764299853204684,90,0.32222222222222224
1602806819541853306,90,0.022222222222222223
1603207347087875978,90,0.14444444444444443
1603240602240673227,90,0.35555555555555557
1603283004499747273,90,0.2222222222222222
1603293191033968298,90,0.07777777777777778
1603301903480810622,90,0.011111111111111112
1603314578262037912,90,0.4222222222222222
1603351635051119223,90,0.3333333333333333
1603377466222123077,90,0.36666666666666664
1603393973339460978,90,0.0
1603404711303811456,90,0.5333333333333333
1603408984253127725,90,0.0
1603435336260090507,90,0.8222222222222222
1603458750223082426,90,0.17777777777777778
1603486471398683144,90,0.022222222222222223
1603514795489175000,90,0.3888888888888889
1603531196394165621,90,0.06666666666666667
1603537307867036436,90,0.34444444444444444
1603575100391668279,90,0.0
1603605996660624217,90,0.18888888888888888
1603699220538692622,90,1.0
1603919464112834269,90,0.12222222222222222
1603922536039310625,90,0.13333333333333333
1603944736539670200,90,0.24444444444444444
1603960888513545421,90,0.4777777777777778
1603968032359029212,90,0.5444444444444444
1604088915100295316,90,0.7444444444444445
1604111478295174817,90,0.5666666666666667
1604116954341151854,90,0.0
1604116967776392941,90,0.8
1604186874194934025,90,1.0
1604195275176567720,90,1.0
1604292281465187689,90,0.03333333333333333
1604335257327570208,90,0.07777777777777778
1604513839837755142,90,0.0
1604626324953300336,90,0.12222222222222222
1604712365799124395,90,0.24444444444444444
1604727876244286896,90,0.18888888888888888
1604731495183937386,90,0.4444444444444444
1604775185695167065,90,0.022222222222222223
1604799302859289976,90,0.4444444444444444
1604894128965295468,90,0.0
1604915806941251630,90,0.7777777777777778
1604948425014101492,90,0.28888888888888886
1605022506328924127,90,0.12222222222222222
1605250654828974914,90,0.4666666666666667
1605400764212957710,90,0.13333333333333333
1605485201431418557,90,0.6111111111111112
1605523567519722160,90,0.0
1605526039195326275,90,1.0
1605542326357235524,90,0.044444444444444446
1605556367879585000,90,0.022222222222222223
1605572946559665037,90,0.0
1605607925060061862,90,0.18888888888888888
1605678934026069161,90,0.9111111111111111
1605746358826855287,90,0.13333333333333333
1605755100358049799,90,0.7111111111111111
1605799558380456439,90,1.0
1606155297943452679,90,0.4777777777777778
1606228799673653334,90,0.0
1606307550488902295,90,1.0
1606404057127804149,90,0.2222222222222222
1606558222314185981,90,0.011111111111111112
1606566066883543193,90,0.26666666666666666
1606932356325867480,90,0.13333333333333333
1606934260253684787,90,0.9888888888888889
1606974611312377415,90,1.0
1607164016716761500,90,0.7777777777777778
1607245017291673925,90,0.4111111111111111
1607400250552988999,90,0.4777777777777778
1607571210911632321,90,0.0
1607577881927807837,90,0.12222222222222222
1607617402341672910,90,0.7444444444444445
1607620893520769461,90,0.28888888888888886
1607627730594322277,90,0.0
1607661155780397279,90,0.5777777777777777
1607709613918279005,90,0.8555555555555555
1607710140674465040,90,0.0
1607728226794443801,90,0.3888888888888889
1607740906570008850,90,1.0
1607805701581300322,90,1.0
1607857636539911782,90,0.03333333333333333
1608233668517533202,90,0.044444444444444446
1608254089399261026,90,0.5111111111111111
1608298385926466764,90,0.5444444444444444
1608310446429363651,90,0.2777777777777778
1608365305674628994,90,0.05555555555555555
1608368521737296770,90,1.0
1608420124698090436,90,0.9
1608430751768108063,90,0.8111111111111111
1608443805576836592,90,0.2111111111111111
1608509585596431617,90,0.8111111111111111
1608592907229248136,90,0.16666666666666666
1608634376683157669,90,0.7777777777777778
1608971900901842358,90,0.5555555555555556
1609000534721593487,90,0.17777777777777778
1609071506643120706,90,0.011111111111111112
1609087624269449327,90,0.7444444444444445
1609118395936657218,90,0.4
1609158906870206499,90,0.0
1609263033604870027,90,1.0
1609301741377939377,90,0.5555555555555556
1609317458583805944,90,0.8888888888888888
1609344171307013664,90,0.011111111111111112
1609389034621917951,90,0.03333333333333333
1609391969573271923,90,0.0
1609394159256202486,90,0.044444444444444446
1609475300363644212,90,0.24444444444444444
1609497526625160630,90,0.0
1609688245464241642,90,0.011111111111111112
1609779317060635083,90,0.13333333333333333
1609788192262301314,90,0.37777777777777777
1609808137490109616,90,0.9444444444444444
1609835550899104064,90,0.03333333333333333
1609845138304734441,90,1.0
1609853164498724425,90,0.26666666666666666
1609865866739059449,90,0.15555555555555556
1609878841123237262,90,0.03333333333333333
1609887331070271753,90,0.0
1609909263186617804,90,0.3111111111111111
1609909938315298706,90,0.25555555555555554
1609941366317034123,90,0.4888888888888889
1609987728820576784,90,0.2777777777777778
1610000537951933129,90,1.0
1610002572157983025,90,0.2111111111111111
1610034253609786300,90,1.0
1610129279902269851,90,1.0
1610177526106650648,90,0.17777777777777778
1610198069781502177,90,0.43333333333333335
1610456657828439058,90,1.0
1610525463218234100,90,0.0
1610553797463181208,90,1.0
1610570003902105816,90,0.4888888888888889
1610620006537579256,90,0.0
1610626302305436159,90,0.06666666666666667
1610758502897736999,90,0.6111111111111112
1610858419095347656,90,0.26666666666666666
1611248787504422653,90,0.35555555555555557
1611274258121065677,90,0.0
1611274988796671745,90,0.6222222222222222
1611282471543562448,90,0.28888888888888886
1611318239047170215,90,0.28888888888888886
1611399397874863326,90,0.13333333333333333
1611439736586185407,90,0.2222222222222222
1611443405599632600,90,0.5
1611533958085714753,90,0.8888888888888888
1611820817922720745,90,0.12222222222222222
1611855899629214501,90,1.0
1611916485120133103,90,0.1
1611916486313970433,90,0.9777777777777777
1611918079187871842,90,1.0
1611933320342264852,90,0.8777777777777778
1611943684436408013,90,0.6
1612002895471625681,90,0.7555555555555555
1612009910918088702,90,0.03333333333333333
1612014143693289069,90,0.3111111111111111
1612035479966752307,90,0.24444444444444444
1612042055523281426,90,0.15555555555555556
1612056003469336565,90,0.0
1612059988682294925,90,1.0
1612138467055222811,90,0.23333333333333334
1612156519993715608,90,0.5
1612192947615178419,90,0.06666666666666667
1612365122826626318,90,0.4444444444444444
1612374498326440045,90,0.2111111111111111
1612501475581906578,90,0.36666666666666664
1612533595443086028,90,0.8111111111111111
1612691507987411833,90,0.6333333333333333
1612737664539926422,90,0.2
1612753357224288324,90,0.03333333333333333
1612800384824839983,90,0.45555555555555555
1612923100001699200,90,0.6444444444444445
1612938631067926537,90,0.05555555555555555
1612939254589953312,90,0.13333333333333333
1612944691475908479,90,0.37777777777777777
1612947449169306423,90,0.0
1613033763186811755,90,0.6666666666666666
1613249096274105654,90,0.0
1613256905417564005,90,0.0
1613371064179013408,90,0.32222222222222224
1613392211940815822,90,0.6333333333333333
1613446765995622674,90,0.8
1613448432297352985,90,0.0
1613449440456338467,90,0.0
1613465554066317988,90,0.37777777777777777
1613535968217699066,90,0.03333333333333333
1613540477649227168,90,0.7111111111111111
1613554057127767520,90,0.0
1613560960865255624,90,0.07777777777777778
1613561130872854759,90,0.17777777777777778
1613565249044763587,90,0.0
1613575305594189629,90,0.5333333333333333
1613637817287465752,90,0.24444444444444444
1613647536927913879,90,0.2222222222222222
1613651185343410564,90,0.6777777777777778
1613664919727907219,90,0.6333333333333333
1613706222860261047,90,0.36666666666666664
1613710095480601065,90,0.03333333333333333
1614087761238446256,90,0.12222222222222222
1614136098116483956,90,0.06666666666666667
1614137690331342828,90,0.6555555555555556
1614141621347596183,90,0.0
1614151183668766933,90,1.0
1614165548281570868,90,0.03333333333333333
1614205625624655940,90,0.7555555555555555
1614219611559454045,90,0.37777777777777777
1614240454384081755,90,0.5222222222222223
1614299612706868641,90,0.9222222222222223
1614343829852998289,90,0.7222222222222222
1614358978169520336,90,0.0
1614392113064903462,90,0.2
1614397224960835838,90,0.25555555555555554
1614755611496558982,90,1.0
1614759188403235808,90,0.4
1614776549591067207,90,0.0
1614826958021771528,90,0.3
1614838002102867713,90,0.26666666666666666
1614847194885237567,90,1.0
1614852054671370485,90,0.0
1614853725064054925,90,0.15555555555555556
1614870473659360844,90,1.0
1614919413996452942,90,0.03333333333333333
1614935257694068472,90,0.03333333333333333
1614940559401833339,90,1.0
1614941739728387917,90,0.022222222222222223
1614972982907292548,90,0.7444444444444445
1614988665539032123,90,0.28888888888888886
1615003922413164137,90,0.7555555555555555
1615009907790886961,90,0.23333333333333334
1615037740170585650,90,0.4777777777777778
1615092439522309971,90,0.36666666666666664
1615104793708044707,90,0.16666666666666666
1615114194383470240,90,0.0
1615149374551782160,90,0.0
1615160029351735078,90,0.14444444444444443
1615177983916064964,90,0.4666666666666667
1615301892610188864,90,0.45555555555555555
1615478145685869429,90,0.32222222222222224
1615486668866354226,90,0.0
1615582180480599721,90,0.0
1615600977377577258,90,0.05555555555555555
1615697905180093549,90,0.9666666666666667
1615725938380708275,90,0.5444444444444444
1615770196750946630,90,0.3
1615826352311109637,90,1.0
1616000184880669375,90,0.14444444444444443
1616122586009005854,90,0.13333333333333333
1616133972622381717,90,0.0
1616198312632020810,90,0.4444444444444444
1616246130160785255,90,0.03333333333333333
1616253266326871828,90,0.13333333333333333
1616262140967861994,90,0.022222222222222223
1616266521412449625,90,0.7222222222222222
1616439353890430006,90,0.23333333333333334
1616475060602040111,90,0.1111111111111111
1616475473127726445,90,0.9
1616533926603913441,90,0.1111111111111111
1616553630659487903,90,0.0
1616584199931656979,90,0.1111111111111111
1616589028178264230,90,0.13333333333333333
1616922523161329882,90,0.13333333333333333
1617078287586771628,90,0.4111111111111111
1617132867686330258,90,0.0
1617140937515985489,90,0.03333333333333333
1617150562658697563,90,0.23333333333333334
1617186499406779923,90,0.5888888888888889
1617207157338463603,90,0.2111111111111111
1617247726873538005,90,0.6222222222222222
1617254496169092775,90,0.2111111111111111
1617264109752601163,90,0.0
1617273242971835073,90,0.7333333333333333
1617291056023794375,90,0.36666666666666664
1617302196095062083,90,1.0
1617472283757491405,90,0.05555555555555555
1617483671073821782,90,0.3
1617714163648524865,90,0.0
1617758028686922202,90,0.6888888888888889
1617783853093166422,90,0.14444444444444443
1617836571316567717,90,0.4777777777777778
1617953863320697897,90,0.36666666666666664
1617972755052803809,90,0.7333333333333333
1617996769500636687,90,0.23333333333333334
1618051397887791202,90,0.5777777777777777
1618061871168764064,90,0.4444444444444444
1618262483401869473,90,0.0
1618351692358959688,90,0.05555555555555555
1618392444095125086,90,0.2
1618405692007718873,90,0.06666666666666667
1618424350310798169,90,0.03333333333333333
1618430768570234767,90,0.4666666666666667
1618470879937527428,90,1.0
1618481879057396284,90,0.0
1618490328427111451,90,0.0
1618511653400517680,90,0.8888888888888888
1618566161869063636,90,0.022222222222222223
1618573727221232431,90,0.34444444444444444
1618579236861728369,90,0.4777777777777778
1618642658939428425,90,0.07777777777777778
1618664960416228976,90,0.07777777777777778
1618707050194882991,90,0.2777777777777778
1618758131824768107,90,1.0
1618785472296762558,90,0.14444444444444443
1618872476201016612,90,0.14444444444444443
1618959687635026210,90,0.5
1619113760968883688,90,0.35555555555555557
1619204736794115200,90,0.0
1619215653238671876,90,0.17777777777777778
1619246484730362258,90,0.0
1619506689872760734,90,0.13333333333333333
1619536179279978844,90,0.1111111111111111
1619700721709805379,90,0.3
1619783541214894088,90,0.0
1619825636396163658,90,0.2222222222222222
1619825951848829390,90,0.05555555555555555
1620013172127906161,90,0.0
1620040364026592346,90,0.5777777777777777
1620062488947406568,90,0.28888888888888886
1620071123019071160,90,0.7666666666666667
1620073056887928768,90,0.43333333333333335
1620073986012796146,90,0.0
1620101709999355427,90,0.36666666666666664
1620119529170107725,90,0.18888888888888888
1620171724467758076,90,0.4111111111111111
1620191321134674977,90,0.18888888888888888
1620249520767184430,90,1.0
1620562496846212105,90,0.9888888888888889
1620584688322273596,90,0.03333333333333333
1620590501438124138,90,0.13333333333333333
1620622159941717472,90,0.23333333333333334
1620640106288838965,90,0.08888888888888889
1620651330652703371,90,0.06666666666666667
1620675876561711552,90,0.4222222222222222
1620681705129055916,90,0.4222222222222222
1620743031080121111,90,0.8888888888888888
1620744081985744112,90,0.0
1620771645394706066,90,0.14444444444444443
1621027885440639941,90,0.03333333333333333
1621439865562557222,90,0.2222222222222222
1621462549504751715,90,0.6444444444444445
1621539498100839734,90,0.0
1621549499897864391,90,1.0
1621605264956379054,90,0.1111111111111111
1621631223316414550,90,0.14444444444444443
1621640138674758908,90,0.0
1621969889144852130,90,0.0
1622015572683754769,90,1.0
1622033825593947758,90,0.0
1622036951786154140,90,0.06666666666666667
1622053934240407170,90,0.2
1622071182868334088,90,0.4
1622084540667972822,90,0.9111111111111111
1622107469600276446,90,0.5111111111111111
1622139698311771886,90,0.0
1622153515642857739,90,0.0
1622178491839147426,90,0.6777777777777778
1622252305581852180,90,0.5111111111111111
1622325779885115763,90,0.2777777777777778
1622330868561593883,90,0.26666666666666666
1622351019478530601,90,0.0
1622372511561360457,90,0.03333333333333333
1622658471453768999,90,0.24444444444444444
1622782693150624503,90,1.0
1622850720011266207,90,0.022222222222222223
1622895634744529013,90,0.2
1622942779730086959,90,0.022222222222222223
1622978463486815029,90,0.0
1623381418318855601,90,0.0
1623437553780483616,90,0.17777777777777778
1623472867619317195,90,0.3
1623494251253387002,90,0.0
1623513486414920426,90,1.0
1623544507447478127,90,0.0
1623579418645621190,90,0.14444444444444443
1623580272387630914,90,0.16666666666666666
1623646455712222582,90,0.37777777777777777
1623676705911514147,90,0.0
1623743263401000614,90,0.26666666666666666
1623745356099191628,90,0.18888888888888888
1623745476784799052,90,0.32222222222222224
1623747735507795018,90,0.0
1624233315891874529,90,0.5555555555555556
1624245552932728645,90,0.23333333333333334
1624258444592587420,90,0.07777777777777778
1624347692838864076,90,0.06666666666666667
1624362386608251597,90,0.8333333333333334
1624369928678633926,90,0.4666666666666667
1624374973455303154,90,1.0
1624374974632981176,90,0.25555555555555554
1624375965730579071,90,0.6666666666666666
1624375966458880769,90,0.0
1624376486379854939,90,0.08888888888888889
1624376981028227817,90,0.0
1624376981326478656,90,0.0
1624378993800762252,90,0.2222222222222222
1624380511500416575,90,0.1
1624383537525860975,90,0.011111111111111112
1624383538941636941,90,0.9888888888888889
1624386037537784333,90,0.13333333333333333
1624422494079804734,90,0.0
1624439229885516289,90,0.7444444444444445
1624455690052725503,90,0.7777777777777778
1624472149787411522,90,0.5222222222222223
1624472156867580000,90,0.2222222222222222
1624477072081897666,90,0.0
1624850627640039785,90,1.0
1624915821142149930,90,1.0
1624941164850733732,90,0.6
1624941976066383092,90,0.35555555555555557
1624963116805007520,90,0.0
1624965336080564264,90,0.5333333333333333
1625031761309149417,90,0.2777777777777778
1625165620446688652,90,0.2777777777777778
1625262807930294431,90,0.5555555555555556
1625286526212257308,90,0.06666666666666667
1625344333978358279,90,0.4666666666666667
1625570592094201993,90,0.15555555555555556
1625574149294655563,90,0.4777777777777778
1625588908052026957,90,0.044444444444444446
1625713837697398507,90,0.7333333333333333
1625728283222638397,90,0.35555555555555557
1625938358695515461,90,0.07777777777777778
1625943886030200506,90,0.07777777777777778
1625968934703508649,90,0.06666666666666667
1625985378422268430,90,0.13333333333333333
1625992177075554703,90,0.0
1626006792961672391,90,0.13333333333333333
1626044293111969676,90,0.16666666666666666
1626067664441551192,90,0.3
1626108497697632768,90,0.4777777777777778
1626131799415463396,90,0.05555555555555555
1626358054199316594,90,0.35555555555555557
1626387708031009649,90,0.9888888888888889
1626406397408942335,90,0.9222222222222223
1626506608845950603,90,0.8222222222222222
1626607659908523273,90,0.7444444444444445
1626672957827070621,90,1.0
1627007934513992751,90,0.06666666666666667
1627045873089131764,90,0.36666666666666664
1627092408129989908,90,0.13333333333333333
1627109895827174737,90,0.34444444444444444
1627133535307035535,90,1.0
1627162379823762086,90,0.13333333333333333
1627186829715204049,90,0.43333333333333335
1627212071097459470,90,1.0
1627226958519881635,90,0.25555555555555554
1627258787715073857,90,0.15555555555555556
1627267747978057700,90,0.2
1627285073230913623,90,0.03333333333333333
1627300904466700080,90,0.17777777777777778
1627301941140523598,90,0.5222222222222223
1627307517855036804,90,0.6777777777777778
1627310288557981234,90,0.13333333333333333
1627327558554550979,90,0.34444444444444444
1627352664788923873,90,0.6
1627353305010995384,90,0.07777777777777778
1627405786778556854,90,0.0
1627427320686685545,90,0.7222222222222222
1627507776628035630,90,0.0
1627512945451206622,90,0.24444444444444444
1627744429899040477,90,0.0
1627808159624467072,90,0.15555555555555556
1627863502873005725,90,0.35555555555555557
1627889599605877389,90,0.8333333333333334
1627945322988271545,90,0.23333333333333334
1627970104835913441,90,0.36666666666666664
1628124540470252002,90,0.35555555555555557
1628170720263011278,90,0.6888888888888889
1628235062207330634,90,0.45555555555555555
1628235506936648069,90,0.3111111111111111
1628522057804238631,90,0.45555555555555555
1628526624052282070,90,0.0
1628579483706105757,90,0.03333333333333333
1628599328058380568,90,0.7444444444444445
1628655619142519123,90,0.23333333333333334
1628740801650837357,90,0.0
1628762759860287269,90,0.26666666666666666
1628812202007306745,90,0.044444444444444446
1628837002585567012,90,0.2
1628837764400392667,90,0.6222222222222222
1628839491454589597,90,0.35555555555555557
1628861906453197599,90,0.4777777777777778
1628865360680784885,90,0.13333333333333333
1628913480910030564,90,0.18888888888888888
1628943665878405947,90,0.07777777777777778
1629155590016069749,90,0.26666666666666666
1629252194410771426,90,0.0
1629316041242010174,90,0.17777777777777778
1629322341931136272,90,0.15555555555555556
1629328476213931992,90,0.9777777777777777
1629352508183482939,90,0.2777777777777778
1629358366950479117,90,0.0
1629374187988947137,90,0.03333333333333333
1629376430032870184,90,0.3
1629407716774222685,90,0.0
1629434313323341337,90,0.2
1629438088991826226,90,0.08888888888888889
1629462476152287762,90,0.13333333333333333
1629479182304884022,90,0.3111111111111111
1629499217499005224,90,1.0
1629502673897618893,90,0.4666666666666667
1629511233640854297,90,1.0
1629522195139417467,90,0.0
1629620175056979906,90,0.1111111111111111
1629655842938318783,90,0.4777777777777778
1629751224963591012,90,0.4
1629796765343051931,90,0.0
1629905217330232203,90,0.8888888888888888
1629958221594175716,90,1.0
1630158314230414340,90,0.18888888888888888
1630160571310089496,90,0.7111111111111111
1630184253347115568,90,0.8
1630187156358769459,90,0.18888888888888888
1630305387389181491,90,0.0
1630336073448190389,90,0.7111111111111111
1630347846090780581,90,0.4666666666666667
1630414837633307597,90,0.7666666666666667
1630425406611789492,90,0.0
1630460668020987133,90,0.0
1630635843100075720,90,0.0
1630742840128366019,90,0.06666666666666667
1630778543433761597,90,0.36666666666666664
1630830452607548433,90,0.0
1630898122582084500,90,0.4
1630903897155336795,90,0.12222222222222222
1630923891619019597,90,0.13333333333333333
1630933066259795320,90,0.0
1630937610384770336,90,0.0
1630937633245863820,90,0.13333333333333333
1630939702358646699,90,0.0
1630967975667470172,90,0.044444444444444446
1631012402557947150,90,0.15555555555555556
1631029025109968932,90,0.06666666666666667
1631050143036185763,90,0.36666666666666664
1631066952912094407,90,0.022222222222222223
1631131523953008817,90,0.5333333333333333
1631433042359140436,90,0.13333333333333333
1631450696995923448,90,0.9777777777777777
1631486407461178241,90,0.0
1631613267202038451,90,0.5888888888888889
1631618592136964614,90,0.022222222222222223
1631664724359961178,90,0.8666666666666667
1631667155829210788,90,0.5444444444444444
1631670303148437826,90,0.5222222222222223
1631781970344358217,90,0.0
1631798537109889824,90,0.0
1631799127580797233,90,0.9888888888888889
1631808778249222264,90,0.03333333333333333
1631816760835796903,90,0.23333333333333334
1631818781271549010,90,0.7111111111111111
1631828163812429333,90,0.7111111111111111
1632146687484694730,90,0.6888888888888889
1632189647661355414,90,1.0
1632225686775161976,90,0.2
1632242337572582388,90,0.25555555555555554
1632291811017737338,90,0.9444444444444444
1632309521516767924,90,0.6777777777777778
1632329886622697543,90,0.05555555555555555
1632363992067043707,90,0.6777777777777778
1632383010006095333,90,0.13333333333333333
1632402733599536469,90,0.12222222222222222
1632415458160425787,90,0.5888888888888889
1632456374897377694,90,0.3
1632472965929305279,90,0.0
1632477675733020412,90,0.15555555555555556
1632487694947300292,90,0.16666666666666666
1632495596892724218,90,0.18888888888888888
1632516213411989838,90,0.08888888888888889
1632568754292928306,90,0.25555555555555554
1632874802722023160,90,0.044444444444444446
1632887912364354386,90,0.022222222222222223
1632890442897995112,90,1.0
1632925370182861944,90,0.13333333333333333
1632948414185001902,90,0.1111111111111111
1632957660887055771,90,0.7
1633010270033739170,90,0.13333333333333333
1633054841323601875,90,0.0
1633064977100300261,90,0.3111111111111111
1633075878192678055,90,0.5888888888888889
1633091880846548202,90,0.8666666666666667
1633115744771054604,90,0.7333333333333333
1633119673871086160,90,0.044444444444444446
1633138521282947103,90,1.0
1633145003359049383,90,0.7666666666666667
1633236324018938311,90,0.17777777777777778
1633261262212437497,90,0.05555555555555555
1633297324049184165,90,0.5444444444444444
1633345772857019606,90,0.15555555555555556
1633557900421146564,90,0.28888888888888886
1633608684627350385,90,0.07777777777777778
1633698295937915736,90,0.13333333333333333
1633736261383340525,90,0.14444444444444443
1633784578004311918,90,0.5222222222222223
1633785063013776228,90,0.16666666666666666
1633785638989621735,90,0.0
1633799808994423065,90,0.05555555555555555
1633800419338864999,90,0.4444444444444444
1633800918716486143,90,0.3111111111111111
1633801383729159635,90,0.8666666666666667
1633814032258129792,90,0.0
1633814564983532039,90,0.0
1633815320407309766,90,0.4
1633849534100928472,90,0.3333333333333333
1633864260049611754,90,0.43333333333333335
1634097869380691267,90,0.24444444444444444
1634338474977017469,90,1.0
1634441883918751730,90,0.14444444444444443
1634455512647148409,90,0.0
1634506108274841218,90,0.4111111111111111
1634508466848330521,90,0.1
1634518032463079962,90,0.0
1634518453677740170,90,0.0
1634526638080731623,90,0.25555555555555554
1634543255250057233,90,0.4666666666666667
1634543909238859548,90,0.7666666666666667
1634544464473669973,90,0.0
1634549863324246036,90,0.5333333333333333
1634565576182956524,90,0.5
1634648985045107370,90,0.3
1634649181952605436,90,0.15555555555555556
1634701467387815733,90,0.13333333333333333
1634724742134871087,90,0.6555555555555556
1634741845444365085,90,0.6444444444444445
1634767942094617110,90,0.23333333333333334
1635087647111519718,90,0.24444444444444444
1635109618153180064,90,0.45555555555555555
1635143661446692889,90,0.2111111111111111
1635152950023313912,90,0.8555555555555555
1635162565919438347,90,0.5222222222222223
1635165764103471923,90,0.37777777777777777
1635174022503419875,90,0.07777777777777778
1635205688321564770,90,0.044444444444444446
1635252156603499549,90,0.4111111111111111
1635267586018367547,90,0.0
1635270504894121740,90,0.7555555555555555
1635315612280784859,90,0.6
1635331525774536601,90,0.4
1635379146430503433,90,0.03333333333333333
1635440912576317748,90,0.6
1635499570051790012,90,0.3333333333333333
1635793487795727037,90,1.0
1635831385817129030,90,0.35555555555555557
1635838081026589716,90,0.05555555555555555
1635876799245569825,90,0.45555555555555555
1635887362363559844,90,0.14444444444444443
1635887623330044320,90,0.2777777777777778
1635902177711796302,90,0.06666666666666667
1635906185325999711,90,1.0
1635967872525037896,90,0.6444444444444445
1636022008509137828,90,0.03333333333333333
1636102054414140094,90,0.0
1636108896343853042,90,0.0
1636111171176625081,90,0.0
1636136506439030968,90,0.06666666666666667
1636153358579674183,90,0.15555555555555556
1636172882980294454,90,0.05555555555555555
1636241914823492408,90,0.2
1636468495933549417,90,0.05555555555555555
1636504728078785747,90,0.0
1636598429942874321,90,0.9666666666666667
1636601977903989138,90,0.8888888888888888
1636633611621305662,90,0.32222222222222224
1636643708343960709,90,0.0
1636655894949241714,90,0.2
1636674296186437403,90,0.05555555555555555
1636698293400719924,90,0.13333333333333333
1636766625333972478,90,0.13333333333333333
1636769172807352293,90,0.03333333333333333
1636805358570260546,90,0.32222222222222224
1636829980924064232,90,0.35555555555555557
1636841317546206780,90,0.4222222222222222
1636861721620394018,90,0.14444444444444443
1636899983689593197,90,0.24444444444444444
1637120765757683316,90,0.8888888888888888
1637220785793974921,90,0.044444444444444446
1637248892571054997,90,0.2
1637252520880915182,90,0.044444444444444446
1637263398708920515,90,0.0
1637278508401265663,90,1.0
1637304067406118683,90,0.3888888888888889
1637308669076867966,90,0.0
1637314891514251257,90,0.9111111111111111
1637321153852308570,90,0.8
1637321602574800064,90,0.03333333333333333
1637322009937135646,90,0.8222222222222222
1637322395006001051,90,0.12222222222222222
1637322800420370715,90,0.05555555555555555
1637323259889232694,90,0.08888888888888889
1637346615856535928,90,0.15555555555555556
1637368293392762725,90,0.13333333333333333
1637375347824248697,90,0.36666666666666664
1637380526801958242,90,0.4888888888888889
1637410105706798798,90,0.9222222222222223
1637427012556257168,90,0.28888888888888886
1637432896729188942,90,0.23333333333333334
1637443735715993629,90,0.36666666666666664
1637464200239916820,90,0.6333333333333333
1637525921711270174,90,0.9666666666666667
1637551188415406692,90,0.9777777777777777
1637551411545383899,90,0.7222222222222222
1637557285907260341,90,0.1
1637590632960290256,90,0.8777777777777778
1637612992964151972,90,0.25555555555555554
1637620135958651439,90,0.0
1637632623591898595,90,0.0
1637652978291285409,90,0.3111111111111111
1637900172373087789,90,0.1
1638019321373097178,90,0.15555555555555556
1638021356810911056,90,0.7888888888888889
1638023293231398670,90,0.2222222222222222
1638023800341361397,90,0.7777777777777778
1638038327131864285,90,0.8111111111111111
1638075764150258547,90,0.2
1638076211314104633,90,0.6555555555555556
1638088596712642194,90,0.2777777777777778
1638160531491872942,90,0.9888888888888889
1638193082667121858,90,0.13333333333333333
1638198622118154312,90,0.13333333333333333
1638227470444385168,90,0.5333333333333333
1638232855024733694,90,0.23333333333333334
1638250524239294340,90,0.0
1638259985213034929,90,0.3888888888888889
1638617854371334586,90,1.0
1638708202426263090,90,0.6222222222222222
1638751666805386984,90,0.0
1638762150818296238,90,0.3888888888888889
1638771360718785198,90,0.06666666666666667
1638807668833749650,90,1.0
1638808761195001193,90,0.8
1638841795967844489,90,0.7
1638853842632549250,90,0.18888888888888888
1638863747844805078,90,0.9222222222222223
1638866241961717301,90,0.3111111111111111
1638895914191112996,90,0.0
1638907520153323879,90,0.45555555555555555
1638910640749478284,90,0.25555555555555554
1638959993896945025,90,0.8666666666666667
1638965960954503003,90,0.32222222222222224
1638971706119705108,90,0.32222222222222224
1638996084244356187,90,0.9111111111111111
1638999735384894203,90,0.8444444444444444
1639000394058439075,90,1.0
1639013536471735387,90,0.0
1639034627757211057,90,0.28888888888888886
1639047010406129424,90,0.6333333333333333
1639048895106484306,90,1.0
1639056889241691249,90,1.0
1639060950508141972,90,0.0
1639081477693477117,90,0.08888888888888889
1639446967695051603,90,0.0
1639467500479776195,90,0.8333333333333334
1639523421951343442,90,0.011111111111111112
1639547494251524064,90,0.2111111111111111
1639572711126277267,90,0.4222222222222222
1639593097017513456,90,0.3888888888888889
1639602188949323233,90,0.022222222222222223
1639604969487613052,90,0.022222222222222223
1639606651819620109,90,0.0
1639608447676792485,90,0.0
1639610222327934527,90,0.022222222222222223
1639611915107758015,90,0.0
1639620465703834420,90,0.18888888888888888
1639631186349256781,90,0.17777777777777778
1639658718334141044,90,0.26666666666666666
1639695721481643209,90,0.5111111111111111
1639702114297878931,90,0.03333333333333333
1639742395481065932,90,0.0
1639800795974429719,90,0.05555555555555555
1639808658366594544,90,0.14444444444444443
1639815027205435056,90,0.2222222222222222
1639822773678866632,90,0.17777777777777778
1639939115788971876,90,0.7222222222222222
1640074397929125674,90,0.0
1640140418630555915,90,0.7
1640193204001873380,90,0.03333333333333333
1640219383139809115,90,0.13333333333333333
1640227450872680119,90,0.34444444444444444
1640244038549217197,90,0.32222222222222224
1640259673560507327,90,0.43333333333333335
1640276996706315246,90,0.07777777777777778
1640320053667634447,90,0.07777777777777778
1640347021260209557,90,0.8
1640451656195540151,90,0.3888888888888889
1640454250761253255,90,0.0
1640461497136902050,90,0.0
1640464943590445412,90,0.0
1640469071616280596,90,0.0
1640471255182897471,90,0.0
1640500334879535500,90,0.2222222222222222
1640505360090532584,90,0.15555555555555556
1640514173974978489,90,1.0
1640539461068462459,90,0.23333333333333334
1640566816643309561,90,0.3888888888888889
1640569137424708574,90,0.0
1640621726389074518,90,0.13333333333333333
1640800698719549042,90,1.0
1640938990130315442,90,0.1111111111111111
1640985219136113479,90,0.6777777777777778
1640994730250060968,90,0.3
1641046044480044120,90,0.0
1641098577281147220,90,0.044444444444444446
1641124981177055084,90,0.4111111111111111
1641183927335515706,90,0.5666666666666667
1641202183177864673,90,0.06666666666666667
1641236215358705505,90,0.9888888888888889
1641280046444187655,90,0.5666666666666667
1641300846894294309,90,1.0
1641356607245520477,90,0.022222222222222223
1641369412271435639,90,0.2222222222222222
1641644725417897819,90,0.3333333333333333
1641648966790123354,90,0.36666666666666664
1641750185558480457,90,0.9777777777777777
1641811480578948166,90,0.8111111111111111
1641897971179521286,90,0.0
1641907441415713065,90,0.03333333333333333
1641920467448448259,90,0.03333333333333333
1641942519434112853,90,0.3888888888888889
1642042857779883726,90,0.13333333333333333
1642283528328814049,90,0.0
1642284545238092024,90,0.0
1642303970781594887,90,0.0
1642317729537840639,90,0.2111111111111111
1642330054392819104,90,0.5111111111111111
1642333654824328557,90,0.9444444444444444
1642335846326068078,90,0.14444444444444443
1642390795266127312,90,0.26666666666666666
1642400748144729279,90,0.24444444444444444
1642402865783858984,90,0.43333333333333335
1642442758697599314,90,0.1111111111111111
1642485050647897866,90,0.0
1642485894094999041,90,0.0
1642520764851839462,90,0.0
1642526752568766202,90,0.9777777777777777
1642543863765236236,90,0.13333333333333333
1642579119704279614,90,0.5444444444444444
1642624168122069683,90,1.0
1642625971130196174,90,0.022222222222222223
1642631467244374381,90,0.9111111111111111
1642649003683200095,90,0.0
1642715397407129791,90,0.24444444444444444
1642754799386013428,90,0.022222222222222223
1642759700886120454,90,0.12222222222222222
1642762682876689371,90,0.022222222222222223
1642769720178162844,90,0.23333333333333334
1643111443669294416,90,0.24444444444444444
1643122658222850352,90,0.06666666666666667
1643150670106720522,90,0.8
1643155138056062658,90,0.9
1643160142073939899,90,0.15555555555555556
1643161260697775510,90,0.0
1643162728959838671,90,0.022222222222222223
1643162839226656241,90,0.0
1643183475265349584,90,0.022222222222222223
1643194168322578110,90,0.7222222222222222
1643216192852151881,90,0.2777777777777778
1643224528649292175,90,0.7777777777777778
1643243616457999383,90,0.9555555555555556
1643246294467648281,90,0.0
1643258404526264972,90,0.4666666666666667
1643265920188066476,90,0.23333333333333334
1643272672655741315,90,0.9555555555555556
1643277371698576291,90,0.12222222222222222
1643278386608450244,90,0.16666666666666666
1643283048205364293,90,1.0
1643306616905430207,90,0.18888888888888888
1643324870801117452,90,0.8333333333333334
1643402994851672310,90,0.17777777777777778
1643513559651312073,90,0.2
1643695965774491218,90,0.5777777777777777
1643749133096275358,90,0.14444444444444443
1643759515919438337,90,0.044444444444444446
1643773947428885672,90,0.0
1643811556521211671,90,0.5111111111111111
1643819461564475693,90,0.1
1643903966337173798,90,0.4888888888888889
1643915141730546136,90,0.6
1643943141020805127,90,0.13333333333333333
1643997810937003409,90,0.2
1643999343215102960,90,0.23333333333333334
1644079828100279643,90,0.5111111111111111
1644117885862016313,90,0.13333333333333333
1644506193097117984,90,0.17777777777777778
1644514880489377831,90,0.0
1644548494458292953,90,0.07777777777777778
1644560912722127911,90,0.0
1644584412877206245,90,0.4666666666666667
1644591976779802355,90,0.0
1644602151530615659,90,0.32222222222222224
1644606126307961470,90,0.0
1644615531091707566,90,0.022222222222222223
1644633975667053596,90,0.0
1644666459386175096,90,0.18888888888888888
1644666780071807266,90,0.9
1644681405545538195,90,1.0
1644689422674174371,90,0.4
1644689903908375163,90,0.0
1644704581765462538,90,0.23333333333333334
1644715023993053943,90,1.0
1644744793485043680,90,0.3
1644745266119008222,90,0.0
1644761296582860089,90,0.044444444444444446
1644769906767535484,90,0.26666666666666666
1644773879779097597,90,0.0
1644789947243710629,90,0.2111111111111111
1644803765223886269,90,0.2777777777777778
1644813155247994255,90,0.0
1644815675410912495,90,0.3333333333333333
1644843272223993760,90,0.28888888888888886
1644861820649459781,90,0.35555555555555557
1645140055974567372,90,0.0
1645185737258999005,90,0.06666666666666667
1645190662153098676,90,0.7444444444444445
1645210564187514845,90,0.03333333333333333
1645228358801270514,90,0.7
1645275344272857127,90,0.16666666666666666
1645275863048092735,90,0.05555555555555555
1645277649630871745,90,0.13333333333333333
1645290110415227789,90,0.9111111111111111
1645297164311519031,90,0.2
1645323412849081218,90,0.0
1645323938418574724,90,0.0
1645357558275606237,90,0.1
1645398110290816485,90,0.17777777777777778
1645400032129083358,90,0.4111111111111111
1645404014549982420,90,0.0
1645428947024516013,90,0.18888888888888888
1645447833085804437,90,1.0
1645457165137564398,90,0.0
1645461872784942161,90,0.43333333333333335
1645518892608927400,90,0.7777777777777778
1645569233561809185,90,0.4777777777777778
1645579935409519866,90,0.011111111111111112
1645625155990973988,90,0.2222222222222222
1645634889364707315,90,0.3
1645643182954188091,90,0.3
1645764367304701520,90,0.1
1645933775035150394,90,0.16666666666666666
1646030675942498271,90,1.0
1646126425546306853,90,0.25555555555555554
1646197616432623135,90,0.4666666666666667
1646208315402297763,90,0.06666666666666667
1646216558238717958,90,0.06666666666666667
1646223049985678351,90,0.0
1646227763403125498,90,0.7111111111111111
1646234502007881253,90,0.9111111111111111
1646290358102264924,90,0.1
1646331734594596356,90,0.4777777777777778
1646677302601743673,90,0.0
1646732957021797970,90,0.044444444444444446
1646776855401221910,90,0.37777777777777777
1646787654284326335,90,0.7777777777777778
1646814829586473752,90,0.35555555555555557
1646879481902273921,90,0.9888888888888889
1646884117772829822,90,0.34444444444444444
1646931844953869340,90,0.6444444444444445
1646939107104740757,90,0.34444444444444444
1646966131973810539,90,0.34444444444444444
1647007282231344248,90,0.022222222222222223
1647041031269791976,90,0.6333333333333333
1647063877395308872,90,1.0
1647289766968764283,90,0.5444444444444444
1647319123276902975,90,0.4111111111111111
1647427392098314535,90,0.6555555555555556
1647435070797650161,90,0.0
1647453263868838124,90,0.9444444444444444
1647453662633483622,90,0.0
1647453812479763131,90,0.2222222222222222
1647461219396007013,90,0.8222222222222222
1647527056864427533,90,0.13333333333333333
1647528790943343922,90,0.044444444444444446
1647552861252445563,90,0.07777777777777778
1647558261957045767,90,0.23333333333333334
1647559181983778518,90,0.0
1647577761208575936,90,0.0
1647642948322641689,90,0.0
1647652446207213157,90,1.0
1647660354921401572,90,0.2777777777777778
1647678272764309162,90,0.8333333333333334
1647726730239370265,90,1.0
1647739369829575655,90,0.18888888888888888
1647756531478811061,90,0.0
1647770713627267004,90,0.05555555555555555
1647805946202748195,90,0.0
1647832848576985575,90,0.0
1647863141411426196,90,0.37777777777777777
1648060781248706715,90,0.0
1648113113177043718,90,0.16666666666666666
1648151485645695558,90,0.0
1648157167282249371,90,0.0
1648163721994806046,90,0.0
1648171613078716567,90,0.08888888888888889
1648173152766524103,90,0.06666666666666667
1648186192289891703,90,0.07777777777777778
1648192969390402394,90,0.26666666666666666
1648197245387099087,90,0.0
1648204583177063504,90,0.15555555555555556
1648211790725447631,90,0.45555555555555555
1648218147248768758,90,0.0
1648228928631731868,90,0.6222222222222222
1648237339505199393,90,0.14444444444444443
1648242127609427070,90,0.8
1648271222381997931,90,0.13333333333333333
1648278828044458469,90,0.2222222222222222
1648305387118555831,90,0.43333333333333335
1648306019715933387,90,0.07777777777777778
1648324745499303358,90,0.28888888888888886
1648344432446855725,90,0.0
1648358995690929317,90,0.6666666666666666
1648381571321362952,90,0.4222222222222222
1648382980596315216,90,0.07777777777777778
1648432030738389078,90,0.03333333333333333
1648454519747260517,90,0.1111111111111111
1648455500201013424,90,0.13333333333333333
1648488504821817557,90,0.4222222222222222
1648502562295204194,90,0.17777777777777778
1648525434165735593,90,0.35555555555555557
1648532141768527323,90,0.1111111111111111
1648546723612970245,90,0.1111111111111111
1648547054854415224,90,0.4
1648552081834143493,90,0.18888888888888888
1648614038915099400,90,0.3888888888888889
1648739058217409963,90,0.4222222222222222
1648837132553606837,90,0.6666666666666666
1648842963889979750,90,0.3888888888888889
1648845861256737607,90,0.08888888888888889
1648846445581108928,90,0.9777777777777777
1648854956792844833,90,0.9777777777777777
1648883249785333243,90,0.5
1648903907302673966,90,0.4
1648906640602424004,90,0.044444444444444446
1648947713815499509,90,0.5444444444444444
1649010986326702731,90,0.13333333333333333
1649022643697899104,90,0.6777777777777778
1649023508441069797,90,0.24444444444444444
1649052134760854891,90,0.45555555555555555
1649100430477036779,90,0.9777777777777777
1649105930597684935,90,0.9777777777777777
1649112781372191045,90,0.18888888888888888
1649117560797802765,90,0.7
1649142143327998048,90,0.28888888888888886
1649174283562222498,90,0.4222222222222222
1649239357601570187,90,0.12222222222222222
1649321784432446602,90,0.32222222222222224
1649543332446622786,90,0.8888888888888888
1649554923513372340,90,0.05555555555555555
1649557764596947720,90,0.07777777777777778
1649599749298601440,90,0.1111111111111111
1649605274885877921,90,0.18888888888888888
1649615929457922861,90,0.022222222222222223
1649617408487565702,90,0.9555555555555556
1649620778425813012,90,0.8444444444444444
1649624831517272073,90,0.2
1649683284157300401,90,0.23333333333333334
1649685488569688668,90,0.9555555555555556
1649714044802445532,90,0.5666666666666667
1649718529906390555,90,0.6111111111111112
1649719151773946290,90,0.022222222222222223
1649735339221164976,90,0.022222222222222223
1649744547032071002,90,0.022222222222222223
1649748085902799667,90,0.0
1649749082184482312,90,0.0
1649753280743958744,90,0.022222222222222223
1649760993633378915,90,0.0
1649766202426284966,90,0.12222222222222222
1649783395301942734,90,0.0
1649839417734663264,90,0.4
1649871532879041072,90,0.08888888888888889
1649898953076150022,90,0.5111111111111111
1649909431243922963,90,0.4444444444444444
1649939719026486179,90,0.4888888888888889
1650026125055150443,90,0.3111111111111111
1650153100113580708,90,0.4666666666666667
1650343494114175774,90,0.0
1650346664418581919,90,0.08888888888888889
1650375348612669514,90,0.13333333333333333
1650397727963472898,90,0.5888888888888889
1650401642320830188,90,0.0
1650422898071838308,90,0.23333333333333334
1650424821870648928,90,0.022222222222222223
1650432514639003449,90,0.14444444444444443
1650436102714709943,90,0.2222222222222222
1650437137433801056,90,0.022222222222222223
1650441207179428975,90,0.0
1650443439713992138,90,0.26666666666666666
1650466379686801416,90,0.2
1650475512457249241,90,0.022222222222222223
1650545605551933958,90,0.8222222222222222
1650550530377714315,90,0.0
1650568026735887570,90,0.0
1650572806623913630,90,0.0
1650577059442028999,90,0.0
1650580700020980735,90,0.0
1650587391408818518,90,1.0
1650590892198292955,90,0.3888888888888889
1650611136662701242,90,0.03333333333333333
1650634287242333276,90,0.6888888888888889
1650646035251266340,90,0.0
1650658449537997565,90,0.1111111111111111
1650670427165054666,90,0.2111111111111111
1650691533157141126,90,0.2222222222222222
1650702469621467955,90,0.5
1650705867443666522,90,0.4
1650780638500448156,90,0.5222222222222223
1650839477278036506,90,0.8555555555555555
1651016305306183361,90,1.0
1651097356678088803,90,0.07777777777777778
1651097663739081892,90,0.16666666666666666
1651119358304221884,90,1.0
1651168349894633765,90,0.0
1651209040748874265,90,0.12222222222222222
1651217113208498243,90,0.3888888888888889
1651278017500671871,90,0.0
1651361673035969916,90,0.18888888888888888
1651388914977878947,90,0.45555555555555555
1651389597851583558,90,0.0
1651775772284944902,90,0.9777777777777777
1651807487683724387,90,0.7666666666666667
1651866798968562508,90,0.1
1651920278269391300,90,0.5555555555555556
1652113186388010224,90,0.6555555555555556
1652122632610029902,90,0.13333333333333333
1652435897358101099,90,0.25555555555555554
1652471277200623919,90,0.3333333333333333
1652511724263823780,90,0.28888888888888886
1652523152690521660,90,0.23333333333333334
1652524042612725500,90,0.022222222222222223
1652534932776300700,90,0.13333333333333333
1652541955404540410,90,0.16666666666666666
1652548900137675548,90,0.6111111111111112
1652552967398495963,90,0.07777777777777778
1652589768233467993,90,0.4777777777777778
1652599383966754016,90,0.24444444444444444
1652609167081642370,90,0.26666666666666666
1652638512963476328,90,0.7444444444444445
1652654213808814877,90,0.4111111111111111
1652673498887314008,90,0.15555555555555556
1652712165845701407,90,0.4777777777777778
1652720425388209174,90,0.17777777777777778
1652730142135767228,90,0.45555555555555555
1652732645357150461,90,0.0
1652738523117792561,90,0.0
1652802053466318128,90,0.022222222222222223
1652911657535691036,90,0.5222222222222223
1652928952429670936,90,0.8666666666666667
1653187249970957304,90,0.022222222222222223
1653190499776848343,90,0.5222222222222223
1653222870435824770,90,0.4222222222222222
1653223009211659653,90,0.18888888888888888
1653239378195429866,90,0.0
1653248317268535222,90,0.4222222222222222
1653259855051123945,90,0.12222222222222222
1653278274098242395,90,0.5222222222222223
1653285034650930925,90,0.0
1653309778531023829,90,0.9555555555555556
1653310638607674762,90,0.4222222222222222
1653321242791835883,90,1.0
1653322819657424755,90,0.5111111111111111
1653329057781829348,90,0.0
1653330353190701354,90,0.3888888888888889
1653341291245707293,90,0.4444444444444444
1653347370444701991,90,0.7666666666666667
1653351050298761044,90,0.8
1653360722576603708,90,0.044444444444444446
1653390901633300495,90,0.8
1653394090691118982,90,0.16666666666666666
1653413998841738275,90,0.24444444444444444
1653414971473387125,90,0.5666666666666667
1653415190771090299,90,0.0
1653430761590387173,90,0.4222222222222222
1653447166613068928,90,0.4222222222222222
1653451411284018771,90,0.2111111111111111
1653491155445172080,90,0.4222222222222222
1653559118583534840,90,0.24444444444444444
1653573037674004270,90,0.05555555555555555
1653577438494330425,90,0.06666666666666667
1653589672910364526,90,0.25555555555555554
1653653262959946154,90,0.2
1653863269543826970,90,0.5777777777777777
1653908381449017378,90,0.03333333333333333
1653913138804584970,90,0.8222222222222222
1653919040277875083,90,1.0
1653945636202162426,90,0.13333333333333333
1653946141429640365,90,0.3333333333333333
1653955572757494672,90,0.5333333333333333
1653994690412634150,90,0.37777777777777777
1654032059375033283,90,0.4777777777777778
1654052820437372145,90,0.5777777777777777
1654076189037595034,90,0.4888888888888889
1654093716956976468,90,0.08888888888888889
1654107740637934952,90,0.14444444444444443
1654123568039583152,90,0.45555555555555555
1654123802018869100,90,0.24444444444444444
1654156010946782312,90,0.17777777777777778
1654210657155744933,90,0.3
1654253250357854029,90,0.06666666666666667
1654258770618531651,90,0.0
1654267599459712000,90,0.0
1654272963140858136,90,0.5111111111111111
1654282691518323346,90,0.5333333333333333
1654290622899369557,90,0.34444444444444444
1654320095012434019,90,0.011111111111111112
1654324999648170718,90,0.23333333333333334
1654388926403096884,90,0.0
1654419915728231157,90,0.06666666666666667
1654614196523078926,90,0.32222222222222224
1654617157994188278,90,0.2111111111111111
1654706827716535443,90,0.2222222222222222
1654728770800205865,90,0.9222222222222223
1654749438152297393,90,0.0
1654773854843334903,90,0.044444444444444446
1654820489279413072,90,0.7888888888888889
1654831064125267634,90,0.03333333333333333
1654832928867879077,90,1.0
1654839330948231126,90,0.7222222222222222
1654844093462265567,90,0.8444444444444444
1654846100427229687,90,0.6666666666666666
1654856263738125750,90,0.0
1654872093059297422,90,0.32222222222222224
1654881719626783961,90,0.5222222222222223
1654902482138155348,90,0.5444444444444444
1654929854208890992,90,0.9777777777777777
1654938789191207255,90,0.0
1654944218904809237,90,0.0
1654947266286172039,90,0.0
1654956153612782579,90,0.0
1654977787201599432,90,0.6777777777777778
1655018485169640758,90,0.1111111111111111
1655026321762247858,90,0.7
1655044944643940996,90,0.32222222222222224
1655171524742079539,90,0.12222222222222222
1655365328898089149,90,0.35555555555555557
1655385264931197335,90,0.3333333333333333
1655426246668160018,90,0.7
1655445987139926664,90,0.8222222222222222
1655483103404298763,90,0.0
1655483192890368852,90,0.4444444444444444
1655483258894751421,90,0.0
1655483284163488699,90,0.3
1655483331165663137,90,0.43333333333333335
1655492876563138256,90,1.0
1655542231717882114,90,0.8222222222222222
1655598228914733241,90,0.0
1655666232741392688,90,0.9333333333333333
1655672736029332283,90,0.8555555555555555
1655776072001095327,90,0.24444444444444444
1655782503868741469,90,0.5333333333333333
1655838381615052234,90,0.3888888888888889
1655842179638095854,90,0.12222222222222222
1656154207889304516,90,0.06666666666666667
1656204768021095379,90,0.8111111111111111
1656220165143829282,90,0.23333333333333334
1656238941157006875,90,0.15555555555555556
1656312098031865721,90,0.5777777777777777
1656325760229336781,90,0.24444444444444444
1656356993270348949,90,0.044444444444444446
1656377684616480431,90,0.25555555555555554
1656475150239569678,90,0.37777777777777777
1656764739725997771,90,0.32222222222222224
1656802690423139145,90,0.8222222222222222
1656834365342811034,90,0.1
1656914609032033251,90,1.0
1657022140907523773,90,0.08888888888888889
1657033347245498045,90,0.23333333333333334
1657036138709948212,90,0.4777777777777778
1657044851209007173,90,0.6888888888888889
1657053106705497158,90,0.6777777777777778
1657054449128728317,90,0.23333333333333334
1657086560188380856,90,0.1
1657246424933589149,90,1.0
1657250567286090658,90,0.9333333333333333
1657261194377747015,90,0.4
1657623301068536120,90,0.4777777777777778
1657637722308742749,90,0.6555555555555556
1657680403545821147,90,0.36666666666666664
1657685411968488261,90,0.14444444444444443
1657699177244584608,90,0.044444444444444446
1657725982067170244,90,0.6
1657794618570396878,90,0.5666666666666667
1657798409136660631,90,0.2
1657801615313596309,90,0.1111111111111111
1657807404192003534,90,0.23333333333333334
1657809843417063812,90,0.08888888888888889
1657819430360479184,90,0.28888888888888886
1657852721602426067,90,0.34444444444444444
1657918711168428855,90,0.23333333333333334
1658032632500756454,90,0.4111111111111111
1658272655921703659,90,0.07777777777777778
1658292535760593175,90,0.32222222222222224
1658300163785413101,90,0.0
1658300856021456289,90,0.7888888888888889
1658302111067124963,90,0.32222222222222224
1658330369143922059,90,0.3
1658333952204390543,90,0.044444444444444446
1658388167980681039,90,0.0
1658411886680782433,90,0.37777777777777777
1658438000957905675,90,0.3
1658467878252439298,90,1.0
1658471711162878415,90,0.4
1658486537497132668,90,0.0
1658490045145374797,90,0.0
1658490606773829346,90,0.06666666666666667
1658500308560432056,90,0.0
1658598087988544699,90,0.6888888888888889
1658633244721869522,90,0.28888888888888886
1658636853504764235,90,0.9555555555555556
1658668778736022230,90,0.9222222222222223
1658688092873522115,90,0.03333333333333333
1658843540777630267,90,0.0
1658977849417418849,90,0.0
1659036894734921033,90,0.2111111111111111
1659057599174024628,90,0.8222222222222222
1659089451088367431,90,0.12222222222222222
1659107673325981512,90,0.13333333333333333
1659121397416789581,90,0.8333333333333334
1659175252939094927,90,0.1111111111111111
1659196073410398715,90,0.0
1659205510582525055,90,0.6333333333333333
1659221877946717872,90,0.08888888888888889
1659252258830641916,90,0.18888888888888888
1659266860300896642,90,0.43333333333333335
1659362258419501344,90,0.7111111111111111
1659362624193473853,90,0.16666666666666666
1659363764558634909,90,0.37777777777777777
1659415788112678590,90,0.3111111111111111
1659442436116980209,90,0.5555555555555556
1659454115193801733,90,0.9888888888888889
1659504428373713278,90,0.0
1659696222672998043,90,0.14444444444444443
1659704721234684339,90,0.4222222222222222
1659735561696444382,90,0.5555555555555556
1659771664057879247,90,0.18888888888888888
1659777970089125030,90,0.4222222222222222
1659806944525915015,90,0.0
1659823107879397447,90,0.2
1659836350837296507,90,0.08888888888888889
1659836584378424531,90,0.08888888888888889
1659859064723186497,90,0.24444444444444444
1659867806918706586,90,0.8555555555555555
1659875189746103094,90,0.14444444444444443
1659891443234003517,90,0.0
1659893124912253577,90,0.35555555555555557
1660105046462231694,90,0.18888888888888888
1660116782975863433,90,0.2111111111111111
1660395085276906247,90,0.06666666666666667
1660474653623076832,90,0.17777777777777778
1660492949285276855,90,0.03333333333333333
1660494318898789728,90,0.0
1660495357568047863,90,0.03333333333333333
1660502949345060324,90,0.12222222222222222
1660520189405410094,90,0.4111111111111111
1660521221542269206,90,0.13333333333333333
1660539123870057910,90,0.0
1660539555668867404,90,0.8888888888888888
1660540005817175774,90,0.8888888888888888
1660540381364539331,90,0.8888888888888888
1660642173247971555,90,1.0
1660669184623983997,90,1.0
1660672671626682787,90,0.05555555555555555
1660677830806346850,90,0.08888888888888889
1660690605796913207,90,1.0
1660725064648323504,90,0.23333333333333334
1660743482200042736,90,0.0
1660875117563146796,90,1.0
1661105921627444045,90,0.022222222222222223
1661144229743580255,90,0.6666666666666666
1661205519852757720,90,0.0
1661248438391372603,90,0.32222222222222224
1661248719032419526,90,0.03333333333333333
1661311820170806289,90,0.16666666666666666
1661334582265518202,90,0.044444444444444446
1661368218637668872,90,0.0
1661376435917441458,90,0.5
1661389327240902738,90,0.15555555555555556
1661451948582842324,90,0.28888888888888886
1661504032680215766,90,0.15555555555555556
1661595738384838035,90,0.25555555555555554
1661604639867451595,90,0.05555555555555555
1661700259038402016,90,0.07777777777777778
1661885322850825488,90,0.0
1661889193453904745,90,0.4222222222222222
1661922350345724072,90,0.2111111111111111
1661939820826677273,90,0.022222222222222223
1661954065076220671,90,0.7888888888888889
1661968153555234697,90,0.0
1662004701296980665,90,0.4666666666666667
1662007172177009021,90,0.12222222222222222
1662034389251693962,90,0.14444444444444443
1662036574184025420,90,0.7666666666666667
1662037269307806077,90,0.06666666666666667
1662054061595325190,90,1.0
1662090777382901530,90,0.03333333333333333
1662112428067453201,90,0.08888888888888889
1662125506738232037,90,0.14444444444444443
1662126345448235216,90,0.43333333333333335
1662135688574137889,90,0.15555555555555556
1662158756342743476,90,0.03333333333333333
1662207759193036201,90,0.7222222222222222
1662223842379665658,90,0.6666666666666666
1662291584837611197,90,0.6222222222222222
1662345712385327643,90,0.4444444444444444
1662477267342847482,90,0.13333333333333333
1662581529864357469,90,0.0
1662603475783105421,90,0.03333333333333333
1662641522965401269,90,0.3
1662655593568034171,90,0.0
1662656316484239925,90,0.9
1662657119486009300,90,0.9222222222222223
1662660281639647195,90,0.0
1662663829806335153,90,0.35555555555555557
1662664636882531424,90,0.0
1662666795889395594,90,0.0
1662667502940586474,90,0.0
1662676268612574282,90,0.9
1662676909745297847,90,0.9
1662677103942488071,90,0.8222222222222222
1662677671461662084,90,0.9
1662678261551817672,90,0.9
1662678394546996837,90,0.8111111111111111
1662678982786057731,90,0.9
1662681362666242234,90,1.0
1662700187035860852,90,0.022222222222222223
1662744382200633486,90,0.3333333333333333
1662744384687875215,90,0.6
1662744386889657954,90,0.5555555555555556
1662744389431158584,90,0.4
1662744391019926580,90,0.5333333333333333
1662744393079622557,90,0.4111111111111111
1662752429064745983,90,0.8
1662784042963740071,90,0.5333333333333333
1662826307425167881,90,0.0
1662877654270066664,90,0.7555555555555555
1662880749645701616,90,0.0
1662885167491503360,90,0.5555555555555556
1662886569687847658,90,0.2777777777777778
1662899920855620695,90,0.6777777777777778
1662909564711947071,90,0.18888888888888888
1662929226863568713,90,0.5222222222222223
1662986720430386570,90,0.0
1663004178711674980,90,0.3111111111111111
1663086621470728704,90,0.16666666666666666
1663110626036148926,90,0.18888888888888888
1663311316710998534,90,0.6222222222222222
1663340707688112087,90,0.9444444444444444
1663371129611491684,90,0.25555555555555554
1663399054454926371,90,0.9444444444444444
1663405872612868959,90,0.23333333333333334
1663411690497998273,90,0.3333333333333333
1663460321930320220,90,0.2777777777777778
1663468694296685585,90,0.12222222222222222
1663475467870003929,90,0.4777777777777778
1663478127282938122,90,0.05555555555555555
1663532815876369095,90,0.4777777777777778
1663546744395549674,90,0.8
1663573472110830146,90,1.0
1663582497612000269,90,0.022222222222222223
1663594372812510670,90,0.13333333333333333
1663596072799299451,90,0.25555555555555554
1663644261002328230,90,1.0
1663654906914095242,90,0.9333333333333333
1663672897315667934,90,0.28888888888888886
1663674854022015462,90,0.17777777777777778
1663679172415342999,90,0.14444444444444443
1663716968467386848,90,0.26666666666666666
1663824735894280966,90,0.12222222222222222
1664082600092077022,90,1.0
1664154230699313808,90,0.4777777777777778
1664169625351353800,90,0.4222222222222222
1664179944549070667,90,0.4444444444444444
1664200727391511768,90,0.16666666666666666
1664220330361125227,90,0.03333333333333333
1664225853333545556,90,0.2222222222222222
1664234551711537678,90,1.0
1664237504147048135,90,0.8333333333333334
1664271114047881442,90,0.03333333333333333
1664321869441877315,90,0.16666666666666666
1664389806863753622,90,0.0
1664457367765379021,90,0.6111111111111112
1664468046150987777,90,0.18888888888888888
1664480454966810360,90,0.4
1664481064978064039,90,0.0
1664505440085143625,90,0.26666666666666666
1664508347292383474,90,0.18888888888888888
1664528688523349899,90,0.15555555555555556
1664773337959925958,90,0.1111111111111111
1664805905764955467,90,0.15555555555555556
1664840717033920677,90,0.5111111111111111
1664847368811719225,90,0.3
1664861940623364063,90,0.4666666666666667
1664895896103369723,90,0.08888888888888889
1664931314874960955,90,0.022222222222222223
1664976700995054377,90,0.5111111111111111
1665008156660355107,90,0.5333333333333333
1665014423612763384,90,0.1
1665048878492447649,90,0.3333333333333333
1665087894598397187,90,1.0
1665121648585891319,90,0.1
1665128515735249019,90,0.32222222222222224
1665148622744897916,90,0.0
1665157881941968331,90,1.0
1665181230356464685,90,1.0
1665344943542764471,90,0.24444444444444444
1665465528959067225,90,0.4666666666666667
1665552793599779481,90,0.2
1665561596023034226,90,0.08888888888888889
1665563345677238059,90,0.06666666666666667
1665585574025671241,90,0.0
1665650968646241878,90,0.37777777777777777
1665658280429597316,90,1.0
1665671311817636065,90,0.15555555555555556
1665683284487659785,90,0.0
1665690560790309719,90,0.6333333333333333
1665691855664508247,90,1.0
1665696519523941834,90,0.9666666666666667
1665703339604127813,90,0.18888888888888888
1665723054980326396,90,0.03333333333333333
1665724883325089139,90,0.26666666666666666
1665815857116627006,90,0.6777777777777778
1666109819923232277,90,0.25555555555555554
1666257319120119864,90,0.35555555555555557
1666341819656000088,90,0.36666666666666664
1666354006373287421,90,0.022222222222222223
1666367150002299249,90,0.4
1666403680551136793,90,0.4111111111111111
1666418498358263493,90,0.3333333333333333
1666468057634310070,90,0.9555555555555556
1666497919045677341,90,0.4444444444444444
1666554238374373757,90,0.6444444444444445
1666598916558076714,90,0.5222222222222223
1666607799645589421,90,0.32222222222222224
1666684180613394276,90,0.2777777777777778
1666720727437947461,90,0.4222222222222222
1667140525245160612,90,0.2777777777777778
1667204544171594142,90,0.5111111111111111
1667217067340103267,90,0.16666666666666666
1667228506955410112,90,0.0
1667245196800861293,90,0.7444444444444445
1667287935619650111,90,0.0
1667297242826355646,90,0.0
1667558698764795636,90,0.15555555555555556
1667664645360426011,90,0.07777777777777778
1667823585461443054,90,0.05555555555555555
1667918024914219209,90,0.011111111111111112
1667934380429506063,90,0.3888888888888889
1667958631432056273,90,0.011111111111111112
1667975358022345427,90,0.14444444444444443
1667985680938410935,90,1.0
1668000881617922184,90,0.7111111111111111
1668028175220223154,90,0.022222222222222223
1668029671062696930,90,0.6
1668046242143808614,90,1.0
1668059561027053501,90,0.3
1668115024168127640,90,1.0
1668139912129527228,90,0.5888888888888889
1668172388378121653,90,0.0
1668180512681140499,90,0.0
1668373748526218314,90,0.011111111111111112
1668401710289754203,90,0.7111111111111111
1668401887030583205,90,0.4222222222222222
1668417086031163674,90,0.18888888888888888
1668418754202429509,90,0.6111111111111112
1668431666964187257,90,0.6444444444444445
1668431773350067599,90,0.6888888888888889
1668436258729853985,90,0.26666666666666666
1668440598618195022,90,0.3888888888888889
1668444684223709628,90,0.23333333333333334
1668449127446916095,90,0.3333333333333333
1668452740890348379,90,0.9444444444444444
1668452837891877674,90,0.9666666666666667
1668464944979813006,90,0.4444444444444444
1668504708673826415,90,0.13333333333333333
1668513061705312214,90,0.4666666666666667
1668519026147089492,90,0.12222222222222222
1668562614633069289,90,1.0
1668568342948394120,90,0.4666666666666667
1668586831936594358,90,0.4666666666666667
1668647563572242400,90,0.1
1668697806614328945,90,0.6222222222222222
1668700190553062551,90,0.15555555555555556
1668722139427316205,90,1.0
1668764934004931698,90,1.0
1668768595680265332,90,0.4444444444444444
1668862588674598308,90,0.4777777777777778
1668870082422548783,90,0.4888888888888889
1668870315877733753,90,0.03333333333333333
1669151028021187584,90,0.0
1669162496133826202,90,1.0
1669222609346937287,90,0.044444444444444446
1669275502556616135,90,0.17777777777777778
1669307991217337824,90,0.3888888888888889
1669335564797684448,90,0.5333333333333333
1669377156798952466,90,0.0
1669409240122791643,90,0.4111111111111111
1669418773012789730,90,0.2222222222222222
1669488681379853313,90,1.0
1669503909981616235,90,0.8222222222222222
1669519147551080131,90,0.15555555555555556
1669522172923571849,90,0.5666666666666667
1669524506430081641,90,0.4666666666666667
1669529819086204469,90,0.03333333333333333
1669591381548070553,90,0.4
1669648631947152273,90,0.14444444444444443
1669783427007383208,90,0.5
1669949859809868825,90,0.7666666666666667
1669959552576580420,90,0.5777777777777777
1669982778872796274,90,0.13333333333333333
1669984042963867320,90,0.2111111111111111
1670022910400503918,90,0.2111111111111111
1670025380548868758,90,0.5222222222222223
1670025472925800034,90,0.044444444444444446
1670051027177920884,90,0.0
1670051348696303652,90,0.5333333333333333
1670052507566092968,90,0.28888888888888886
1670062053642054999,90,0.0
1670094640468371855,90,0.35555555555555557
1670136225690468544,90,0.4666666666666667
1670200049966784374,90,0.16666666666666666
1670200785616901918,90,0.044444444444444446
1670208113957776576,90,0.4
1670225135466834308,90,0.37777777777777777
1670249991231657264,90,0.34444444444444444
1670635678706358961,90,1.0
1670690861696018198,90,0.23333333333333334
1670691001406016561,90,0.8444444444444444
1670691207625350263,90,0.8888888888888888
1670691308275778754,90,0.8555555555555555
1670709576432863193,90,0.9
1670709766638459694,90,0.4444444444444444
1670710534407048470,90,0.8888888888888888
1670711310439980654,90,0.044444444444444446
1670711925868655163,90,0.13333333333333333
1670712525637201872,90,0.05555555555555555
1670713144039655130,90,0.4
1670735914164439256,90,0.4888888888888889
1670759118520216911,90,0.5555555555555556
1670764017483178717,90,0.36666666666666664
1670777380970495420,90,0.4777777777777778
1670795806154488532,90,0.7222222222222222
1670807594711122668,90,0.0
1670824370137719157,90,0.5333333333333333
1670842917021606357,90,1.0
1670856058211078912,90,0.2111111111111111
1670891866200371365,90,0.06666666666666667
1670925385835143801,90,0.43333333333333335
1670950158298615959,90,0.16666666666666666
1670965328437820177,90,0.0
1671240180034529152,90,0.17777777777777778
1671304376762262060,90,0.2
1671306789642540764,90,0.24444444444444444
1671307614294719588,90,0.9888888888888889
1671335432023393326,90,0.6333333333333333
1671365173371349115,90,0.16666666666666666
1671417635349250107,90,0.6444444444444445
1671484177069455266,90,1.0
1671504628422002611,90,0.28888888888888886
1671505359651060688,90,0.43333333333333335
1671516712775378692,90,0.8111111111111111
1671543410665666731,90,0.7777777777777778
1671544415445824732,90,0.8222222222222222
1671586409565374399,90,0.3
1671622008250916147,90,0.0
1671645683977351345,90,1.0
1671726052184643833,90,0.07777777777777778
1672119581989670133,90,0.5222222222222223
1672137668261981714,90,0.5111111111111111
1672161941393238146,90,1.0
1672163146098057385,90,0.2777777777777778
1672197252907070486,90,0.2111111111111111
1672230316460808392,90,0.34444444444444444
1672327539114846700,90,0.7111111111111111
1672409254763896268,90,0.6777777777777778
1672412262173303882,90,0.011111111111111112
1672447434433805537,90,0.12222222222222222
1672734801747592626,90,0.4111111111111111
1672757470443555389,90,1.0
1672817806259448871,90,0.9888888888888889
1672849273093799969,90,0.0
1672877349420151555,90,0.0
1672896718066442595,90,0.6
1673065915026327779,90,0.9222222222222223
1673068665249279902,90,0.05555555555555555
1673079309834008733,90,0.34444444444444444
1673089370248610977,90,0.8333333333333334
1673143508367560833,90,0.17777777777777778
1673172841570571231,90,0.0
1673416965699469973,90,0.044444444444444446
1673527849405530337,90,0.5888888888888889
1673531595307164113,90,0.07777777777777778
1673534553181263985,90,1.0
1673540814591749655,90,1.0
1673572625339997643,90,0.26666666666666666
1673574975689848452,90,0.32222222222222224
1673583724641597130,90,0.36666666666666664
1673586354676750522,90,0.7777777777777778
1673652802825779280,90,0.13333333333333333
1673674169946629855,90,1.0
1673677600908955601,90,0.6
1673691657244206872,90,0.5444444444444444
1673709841766537455,90,0.32222222222222224
1673732366740249790,90,0.9333333333333333
1673767197411402116,90,0.7888888888888889
1673772665249341467,90,0.3333333333333333
1673777176874277925,90,1.0
1673781454672173887,90,0.4777777777777778
1673784716232984299,90,0.18888888888888888
1673802804059809176,90,0.0
1673841130854276167,90,0.15555555555555556
1673842196035932266,90,0.25555555555555554
1673924621066563377,90,0.4666666666666667
1674270095344088601,90,0.13333333333333333
1674282790698669293,90,1.0
1674287224688007030,90,1.0
1674290633242853505,90,0.7
1674292986739213687,90,0.9666666666666667
1674299297074068169,90,0.1
1674338041782161067,90,0.2777777777777778
1674391189520011285,90,0.24444444444444444
1674402253876979480,90,0.23333333333333334
1674417027434438224,90,1.0
1674438625659375219,90,0.05555555555555555
1674501741742371223,90,0.15555555555555556
1674509366197538099,90,0.43333333333333335
1674519780966335611,90,0.23333333333333334
1674541672350890065,90,0.18888888888888888
1674610819973104925,90,0.5555555555555556
1674632422872107498,90,0.0
1674652421772260709,90,0.0
1674678783932078181,90,0.34444444444444444
1674859485127045580,90,0.14444444444444443
1674881444924934661,90,0.8444444444444444
1674894786334508165,90,0.7444444444444445
1674957025896413210,90,0.9222222222222223
1674996057550119011,90,0.17777777777777778
1675030923523595219,90,0.011111111111111112
1675066167434541844,90,0.7888888888888889
1675083914893989251,90,0.2222222222222222
1675088225898333956,90,0.18888888888888888
1675091485745932997,90,0.0
1675157046105658158,90,0.13333333333333333
1675158586798006634,90,0.17777777777777778
1675252406348906622,90,0.2777777777777778
1675255019763784048,90,0.35555555555555557
1675274454115355067,90,0.022222222222222223
1675284736080120059,90,0.15555555555555556
1675322122622153528,90,0.17777777777777778
1675328387672600524,90,0.25555555555555554
1675369604829693942,90,0.5777777777777777
1675608666702417971,90,0.06666666666666667
1675684560067537418,90,0.1111111111111111
1675779885640253702,90,0.2222222222222222
1675799362632389060,90,0.0
1675809770694280658,90,0.2222222222222222
1675827698698741428,90,0.0
1675847542124714739,90,0.4111111111111111
1675860136032408037,90,0.3
1675863154659211422,90,0.06666666666666667
1675902545181745019,90,0.32222222222222224
1675908231042638209,90,0.23333333333333334
1675910802718346828,90,0.18888888888888888
1676044972901599072,90,0.8666666666666667
1676045291465563754,90,0.0
1676359478391747495,90,0.28888888888888886
1676496615350027744,90,0.0
1676507142717699480,90,0.26666666666666666
1676534525241038842,90,0.7444444444444445
1676572997357878251,90,0.0
1676650635851845954,90,0.8555555555555555
1676679697722919247,90,0.6
1676683597813227818,90,0.7111111111111111
1676736535226346528,90,0.0
1676737517524168525,90,0.1111111111111111
1676769733457596426,90,0.0
1676856652526839497,90,0.2777777777777778
1677098771596765711,90,0.3
1677132090231516747,90,0.0
1677148490806769547,90,0.28888888888888886
1677196665786838759,90,0.35555555555555557
1677313012108288961,90,0.25555555555555554
1677313794808352664,90,0.5444444444444444
1677357161852149680,90,0.32222222222222224
1677458707795944824,90,0.25555555555555554
1677466333844059104,90,0.7111111111111111
1677474783307153776,90,0.3
1677495067780156607,90,0.2
1677497281616916885,90,0.3333333333333333
1677598935629364256,90,0.022222222222222223
1677616851669587885,90,0.18888888888888888
1677617541594285242,90,0.0
1677618248752282307,90,1.0
1677624005258482672,90,0.03333333333333333
1677625755892535948,90,0.12222222222222222
1677792918137854967,90,0.6444444444444445
1677804273811412107,90,0.28888888888888886
1677807096892934075,90,0.044444444444444446
1677814007686556490,90,0.03333333333333333
1677841462483735836,90,0.9777777777777777
1677857530181086853,90,0.9888888888888889
1677859862379779382,90,0.37777777777777777
1677877100938065369,90,0.3
1677925373446331832,90,0.06666666666666667
1677958029743595725,90,0.0
1677965874693721919,90,0.011111111111111112
1677975728207352142,90,1.0
1678008065644120444,90,0.24444444444444444
1678024867737143130,90,0.28888888888888886
1678029347188030058,90,0.23333333333333334
1678057896323895407,90,0.1
1678094548698862929,90,0.044444444444444446
1678134717458741500,90,0.05555555555555555
1678158431989888050,90,0.07777777777777778
1678177732760508547,90,0.4222222222222222
1678187254906978298,90,0.0
1678221967027850993,90,0.2
1678222201338326340,90,0.1111111111111111
1678227345444773803,90,0.044444444444444446
1678235596354048943,90,0.3111111111111111
1678266249471212770,90,0.9888888888888889
1678478354472324654,90,0.9111111111111111
1678531993435973817,90,0.17777777777777778
1678551932707691470,90,0.0
1678660273017154570,90,0.13333333333333333
1678681324002474701,90,0.2222222222222222
1678686883153834884,90,0.16666666666666666
1678695226193502575,90,0.43333333333333335
1678702404152447923,90,0.17777777777777778
1678717580509600535,90,0.08888888888888889
1678739044511905432,90,0.05555555555555555
1678753660284652344,90,0.9777777777777777
1678771101448215157,90,0.0
1678776336204639592,90,0.14444444444444443
1678788590719126704,90,0.6111111111111112
1678819208251415646,90,0.15555555555555556
1678830585530958071,90,0.05555555555555555
1678857864930789435,90,0.0
1678866137095470358,90,0.03333333333333333
1679013407380748765,90,0.16666666666666666
1679049034039500888,90,0.4222222222222222
1679049201415379874,90,0.25555555555555554
1679107730180388836,90,0.6222222222222222
1679120072662516185,90,0.5333333333333333
1679245521231855888,90,0.9111111111111111
1679276011567576215,90,0.9666666666666667
1679302452326303644,90,0.06666666666666667
1679318095186539330,90,0.9444444444444444
1679328237636570681,90,0.35555555555555557
1679337447419692483,90,0.9444444444444444
1679345688255682613,90,0.0
1679348763477105754,90,0.7111111111111111
1679357855906006729,90,0.08888888888888889
1679361645075025461,90,0.6333333333333333
1679387049713909677,90,0.15555555555555556
1679389154571275849,90,0.36666666666666664
1679430782543745009,90,0.5777777777777777
1679434868878691202,90,0.0
1679441118624728937,90,0.0
1679452491112268474,90,0.34444444444444444
1679479824964459378,90,0.32222222222222224
1679486832206921595,90,0.06666666666666667
1679501548226244726,90,0.0
1679504458850847820,90,0.5111111111111111
1679506691411639855,90,0.45555555555555555
1679519621829079284,90,0.23333333333333334
1679579158121444803,90,0.13333333333333333
1679698878262781751,90,0.06666666666666667
1679790150765087179,90,0.25555555555555554
1679994057705070811,90,0.0
1680020848136775451,90,0.03333333333333333
1680021172483929474,90,0.5555555555555556
1680059717458822022,90,0.08888888888888889
1680061855129095391,90,0.8777777777777778
1680117827499583155,90,0.8555555555555555
1680124660733295051,90,0.0
1680162966318883693,90,0.1
1680174471864481486,90,0.45555555555555555
1680241636006755824,90,0.5444444444444444
1680254584340285044,90,0.0
1680270252211599307,90,0.14444444444444443
1680272308511861455,90,1.0
1680281942013477863,90,0.12222222222222222
1680286212706078210,90,0.17777777777777778
1680303601471741075,90,1.0
1680342459242209549,90,0.3
1680357180907934293,90,0.8111111111111111
1680380237774906267,90,0.0
1680469039427444246,90,0.0
1680557116768838309,90,0.2111111111111111
1680669257819676311,90,0.4888888888888889
1680761778748899236,90,0.8
1680782952628385541,90,0.24444444444444444
1680796131109249696,90,0.0
1680801532091933792,90,0.5
1680808109983176659,90,0.8777777777777778
1680821460522342828,90,0.1111111111111111
1680841975810061734,90,0.6
1680858394200702586,90,0.2
1680859617067926081,90,0.0
1680873907309317482,90,0.1111111111111111
1680946206531406180,90,0.8
1680958442426678440,90,0.9888888888888889
1680969075246927330,90,0.9666666666666667
1680972243148453790,90,0.8444444444444444
1680983643194948933,90,0.9666666666666667
1680993228170536807,90,0.9777777777777777
1681004624252444953,90,0.7222222222222222
1681009994016770168,90,0.9888888888888889
1681010537158801913,90,0.28888888888888886
1681046659146248431,90,0.9
1681048255700501696,90,0.8444444444444444
1681078305660141159,90,1.0
1681114332465496518,90,0.022222222222222223
1681120411823079623,90,0.6333333333333333
1681123065249558743,90,0.5888888888888889
1681200877119912926,90,0.0
1681439391738446924,90,0.4222222222222222
1681493636167687193,90,0.4777777777777778
1681508904985815035,90,0.8777777777777778
1681520739428414238,90,0.4777777777777778
1681572195125077604,90,0.8444444444444444
1681632662637223483,90,1.0
1681643810854361515,90,0.044444444444444446
1681668561026550439,90,0.022222222222222223
1681689176419689623,90,0.3333333333333333
1681697357467662910,90,0.7555555555555555
1681706790160096298,90,0.6555555555555556
1681739246093904090,90,0.6777777777777778
1682179886757128913,90,0.7888888888888889
1682277622637943551,90,0.5444444444444444
1682331514018378295,90,0.022222222222222223
1682331937691132709,90,0.17777777777777778
1682396095947609503,90,0.03333333333333333
1682415769268240306,90,0.06666666666666667
1682427975909202193,90,0.6777777777777778
1682432683332540030,90,0.0
1682433064607414954,90,0.1
1682479522317817198,90,0.9777777777777777
1682483367499778131,90,0.3111111111111111
1682579538781841589,90,0.8666666666666667
1682610293868103045,90,0.0
1682634408071293745,90,0.28888888888888886
1682658853721473987,90,0.06666666666666667
1682897745712218058,90,0.6333333333333333
1682912167775691257,90,0.2777777777777778
1682924307971648447,90,0.8777777777777778
1682929721033001116,90,0.35555555555555557
1682936556845603583,90,0.7111111111111111
1682952986230174534,90,0.15555555555555556
1682954426019226669,90,0.2111111111111111
1682982463510222132,90,0.0
1682983809461477287,90,0.13333333333333333
1682989725910694752,90,0.8888888888888888
1682990775540512200,90,0.8888888888888888
1682991829164521130,90,0.26666666666666666
1682992983828579760,90,0.24444444444444444
1682994065206043668,90,0.8888888888888888
1682995220932715350,90,0.0
1682996408887546934,90,0.8888888888888888
1682997487631020784,90,0.2222222222222222
1683000305262218179,90,0.25555555555555554
1683010878093568991,90,0.7555555555555555
1683021666576311965,90,0.8333333333333334
1683037383309179111,90,0.4222222222222222
1683044558218238093,90,0.8666666666666667
1683049539806296931,90,0.18888888888888888
1683076452099363094,90,0.0
1683076932935323706,90,0.9777777777777777
1683079785290374256,90,0.7555555555555555
1683082676228950505,90,0.2
1683130614553213159,90,0.9777777777777777
1683149456449308649,90,0.13333333333333333
1683180198080620199,90,0.022222222222222223
1683189960444793149,90,0.45555555555555555
1683202344272627988,90,0.5666666666666667
1683211079139708246,90,0.1
1683228875224333181,90,0.8222222222222222
1683229972530812923,90,0.6111111111111112
1683254215577180360,90,0.17777777777777778
1683265940192081314,90,0.17777777777777778
1683269554302104071,90,0.5444444444444444
1683277148785972056,90,0.5
1683284865403837207,90,0.4444444444444444
1683321718597979607,90,0.5111111111111111
1683596264152973062,90,0.3333333333333333
1683598882833972537,90,0.16666666666666666
1683637784363270040,90,0.3111111111111111
1683638339701836909,90,0.23333333333333334
1683732598122430860,90,0.8
1683746561433068736,90,0.6888888888888889
1683753224097149342,90,0.8333333333333334
1683756215770776529,90,1.0
1683759889896921409,90,0.26666666666666666
1683810924563253555,90,0.32222222222222224
1683812956262341683,90,0.32222222222222224
1683850852885681214,90,0.7888888888888889
1683856521902508847,90,0.8666666666666667
1683881138829833132,90,0.3888888888888889
1683919719707261081,90,0.9444444444444444
1683948566751130033,90,0.044444444444444446
1683952282778975312,90,0.2222222222222222
1683981598888888799,90,1.0
1684004880733203807,90,0.12222222222222222
1684011439198452314,90,0.15555555555555556
1684016974804124922,90,0.14444444444444443
1684040527772002936,90,0.28888888888888886
1684061048375630295,90,0.7777777777777778
1684102579527405565,90,0.03333333333333333
1684174008526318327,90,0.15555555555555556
1684194717763060969,90,1.0
1684240479934425590,90,0.05555555555555555
1684293386087587070,90,0.35555555555555557
1684389016536450932,90,0.28888888888888886
1684393975626152668,90,0.06666666666666667
1684494585063161994,90,0.03333333333333333
1684519247913186214,90,0.2222222222222222
1684523638940137868,90,0.022222222222222223
1684530075335060910,90,0.3111111111111111
1684542728412250995,90,0.3
1684548907493582638,90,0.6333333333333333
1684552523701181360,90,1.0
1684571608562117211,90,0.6555555555555556
1684595343246917675,90,0.28888888888888886
1684600826492952938,90,0.2777777777777778
1684608496599656247,90,0.15555555555555556
1684646542166732618,90,0.9777777777777777
1684655058994808905,90,0.23333333333333334
1684676286529746986,90,0.9333333333333333
1684682463159946473,90,0.1111111111111111
1684728545932482197,90,0.25555555555555554
1685069429878984906,90,0.7666666666666667
1685072999597888999,90,0.5666666666666667
1685079930279192203,90,0.07777777777777778
1685109065791403055,90,0.9666666666666667
1685110312195749659,90,0.32222222222222224
1685125514413799796,90,0.4222222222222222
1685133594826412150,90,1.0
1685140625991600413,90,0.14444444444444443
1685144461958835401,90,0.14444444444444443
1685148867163143704,90,0.9111111111111111
1685154129936297567,90,0.9333333333333333
1685160524447900463,90,0.8333333333333334
1685189994449578776,90,0.7555555555555555
1685193039042869815,90,0.9666666666666667
1685194061486985848,90,0.8222222222222222
1685217470701577474,90,0.13333333333333333
1685227431999312605,90,0.0
1685235422511290802,90,0.17777777777777778
1685268660091338559,90,0.2222222222222222
1685281796667467662,90,0.9777777777777777
1685285496729943734,90,0.0
1685304006364322538,90,0.9111111111111111
1685362987641756511,90,0.6555555555555556
1685366519794743850,90,0.0
1685407345965294177,90,0.0
1685419727420371061,90,0.4111111111111111
1685462177403289712,90,0.6555555555555556
1685470252171036148,90,0.0
1685474027447343056,90,0.2111111111111111
1685519724761219433,90,0.5222222222222223
1685531393622369608,90,0.08888888888888889
1685582476197125687,90,0.23333333333333334
1685637225564141185,90,0.2222222222222222
1685861517509161465,90,0.0
1685951751089176145,90,0.022222222222222223
1685962894990332446,90,0.8777777777777778
1685990190155334939,90,0.5222222222222223
1686003741684570714,90,0.0
1686004645423008015,90,0.0
1686005538411043707,90,0.0
1686006427073818520,90,0.0
1686007281412283263,90,0.07777777777777778
1686007898820355839,90,0.0
1686008163120327342,90,0.0
1686036784795221724,90,0.9666666666666667
1686038961467276708,90,0.9555555555555556
1686046866854764502,90,0.18888888888888888
1686048373435040428,90,0.08888888888888889
1686051897101602074,90,0.12222222222222222
1686060615618313997,90,0.9666666666666667
1686063860129057590,90,0.7
1686065081046144213,90,0.8111111111111111
1686070830849912196,90,0.08888888888888889
1686089380812465234,90,0.0
1686112023027712522,90,0.0
1686112759292249402,90,0.14444444444444443
1686119251062978348,90,0.6111111111111112
1686247596803490015,90,0.011111111111111112
1686289074230158894,90,0.044444444444444446
1686351601665677478,90,0.35555555555555557
1686364725674896792,90,0.36666666666666664
1686504287638812804,90,0.13333333333333333
1686600645667017336,90,0.6666666666666666
1686632073998338029,90,0.07777777777777778
1686668687140540483,90,0.5111111111111111
1686688774727150225,90,0.13333333333333333
1686710765863015530,90,0.0
1686848129077223994,90,1.0
1686868296163358748,90,0.08888888888888889
1686913641159405749,90,0.05555555555555555
1687011711928787382,90,0.0
1687018388460721894,90,0.0
1687018475340492353,90,0.0
1687026456404968797,90,0.0
1687240402188161249,90,0.2
1687294128629604308,90,0.17777777777777778
1687296383522980565,90,0.8222222222222222
1687314754833336847,90,0.3111111111111111
1687358318250276369,90,0.6888888888888889
1687373960713416919,90,0.14444444444444443
1687381295279472453,90,1.0
1687415181494530695,90,0.2777777777777778
1687455636850577041,90,0.8888888888888888
1687470574847803074,90,0.2111111111111111
1687504014305459880,90,1.0
1687594117703592301,90,0.6111111111111112
1687710121170079073,90,0.0
1687772945133725315,90,0.08888888888888889
1687790006632902829,90,0.36666666666666664
1687981278705094191,90,0.2222222222222222
1687981340905622488,90,0.37777777777777777
1688024922498164548,90,0.37777777777777777
1688038006466791175,90,0.4111111111111111
1688038489249239770,90,0.0
1688055692213419971,90,0.3
1688083853472021220,90,0.13333333333333333
1688089717935327369,90,0.12222222222222222
1688101175254420082,90,0.8555555555555555
1688110567970745862,90,0.43333333333333335
1688112621799528591,90,0.8
1688113396597914700,90,0.06666666666666667
1688114045030892811,90,0.8
1688133107707110589,90,0.2222222222222222
1688152827725917603,90,0.0
1688191252702278759,90,0.6111111111111112
1688206582179164124,90,0.13333333333333333
1688207050364095264,90,0.044444444444444446
1688207796260875688,90,0.08888888888888889
1688211189562670836,90,0.3333333333333333
1688213140224720933,90,1.0
1688222112846125108,90,0.7
1688234318167335739,90,0.14444444444444443
1688281522110123881,90,0.9111111111111111
1688290186757292656,90,0.36666666666666664
1688303666738037298,90,0.9
1688309556786530823,90,0.17777777777777778
1688349208841316256,90,0.8444444444444444
1688360136532608555,90,0.044444444444444446
1688360723186803526,90,0.35555555555555557
1688387407257168641,90,0.9444444444444444
1688391392253058477,90,0.3111111111111111
1688397470305879303,90,0.15555555555555556
1688615152129972142,90,0.6222222222222222
1688616295535196940,90,0.9666666666666667
1688718310471821119,90,0.2111111111111111
1688735584530897817,90,1.0
1688738894018301837,90,0.9333333333333333
1688752703123854483,90,0.5222222222222223
1688771392178545238,90,0.6111111111111112
1688773582380935307,90,0.6333333333333333
1688776521018092314,90,0.14444444444444443
1688795688890795127,90,0.4222222222222222
1688803903500475496,90,0.28888888888888886
1688826214380205136,90,0.28888888888888886
1688834691496594055,90,0.12222222222222222
1688836211173198935,90,0.7777777777777778
1688855663028455385,90,0.9666666666666667
1688859780734892437,90,0.12222222222222222
1688869964541647018,90,0.35555555555555557
1688877741834420094,90,0.18888888888888888
1688892727036466818,90,0.9888888888888889
1688919189783851665,90,0.9333333333333333
1688919941753089983,90,0.0
1688925319823282107,90,0.2222222222222222
1688929472987239345,90,0.9
1688944093155540163,90,0.9333333333333333
1688951023458546001,90,0.4888888888888889
1688951183849746031,90,0.17777777777777778
1688974343536753074,90,0.9777777777777777
1688979238075750795,90,0.18888888888888888
1688993471497337091,90,0.8
1689002065137604607,90,0.1111111111111111
1689018070769531859,90,0.08888888888888889
1689056983120198506,90,1.0
1689067304032125146,90,0.5
1689088065838156054,90,0.5444444444444444
1689099563911691965,90,0.08888888888888889
1689119110130812759,90,0.4666666666666667
1689374243075444580,90,0.12222222222222222
1689389582790601744,90,0.07777777777777778
1689395772811282987,90,0.3
1689404419495650877,90,0.28888888888888886
1689477404487621454,90,0.2111111111111111
1689479274240635705,90,0.9777777777777777
1689479857078863131,90,0.6555555555555556
1689508376995529090,90,0.17777777777777778
1689518312561846671,90,0.14444444444444443
1689529252133391819,90,0.8444444444444444
1689560717419809758,90,0.8444444444444444
1689573705154251774,90,0.6888888888888889
1689580152200714592,90,0.07777777777777778
1689609743918568576,90,0.2222222222222222
1689612026969615807,90,0.9777777777777777
1689614883637797769,90,1.0
1689618424013783247,90,0.2222222222222222
1689622518374581313,90,0.24444444444444444
1689625000339394860,90,0.06666666666666667
1689625271145301803,90,0.6333333333333333
1689646040892103932,90,0.044444444444444446
1689672300259186124,90,0.18888888888888888
1689706950093572898,90,0.34444444444444444
1689724547839721723,90,0.2111111111111111
1689743946407190785,90,0.25555555555555554
1689763757708533231,90,0.24444444444444444
1689768390457593044,90,0.8111111111111111
1689861468260734819,90,0.6111111111111112
1690173529375640723,90,0.7666666666666667
1690175312575019461,90,0.0
1690188997189708908,90,0.2777777777777778
1690209040588654231,90,0.05555555555555555
1690209611468344173,90,0.34444444444444444
1690261244327718806,90,0.9555555555555556
1690266328033197073,90,0.5222222222222223
1690273924560308416,90,0.08888888888888889
1690278334301067594,90,0.23333333333333334
1690290647249541551,90,0.06666666666666667
1690320923917066266,90,0.17777777777777778
1690368625855562591,90,0.7
1690369882858455334,90,0.7666666666666667
1690374598552406103,90,0.18888888888888888
1690421872181779633,90,0.2222222222222222
1690435374641109211,90,1.0
1690469130339248786,90,0.2222222222222222
1690493528980643921,90,0.8444444444444444
1690495993702698095,90,0.7555555555555555
1690528207885066524,90,0.23333333333333334
1690586762572954175,90,0.9888888888888889
1690731968557239594,90,0.011111111111111112
1690791800850069549,90,1.0
1690827492000895530,90,0.9222222222222223
1690848320386873518,90,0.8444444444444444
1690889812432378578,90,0.35555555555555557
1690944640028647827,90,0.0
1690992807525475441,90,0.0
1691008641635144062,90,0.2111111111111111
1691017478475043368,90,1.0
1691031483185084574,90,0.6888888888888889
1691049344626488094,90,0.15555555555555556
1691077123803562742,90,0.011111111111111112
1691108726088045089,90,0.05555555555555555
1691124413748112386,90,0.16666666666666666
1691127906460112174,90,0.05555555555555555
1691145770201982215,90,0.13333333333333333
1691155998594979183,90,0.9222222222222223
1691164686697307594,90,0.9222222222222223
1691170156303931701,90,0.9222222222222223
1691263326146495600,90,0.0
1691267262893046462,90,0.15555555555555556
1691272606953486105,90,0.35555555555555557
1691278976748732598,90,0.4111111111111111
1691280149257515448,90,0.2111111111111111
1691280702550171026,90,0.9333333333333333
1691313639734680550,90,0.23333333333333334
1691326642148434248,90,0.2
1691596613962342020,90,0.05555555555555555
1691637842662766628,90,0.2
1691830662936062663,90,0.9777777777777777
1691832601094525504,90,0.6333333333333333
1691851482529884614,90,0.28888888888888886
1691886568023643621,90,0.0
1692022450224645830,90,0.2777777777777778
1692049531511755068,90,0.0
1692051242315570138,90,0.0
1692060189493290740,90,0.08888888888888889
1692352759610240029,90,0.5111111111111111
1692381841705455149,90,0.044444444444444446
1692459340535722865,90,0.03333333333333333
1692488696012689042,90,0.8222222222222222
1692489850004356843,90,0.07777777777777778
1692579561067954219,90,0.6777777777777778
1692601517871653373,90,0.0
1692602755696985466,90,0.07777777777777778
1692614206007713259,90,0.08888888888888889
1692630191092135412,90,0.13333333333333333
1692641181693953292,90,0.3333333333333333
1692711602137626712,90,0.5111111111111111
1692715602532955280,90,0.4888888888888889
1692995020683575494,90,0.0
1693048517237307755,90,0.0
1693054952899579295,90,0.011111111111111112
1693072130072075238,90,0.17777777777777778
1693075390418511733,90,0.5777777777777777
1693113848549895627,90,0.2222222222222222
1693131729952677671,90,0.5777777777777777
1693150398716041100,90,0.044444444444444446
1693151057090635105,90,0.4666666666666667
1693171627802004729,90,0.16666666666666666
1693192652997353547,90,0.1111111111111111
1693205371833895363,90,0.18888888888888888
1693207625038406140,90,0.0
1693221139899537211,90,0.5555555555555556
1693238052154928324,90,0.6777777777777778
1693239816553200752,90,0.2222222222222222
1693267248904462388,90,0.07777777777777778
1693290083870353579,90,0.9
1693306451479147567,90,0.2777777777777778
1693334952679739837,90,0.0
1693346481802314705,90,0.3888888888888889
1693396598295056182,90,0.15555555555555556
1693448161973212003,90,0.34444444444444444
1693736108650569307,90,0.0
1693739389629678952,90,0.0
1693739616198859301,90,0.044444444444444446
1693742896628866574,90,0.28888888888888886
1693745812523611758,90,0.0
1693747946726158925,90,0.0
1693750128970417427,90,0.0
1693786918178583832,90,0.17777777777777778
1693807764459503291,90,0.2
1693859051994443600,90,1.0
1693934457426679789,90,0.6777777777777778
1693949374559087800,90,0.14444444444444443
1693960480161711445,90,0.0
1693989137226399499,90,0.7888888888888889
1693989228316768190,90,0.7666666666666667
1693998256669102213,90,0.4888888888888889
1694007070717763882,90,0.0
1694025488217796400,90,0.9777777777777777
1694041888346624004,90,0.07777777777777778
1694045228656775173,90,0.0
1694071629281430520,90,0.18888888888888888
1694119019748377594,90,0.8444444444444444
1694165543800512875,90,0.28888888888888886
1694367269933883025,90,0.022222222222222223
1694437238341378411,90,0.3111111111111111
1694442236906531215,90,0.13333333333333333
1694495416277921655,90,0.8777777777777778
1694521969844646157,90,0.07777777777777778
1694545853455904290,90,0.17777777777777778
1694546559193839848,90,0.2222222222222222
1694551775147936298,90,0.0
1694568449223661740,90,0.9777777777777777
1694578869117376700,90,0.0
1694595576928167145,90,0.6333333333333333
1694608955096859627,90,0.6555555555555556
1694638939620305369,90,0.0
1694643927683330590,90,0.0
1694652611123254943,90,0.0
1694669921777670472,90,0.8
1694671230498497492,90,0.0
1694676693717518598,90,0.6777777777777778
1694683873987336452,90,0.07777777777777778
1694690696850883788,90,0.26666666666666666
1694693093485651844,90,0.5666666666666667
1694698633684753660,90,0.9777777777777777
1694716422982791267,90,0.03333333333333333
1694717782895013400,90,0.34444444444444444
1694719159018199873,90,0.8
1694719527608833798,90,0.9666666666666667
1694720447275325456,90,0.8
1694721723916895130,90,0.8222222222222222
1694722938066216766,90,0.13333333333333333
1694724249544272611,90,0.0
1694725541702868183,90,0.022222222222222223
1694745378278131136,90,0.2777777777777778
1694853494945738710,90,0.8333333333333334
1694906090311779951,90,0.13333333333333333
1694906115677905786,90,0.14444444444444443
1694928921122827440,90,0.4
1695251213541741006,90,0.6555555555555556
1695280021264828920,90,1.0
1695280818810375299,90,0.0
1695282585045916474,90,0.5222222222222223
1695293026868922560,90,0.9
1695309450261265630,90,0.2111111111111111
1695318683477598163,90,0.16666666666666666
1695346079337815319,90,0.4111111111111111
1695363593662036751,90,0.13333333333333333
1695387016741201711,90,0.28888888888888886
1695391233878969813,90,0.06666666666666667
1695438130173890011,90,0.14444444444444443
1695504659712583820,90,0.8222222222222222
1695569349290275845,90,0.8666666666666667
1695580487460483057,90,0.6666666666666666
1695598914015803805,90,0.0
1695607652950202338,90,0.9555555555555556
1695649291733810604,90,0.1
1695697720103989507,90,0.5
1695816491484732866,90,0.14444444444444443
1695919993432717301,90,0.03333333333333333
1695940776788265389,90,0.05555555555555555
1695973928130478417,90,0.07777777777777778
1696004017306018564,90,0.2777777777777778
1696017295698001531,90,0.8222222222222222
1696024144734577793,90,0.9222222222222223
1696037781623208403,90,0.0
1696049994624684447,90,0.4444444444444444
1696169772051209526,90,0.1
1696173903891543746,90,0.7555555555555555
1696179173497403754,90,0.0
1696184670443823778,90,0.7333333333333333
1696184850753074637,90,0.28888888888888886
1696186387081180832,90,0.0
1696192969188566547,90,0.1111111111111111
1696200046892924571,90,0.0
1696235563952355284,90,0.16666666666666666
1696238787961108150,90,0.9111111111111111
1696288423447036914,90,0.7
1696291944571715236,90,0.4
1696361831367863139,90,0.43333333333333335
1696436724224276110,90,0.13333333333333333
1696439515502687466,90,1.0
1696457167913946143,90,0.3888888888888889
1696478087699272403,90,0.5555555555555556
1696664250741996567,90,0.36666666666666664
1696708105360635051,90,0.36666666666666664
1696715471286741425,90,0.36666666666666664
1696760810042283053,90,0.3111111111111111
1696760835876532391,90,0.28888888888888886
1696760852965875139,90,0.3333333333333333
1696760874478774579,90,0.4444444444444444
1696760895828898340,90,0.28888888888888886
1696760914044426342,90,0.28888888888888886
1696760936801823675,90,0.3333333333333333
1696829947657228402,90,0.011111111111111112
1696869620760175408,90,0.0
1696912263780240047,90,0.6111111111111112
1697045393383858495,90,0.03333333333333333
1697045773301915286,90,0.15555555555555556
1697058147010360699,90,0.2
1697086227669792082,90,0.8111111111111111
1697441000123935739,90,0.1
1697452594603285079,90,0.0
1697464252431862497,90,0.07777777777777778
1697478153576044616,90,0.6888888888888889
1697552146121305772,90,0.6
1697591458217139688,90,0.13333333333333333
1697605117684800973,90,0.03333333333333333
1697632623375958953,90,0.9
1697716598119920286,90,0.2222222222222222
1697745791497865080,90,0.022222222222222223
1697792752827998493,90,0.6555555555555556
1697807439621430494,90,0.011111111111111112
1697809785826676148,90,0.0
1697817729565905893,90,0.5222222222222223
1697898075867844616,90,0.28888888888888886
1698152371139044981,90,0.3
1698169989918582105,90,0.2111111111111111
1698183144331255541,90,0.7666666666666667
1698193528306400367,90,0.9222222222222223
1698284053417345498,90,0.13333333333333333
1698339270258808006,90,0.13333333333333333
1698349896099640479,90,0.18888888888888888
1698358109930674824,90,0.7222222222222222
1698377352898773579,90,0.0
1698394053043060144,90,0.36666666666666664
1698430680727863831,90,0.1111111111111111
1698482835018411596,90,0.0
1698518350738446988,90,0.1
1698545574279734170,90,0.08888888888888889
1698576142368634817,90,0.0
1698577124594161397,90,0.0
1698609283108792991,90,0.0
1698878875904975985,90,0.5444444444444444
1698885337785228770,90,0.0
1698893395635059465,90,0.9777777777777777
1698908352927032360,90,0.17777777777777778
1698933450984847349,90,0.8222222222222222
1698937304782956701,90,0.23333333333333334
1698939328874949042,90,0.0
1698942940435587476,90,0.18888888888888888
1698963076860292922,90,0.0
1698989643475677529,90,0.1111111111111111
1699005002753501011,90,0.05555555555555555
1699012120882899967,90,0.12222222222222222
1699013887807331547,90,0.9
1699035751973170664,90,0.0
1699037078119460734,90,0.044444444444444446
1699050754617346436,90,0.0
1699054879146101375,90,0.28888888888888886
1699056882768432436,90,0.07777777777777778
1699092246253278551,90,0.24444444444444444
1699099166742867624,90,0.13333333333333333
1699102445499032746,90,0.0
1699126013093544832,90,0.7555555555555555
1699134752921027993,90,0.4222222222222222
1699136622627103171,90,0.4111111111111111
1699152516593017705,90,0.3
1699162914240111764,90,0.0
1699201503062095632,90,0.36666666666666664
1699256091801591320,90,0.15555555555555556
1699276436123597265,90,0.1111111111111111
1699482913621791650,90,0.022222222222222223
1699488317081253563,90,0.37777777777777777
1699587994934779653,90,1.0
1699654109051126248,90,0.16666666666666666
1699654374252267771,90,0.7
1699706504675213169,90,0.08888888888888889
1699707480382124743,90,0.2
1699715479172944221,90,0.17777777777777778
1699748816127224463,90,0.3333333333333333
1699751633760819729,90,0.022222222222222223
1699770476756091812,90,0.4444444444444444
1699771017677963566,90,0.6111111111111112
1699777097149333798,90,0.08888888888888889
1699777919126063015,90,0.0
1699790314921790043,90,0.8111111111111111
1699794920050592402,90,0.7666666666666667
1699796853241799999,90,0.4111111111111111
1699813410747483687,90,0.0
1699814087260876713,90,0.011111111111111112
1699825303052882766,90,0.12222222222222222
1699841480151630553,90,0.0
1699843598905997256,90,0.23333333333333334
1699874933590924577,90,0.8111111111111111
1699882186561012115,90,0.4666666666666667
1699937058185899866,90,0.1
1699938432093702183,90,0.0
1699941553978608695,90,0.0
1699943154234857889,90,0.0
1699943274204327322,90,0.14444444444444443
1699945280893471069,90,0.0
1699994657454741896,90,0.8444444444444444
1699997813082472960,90,0.15555555555555556
1700011216617934007,90,0.0
1700311640445133053,90,0.044444444444444446
1700324342865950425,90,0.022222222222222223
1700348695510990726,90,0.022222222222222223
1700376677998454016,90,0.8333333333333334
1700387101401522460,90,0.35555555555555557
1700407515124560816,90,0.7888888888888889
1700420010261033070,90,1.0
1700422093220154846,90,0.8888888888888888
1700423642725413841,90,0.9111111111111111
1700427703566596920,90,0.34444444444444444
1700444699162082180,90,0.32222222222222224
1700467127243371015,90,0.35555555555555557
1700485714761133278,90,0.8666666666666667
1700492965465403881,90,0.18888888888888888
1700525920641288217,90,0.45555555555555555
1700600050534260580,90,0.9777777777777777
1700742163432419104,90,0.4
1700748471431780028,90,0.8333333333333334
1700764439299694564,90,0.9777777777777777
1701044192605009909,90,0.2777777777777778
1701062408764114103,90,0.022222222222222223
1701099457794220335,90,0.8666666666666667
1701108774412499174,90,0.4
1701110596922278304,90,0.2222222222222222
1701118032281318309,90,0.16666666666666666
1701128053397864420,90,0.0
1701142571742950851,90,0.16666666666666666
1701153353003905682,90,0.2222222222222222
1701170912975115613,90,0.03333333333333333
1701195847840402472,90,0.022222222222222223
1701196954795448720,90,0.9666666666666667
1701200893613341926,90,0.35555555555555557
1701212419765182742,90,0.8888888888888888
1701231210856730092,90,0.2
1701242644078147629,90,0.8
1701243521310123964,90,0.8888888888888888
1701244337321597164,90,0.8
1701253387463131524,90,0.17777777777777778
1701273493321452532,90,0.0
1701277594608476312,90,0.7111111111111111
1701300108941901327,90,0.34444444444444444
1701330386811023970,90,0.4111111111111111
1701333392955568589,90,0.7666666666666667
1701335727820778748,90,0.2222222222222222
1701338448837517908,90,0.6333333333333333
1701350754326668788,90,0.2
1701352735120665009,90,0.25555555555555554
1701354819693440840,90,0.9777777777777777
1701359703006199799,90,0.9222222222222223
1701365560513382058,90,0.4222222222222222
1701379117456533402,90,0.5333333333333333
1701425152272872386,90,0.0
1701463448363167745,90,0.13333333333333333
1701623190238054431,90,0.9777777777777777
1701794815626228588,90,0.28888888888888886
1701804886468434219,90,0.06666666666666667
1701878719063037494,90,0.4222222222222222
1701885253700272397,90,0.0
1701999680296718637,90,0.6555555555555556
1702060710054675420,90,0.022222222222222223
1702072255654781568,90,0.8
1702559221305268138,90,0.0
1702605225035716799,90,0.0
1702613992419866718,90,0.13333333333333333
1702626782795205391,90,0.6555555555555556
1702629547925849378,90,0.6777777777777778
1702664441772926675,90,0.16666666666666666
1702697473190298939,90,0.7555555555555555
1702723634943790213,90,0.7111111111111111
1702727669041915274,90,0.0
1702762916528511390,90,0.16666666666666666
1702852527080721181,90,0.0
1702904251386499602,90,0.8555555555555555
1703206938373268106,90,0.23333333333333334
1703215592775602141,90,0.18888888888888888
1703337272459980686,90,0.15555555555555556
1703377817272344984,90,0.3333333333333333
1703432455315020540,90,0.7333333333333333
1703453309571412041,90,0.1
1703455966699144721,90,0.0
1703463854644678849,90,0.8444444444444444
1703476592013594497,90,0.9444444444444444
1703501577960256168,90,0.7444444444444445
1703518354108169016,90,0.06666666666666667
1703539808366157785,90,1.0
1703574750730179087,90,0.9555555555555556
1703578060603720206,90,0.17777777777777778
1703588023627390320,90,0.14444444444444443
1703595360261815652,90,0.12222222222222222
1703981468120536612,90,0.8444444444444444
1703984590493353938,90,0.34444444444444444
1703991207775924528,90,0.011111111111111112
1703994770342701004,90,0.8111111111111111
1703995381386979278,90,0.8111111111111111
1703995931816933379,90,0.06666666666666667
1703996515021197938,90,0.011111111111111112
1703997127739627805,90,0.011111111111111112
1703997743357447265,90,0.011111111111111112
1704005155349642551,90,0.2111111111111111
1704006561447344233,90,0.9777777777777777
1704021743042794024,90,0.07777777777777778
1704033727847816776,90,0.08888888888888889
1704034414035964815,90,0.7777777777777778
1704040982699392324,90,0.4444444444444444
1704042360421010750,90,0.06666666666666667
1704085066717170417,90,0.13333333333333333
1704086731043737559,90,0.03333333333333333
1704132379135931840,90,0.15555555555555556
1704169458785493215,90,0.08888888888888889
1704194833792419922,90,0.8
1704199401909581943,90,0.0
1704205137900840523,90,0.14444444444444443
1704208685973827469,90,0.0
1704213709182494721,90,0.0
1704222025252323065,90,0.9666666666666667
1704236658372722896,90,0.06666666666666667
1704269755369961177,90,0.022222222222222223
1704299274109030852,90,0.6111111111111112
1704342090102532015,90,0.0
1704437398009668637,90,0.011111111111111112
1704606904915958312,90,0.24444444444444444
1704681345317314612,90,0.2111111111111111
1704684364883531206,90,0.2777777777777778
1704686576147838687,90,0.0
1704687224142060238,90,0.2
1704690602737271602,90,0.9222222222222223
1704698986497339139,90,0.06666666666666667
1704709677858595326,90,0.9333333333333333
1704709744691749536,90,0.32222222222222224
1704728161479385990,90,0.9444444444444444
1704733427130148182,90,0.9666666666666667
1704741858094947191,90,0.6111111111111112
1704754116743247239,90,0.9
1704758175961647532,90,0.4222222222222222
1704768289068732912,90,0.0
1704777380829966849,90,0.0
1704803728150390277,90,0.7777777777777778
1704810222273666954,90,0.2111111111111111
1704812599983012963,90,0.8888888888888888
1704822750160515400,90,0.13333333333333333
1704843507665704399,90,0.03333333333333333
1704869855241490885,90,0.0
1704888455496000589,90,0.4888888888888889
1704889097845114671,90,0.6111111111111112
1704894451551250684,90,0.4777777777777778
1704905624425236253,90,0.12222222222222222
1704935239949243913,90,0.13333333333333333
1704953730853351954,90,0.011111111111111112
1705046559939859514,90,0.37777777777777777
1705075628460139225,90,0.0
1705083359367084749,90,0.0
1705226970793524250,90,0.7
1705377284862164020,90,0.3
1705383502874292629,90,0.13333333333333333
1705409796552286512,90,0.0
1705430202453282904,90,0.6333333333333333
1705524365941511285,90,0.0
1705574212561469543,90,0.0
1705585101088706127,90,0.03333333333333333
1705588645974277096,90,0.13333333333333333
1705602956337230390,90,0.9888888888888889
1705656745850054525,90,0.2777777777777778
1705675515333470286,90,0.1111111111111111
1705676980742148727,90,0.044444444444444446
1705677935379220708,90,0.6
1705714703078119918,90,0.16666666666666666
1705732257613875433,90,0.24444444444444444
1705754014385161535,90,0.8111111111111111
1705757932087791486,90,0.0
1705770226592399468,90,0.011111111111111112
1705776006491166483,90,0.044444444444444446
1705782814616600265,90,0.0
1705791559044716158,90,0.0
1705797591226756340,90,0.0
1705804279010722486,90,0.23333333333333334
1706156269912582414,90,0.12222222222222222
1706160448680287541,90,0.15555555555555556
1706160451389227735,90,0.1111111111111111
1706174749490123350,90,0.2111111111111111
1706181926474060632,90,0.13333333333333333
1706190060202057738,90,0.2
1706203251570180048,90,0.1
1706216105878149092,90,0.0
1706223071458845480,90,0.1111111111111111
1706234151866326004,90,0.8555555555555555
1706256159325799929,90,0.6333333333333333
1706264213089060254,90,0.0
1706275220504685536,90,0.9
1706284503682561242,90,0.17777777777777778
1706286289619078434,90,0.0
1706290241834036193,90,0.3
1706301451370732967,90,1.0
1706302154280412140,90,0.9
1706312341326382462,90,0.0
1706339106187054628,90,0.2
1706427333356689382,90,0.044444444444444446
1706429593068860717,90,0.9555555555555556
1706491352792344608,90,0.16666666666666666
1706509251564330327,90,0.0
1706852662742698465,90,0.8222222222222222
1706884513157197018,90,0.044444444444444446
1706930484064129981,90,0.6111111111111112
1707028889422810788,90,0.0
1707058369023427483,90,0.18888888888888888
1707059708318642248,90,0.18888888888888888
1707087949813760930,90,0.8333333333333334
1707089098375963674,90,0.2111111111111111
1707102090456523874,90,0.022222222222222223
1707155952523390193,90,0.07777777777777778
1707175921034994096,90,0.5666666666666667
1707191787719334222,90,0.6111111111111112
1707255754407446829,90,0.24444444444444444
1707519386627033402,90,0.13333333333333333
1707527930075836216,90,0.13333333333333333
1707535042427990203,90,0.13333333333333333
1707576060943587720,90,0.17777777777777778
1707583762334050186,90,0.13333333333333333
1707597311457785099,90,0.9777777777777777
1707663197641512390,90,0.26666666666666666
1707675732555497070,90,0.044444444444444446
1707787878911583565,90,0.0
1707854189742601909,90,0.1
1707890836126902776,90,0.15555555555555556
1708247409242491913,90,0.13333333333333333
1708267513796432684,90,0.011111111111111112
1708278096209890589,90,0.05555555555555555
1708337979930559177,90,0.7444444444444445
1708350107937158081,90,0.9666666666666667
1708361611117685002,90,0.13333333333333333
1708380347237123416,90,0.8444444444444444
1708392236615337968,90,0.9333333333333333
1708402155137241673,90,0.0
1708406422589068451,90,0.9444444444444444
1708408054908979552,90,0.8111111111111111
1708408672582040185,90,0.011111111111111112
1708409395181801252,90,0.011111111111111112
1708410078217111643,90,0.8111111111111111
1708410716339697218,90,0.011111111111111112
1708411388886605944,90,0.8111111111111111
1708412019655687448,90,0.8111111111111111
1708412640233086193,90,0.4
1708457057761292342,90,0.25555555555555554
1708472814123454462,90,0.7666666666666667
1708474834240732086,90,0.9777777777777777
1708477323548895278,90,0.6666666666666666
1708493071811602957,90,0.7222222222222222
1708495911710391000,90,0.0
1708500344890401814,90,0.0
1708509627443800427,90,0.0
1708511351512996947,90,0.6666666666666666
1708523006250034729,90,0.9777777777777777
1708546420294056495,90,0.9666666666666667
1708561566960302919,90,0.3
1708565321774763997,90,0.9666666666666667
1708578493701387271,90,0.9222222222222223
1708582722963189717,90,0.7333333333333333
1708586143939455314,90,0.16666666666666666
1708596855980746415,90,0.044444444444444446
1708634482701891714,90,0.07777777777777778
1708664869881352811,90,0.1111111111111111
1708666128308521063,90,0.3111111111111111
1708684957359199176,90,0.044444444444444446
1708696331142123792,90,0.18888888888888888
