gtfs_service_date,station_id,point_id,entrance_name,lat,lon,point_type,station_name,mode,has_metro,services_per_hour,rail_mins_to_cbd,rail_mins_to_airport
20261007,253330,253330_ENT1,ENT Railway Pde,-34.67259802,150.85435375,Entrance,Kiama Station,Train,0,3.0,161.22,147.54
20261007,253420,253420_ENT1,ENT Station Carpark,-34.74482324,150.81763688,Entrance,Gerringong Station,Train,0,1.17,203.12,191.92
20261007,253510,253510_ENT1,ENT Station Carpark,-34.7802428,150.69670044,Entrance,Berry Station,Train,0,1.33,212.12,200.92
20261007,254110,254110_ENT1,ENT Station Carpark,-34.85377607,150.60974053,Entrance,Bomaderry Station,Train,0,1.0,222.12,210.92
20261007,257810,257810_ENT1,ENT Railway Av,-34.65603027,150.29957801,Entrance,Bundanoon Station,Train,0,0.33,254.2,256.16
20261007,257810,257810_ENT2,ENT Erith St,-34.65587604,150.29961552,Entrance,Bundanoon Station,Train,0,0.33,254.2,256.16
20261007,257910,257910_ENT1,ENT Railway Pde,-34.69227605,150.15832322,Entrance,Wingello Station,Train,0,0.0,305.4,305.4
20261007,257910,257910_ENT2,ENT Sydney St,-34.69209794,150.15824006,Entrance,Wingello Station,Train,0,0.0,305.4,305.4
20261007,257920,257920_ENT1,ENT Penrose Rd,-34.67230729,150.21226392,Entrance,Penrose Station,Train,0,0.0,300.4,300.4
20261007,257920,257920_ENT2,ENT Kareela Rd,-34.67214111,150.21207204,Entrance,Penrose Station,Train,0,0.0,300.4,300.4
20261007,257940,257940_ENT1,ENT Thoroughfare St,-34.70965513,150.00588416,Entrance,Marulan Station,Train,0,0.0,318.4,318.4
20261007,257950,257950_ENT1,ENT Railway Pde,-34.71848722,150.08589063,Entrance,Tallong Station,Train,0,0.0,312.4,312.4
20261007,258010,258010_ENT1,ENT Main,-34.75815791,149.71925131,Entrance,Goulburn Station,Train,0,0.67,291.6,293.84
20261007,258010,258010_ENT2,ENT Park Rd,-34.75872389,149.72014367,Entrance,Goulburn Station,Train,0,0.67,291.6,293.84
20261007,211310,211310_ENT1,ESC/LFT Mac Uni,-33.7771618,151.11808863,Entrance,Macquarie University Station,Metro,1,25.17,19.36,43.86
20261007,211310,211310_ENT2,ESC/LFT Mac Centre,-33.77742915,151.11844672,Entrance,Macquarie University Station,Metro,1,25.17,19.36,43.86
20261007,211340,211340_ENT1,ESC/LFT Lane Cove NW,-33.78504869,151.12796263,Entrance,Macquarie Park Station,Metro,1,25.17,17.31,41.81
20261007,211340,211340_ENT2,ESC/LFT Lane Cove SE,-33.78541854,151.12848758,Entrance,Macquarie Park Station,Metro,1,25.17,17.31,41.81
20261007,211750,211750_ENT1,ENT Adderton Rd N,-33.79407242,151.04115313,Entrance,Telopea Light Rail,Light rail,0,16.0,55.08,70.08
20261007,211750,211750_ENT2,ENT Adderton Rd S,-33.79460731,151.04077899,Entrance,Telopea Light Rail,Light rail,0,16.0,55.08,70.08
20261007,211750,211750_ENT3,ENT Sturt St N,-33.7941816,151.0413957,Entrance,Telopea Light Rail,Light rail,0,16.0,55.08,70.08
20261007,211750,211750_ENT4,ENT Sturt St S,-33.79473449,151.0410224,Entrance,Telopea Light Rail,Light rail,0,16.0,55.08,70.08
20261007,212210,212210_ENT1,ENT West Pde,-33.79009602,151.08195293,Entrance,Eastwood Station,Train,0,8.0,35.41,55.38
20261007,212210,212210_ENT2,LFT Railway Pde,-33.79014728,151.08258128,Entrance,Eastwood Station,Train,0,8.0,35.41,55.38
20261007,212210,212210_ENT3,RMP Railway Pde,-33.79041502,151.08265876,Entrance,Eastwood Station,Train,0,8.0,35.41,55.38
20261007,214710,214710_ENT1,RMP Boomerang Pl,-33.77448701,150.93553526,Entrance,Seven Hills Station,Train,0,16.67,41.45,56.45
20261007,214710,214710_ENT2,LFT Bommerang Pl,-33.77458608,150.9361009,Entrance,Seven Hills Station,Train,0,16.67,41.45,56.45
20261007,214710,214710_ENT3,RMP Terminus Rd,-33.77406937,150.93591537,Entrance,Seven Hills Station,Train,0,16.67,41.45,56.45
20261007,214710,214710_ENT4,LFT Terminus Rd,-33.77408289,150.93605627,Entrance,Seven Hills Station,Train,0,16.67,41.45,56.45
20261007,214810,214810_ENT1,STR/LFT/ESC Main St,-33.76908872,150.90695413,Entrance,Blacktown Station,Train,0,19.33,44.95,59.95
20261007,214810,214810_ENT2,STR/ESC Main St,-33.7689681,150.90734787,Entrance,Blacktown Station,Train,0,19.33,44.95,59.95
20261007,214810,214810_ENT3,STR Main St,-33.76878813,150.90733969,Entrance,Blacktown Station,Train,0,19.33,44.95,59.95
20261007,214810,214810_ENT4,STR/ESC Bus Std A-D,-33.76830804,150.90713444,Entrance,Blacktown Station,Train,0,19.33,44.95,59.95
20261007,214810,214810_ENT5,STR/LFT Boys Av,-33.76784947,150.90795519,Entrance,Blacktown Station,Train,0,19.33,44.95,59.95
20261007,214810,214810_ENT6,ENT CCP Boys Av,-33.76764297,150.90821554,Entrance,Blacktown Station,Train,0,19.33,44.95,59.95
20261007,215020,215020_ENT1,STR/ESC Fitzwilliam,-33.81778961,151.00443215,Entrance,Parramatta Station,Train,0,24.83,30.3,45.3
20261007,215020,215020_ENT10,LFT Bus Std A2,-33.81738567,151.00466159,Entrance,Parramatta Station,Train,0,24.83,30.3,45.3
20261007,215020,215020_ENT2,Westfield Entrance,-33.81747156,151.00451446,Entrance,Parramatta Station,Train,0,24.83,30.3,45.3
20261007,215020,215020_ENT3,Bus Std A2,-33.81731136,151.00445301,Entrance,Parramatta Station,Train,0,24.83,30.3,45.3
20261007,215020,215020_ENT4,Footpath ValentineAv,-33.81836799,151.00576541,Entrance,Parramatta Station,Train,0,24.83,30.3,45.3
20261007,215020,215020_ENT5,East Concourse South,-33.81821982,151.00588804,Entrance,Parramatta Station,Train,0,24.83,30.3,45.3
20261007,215020,215020_ENT6,STR Darcy St,-33.81690123,151.0045958,Entrance,Parramatta Station,Train,0,24.83,30.3,45.3
20261007,215020,215020_ENT7,LFT Darcy St,-33.81703432,151.00493667,Entrance,Parramatta Station,Train,0,24.83,30.3,45.3
20261007,215020,215020_ENT8,PATH Parramatta Sq,-33.81700733,151.00493541,Entrance,Parramatta Station,Train,0,24.83,30.3,45.3
20261007,215020,215020_ENT9,STR/LFT Station St,-33.81792654,151.00631696,Entrance,Parramatta Station,Train,0,24.83,30.3,45.3
20261007,2153477,2153477_ENT1,ESC/LFT Main Ent,-33.73472926,150.96340816,Entrance,Norwest Station,Metro,1,25.33,36.77,61.27
20261007,2153477,2153477_ENT2,ESC/LFT NW Ent,-33.7343576,150.96291649,Entrance,Norwest Station,Metro,1,25.33,36.77,61.27
20261007,2153478,2153478_ENT1,Entrance South,-33.7311258,150.94427171,Entrance,Bella Vista Station,Metro,1,25.5,39.39,63.89
20261007,2153478,2153478_ENT2,Entrance North,-33.73003215,150.94381178,Entrance,Bella Vista Station,Metro,1,25.5,39.39,63.89
20261007,2154391,2154391_ENT1,LFT/ESC Main Ent,-33.73166699,151.00712864,Entrance,Castle Hill Station,Metro,1,25.33,31.59,56.09
20261007,2154392,2154392_ENT1,LFT/ESC Doran Dr,-33.72796266,150.98686521,Entrance,Hills Showground Station,Metro,1,25.33,34.11,58.6
20261007,2155382,2155382_ENT1,Entrance 1,-33.71303764,150.93505432,Entrance,Kellyville Station,Metro,1,25.33,41.89,66.39
20261007,2155383,2155383_ENT1,Entrance 1,-33.69154867,150.92393993,Entrance,Rouse Hill Station,Metro,1,25.5,44.71,69.2
20261007,2155384,2155384_ENT1,ENT Themeda Av,-33.69173713,150.90607517,Entrance,Tallawong Station,Metro,1,25.33,47.28,71.76
20261007,2155384,2155384_ENT2,ENT Implexa Pde,-33.69148824,150.90596687,Entrance,Tallawong Station,Metro,1,25.33,47.28,71.76
20261007,274710,274710_ENT1,ENT Carpark,-33.75931108,150.75770831,Entrance,Werrington Station,Train,0,8.0,61.5,76.5
20261007,274710,274710_ENT3,ENT Kazanis Ct,-33.75902834,150.75752332,Entrance,Werrington Station,Train,0,8.0,61.5,76.5
20261007,274720,274720_ENT1,STR Park Av,-33.75820713,150.72012417,Entrance,Kingswood Station,Train,0,8.0,65.0,80.0
20261007,274720,274720_ENT2,RMP Park Av,-33.75824693,150.72029852,Entrance,Kingswood Station,Train,0,8.0,65.0,80.0
20261007,274720,274720_ENT3,STR/LFT Park Av,-33.7583827,150.72087623,Entrance,Kingswood Station,Train,0,8.0,65.0,80.0
20261007,274720,274720_ENT4,STR/LFT Gt West Hwy,-33.75856021,150.72066812,Entrance,Kingswood Station,Train,0,8.0,65.0,80.0
20261007,274720,274720_ENT5,RMP  Gt West Hwy,-33.75842921,150.72023088,Entrance,Kingswood Station,Train,0,8.0,65.0,80.0
20261007,274720,274720_ENT6,STR Gt West Hwy,-33.75839809,150.72006769,Entrance,Kingswood Station,Train,0,8.0,65.0,80.0
20261007,275010,275010_ENT1,STR Belmore St,-33.75050324,150.69611033,Entrance,Penrith Station,Train,0,10.83,66.75,81.97
20261007,275010,275010_ENT2,LFT Belmore St,-33.75045016,150.69637776,Entrance,Penrith Station,Train,0,10.83,66.75,81.97
20261007,275010,275010_ENT3,STR Lord Sheffield,-33.7496854,150.69663619,Entrance,Penrith Station,Train,0,10.83,66.75,81.97
20261007,275010,275010_ENT4,LFT Lord Sheffield,-33.74983199,150.69655618,Entrance,Penrith Station,Train,0,10.83,66.75,81.97
20261007,275310,275310_ENT1,ENT Bourke St S,-33.60175134,150.75876577,Entrance,East Richmond Station,Train,0,4.0,88.8,103.2
20261007,275310,275310_ENT2,ENT SE,-33.60182841,150.75889836,Entrance,East Richmond Station,Train,0,4.0,88.8,103.2
20261007,275310,275310_ENT3,ENT Bourke St N,-33.60160537,150.75882405,Entrance,East Richmond Station,Train,0,4.0,88.8,103.2
20261007,275320,275320_ENT1,ENT East Richmnd Rd,-33.5987749,150.75232571,Entrance,Richmond Station,Train,0,4.0,90.78,105.18
20261007,275620,275620_ENT1,ENT Bus Int,-33.61360349,150.81106737,Entrance,Windsor Station,Train,0,4.0,81.3,95.7
20261007,276010,276010_ENT1,STR Station St,-33.76237211,150.77491134,Entrance,St Marys Station,Train,0,8.0,59.0,74.0
20261007,276010,276010_ENT2,LFT Station St,-33.76243115,150.77504341,Entrance,St Marys Station,Train,0,8.0,59.0,74.0
20261007,276010,276010_ENT3,STR Forrester Rd,-33.76187482,150.77496503,Entrance,St Marys Station,Train,0,8.0,59.0,74.0
20261007,276010,276010_ENT4,LFT Forrester Rd,-33.76185955,150.77516936,Entrance,St Marys Station,Train,0,8.0,59.0,74.0
20261007,276220,276220_ENT1,STR Railway Tce,-33.70419524,150.87392802,Entrance,Schofields Station,Train,0,8.0,62.0,77.0
20261007,276220,276220_ENT2,LFT Railway Tce,-33.70440749,150.87405616,Entrance,Schofields Station,Train,0,8.0,62.0,77.0
20261007,276220,276220_ENT3,STR Bridge St,-33.70432507,150.87352415,Entrance,Schofields Station,Train,0,8.0,62.0,77.0
20261007,276220,276220_ENT4,LFT Bridge St,-33.70453069,150.87357652,Entrance,Schofields Station,Train,0,8.0,62.0,77.0
20261007,276310,276310_ENT1,STR Railway Rd,-33.72721278,150.88587757,Entrance,Quakers Hill Station,Train,0,8.0,58.7,73.7
20261007,276310,276310_ENT2,LFT Railway Rd,-33.72742365,150.88604886,Entrance,Quakers Hill Station,Train,0,8.0,58.7,73.7
20261007,276310,276310_ENT3,STR/LFT Pearce Rd,-33.72724657,150.88623499,Entrance,Quakers Hill Station,Train,0,8.0,58.7,73.7
20261007,276510,276510_ENT1,ENT Riverstone Pde,-33.67906245,150.86041404,Entrance,Riverstone Station,Train,0,4.0,67.8,82.2
20261007,276510,276510_ENT2,ENT Garfield To P1,-33.67972861,150.86072411,Entrance,Riverstone Station,Train,0,4.0,67.8,82.2
20261007,276510,276510_ENT3,ENT Garfield To P2,-33.67983501,150.86049174,Entrance,Riverstone Station,Train,0,4.0,67.8,82.2
20261007,276610,276610_ENT1,STR North Pde,-33.77147351,150.84430619,Entrance,Rooty Hill Station,Train,0,8.0,52.0,67.0
20261007,276610,276610_ENT2,LFT North Pde,-33.77139043,150.84465856,Entrance,Rooty Hill Station,Train,0,8.0,52.0,67.0
20261007,276610,276610_ENT3,STR Beames Av,-33.7719211,150.84440174,Entrance,Rooty Hill Station,Train,0,8.0,52.0,67.0
20261007,276610,276610_ENT4,LFT Beames Av,-33.77190404,150.84465995,Entrance,Rooty Hill Station,Train,0,8.0,52.0,67.0
20261007,276710,276710_ENT1,RMP Cross St,-33.76360075,150.86925525,Entrance,Doonside Station,Train,0,8.0,49.0,64.0
20261007,276710,276710_ENT2,LFT Cross St,-33.76365893,150.86883709,Entrance,Doonside Station,Train,0,8.0,49.0,64.0
20261007,276710,276710_ENT3,RMP School Pde,-33.76400433,150.86931657,Entrance,Doonside Station,Train,0,8.0,49.0,64.0
20261007,276710,276710_ENT4,LFT School Pde,-33.76411225,150.86874959,Entrance,Doonside Station,Train,0,8.0,49.0,64.0
20261007,277010,277010_ENT1,STR Bus Stand A-E,-33.76901011,150.8197778,Entrance,Mount Druitt Station,Train,0,8.0,55.0,70.0
20261007,277010,277010_ENT2,LFT Bus Int,-33.76902541,150.82015614,Entrance,Mount Druitt Station,Train,0,8.0,55.0,70.0
20261007,277010,277010_ENT3,STR/ESC Bus Int,-33.76887675,150.82030059,Entrance,Mount Druitt Station,Train,0,8.0,55.0,70.0
20261007,277010,277010_ENT4,STR/LFT North Pde,-33.76937705,150.82015019,Entrance,Mount Druitt Station,Train,0,8.0,55.0,70.0
20261007,277010,277010_ENT5,STR Beames Av,-33.76971737,150.81992792,Entrance,Mount Druitt Station,Train,0,8.0,55.0,70.0
20261007,277010,277010_ENT6,LFT Beames Av,-33.76976501,150.82013506,Entrance,Mount Druitt Station,Train,0,8.0,55.0,70.0
20261007,277010,277010_ENT7,RMP Beames Av,-33.76990034,150.82013028,Entrance,Mount Druitt Station,Train,0,8.0,55.0,70.0
20261007,216710,216710_ENT1,STR Railway Pde S,-33.97245851,150.89311043,Entrance,Glenfield Station,Train,0,19.83,45.52,31.16
20261007,216710,216710_ENT2,LFT Railway Pde S,-33.97229664,150.89338425,Entrance,Glenfield Station,Train,0,19.83,45.52,31.16
20261007,216710,216710_ENT3,STR Railway Pde N,-33.97204719,150.89357836,Entrance,Glenfield Station,Train,0,19.83,45.52,31.16
20261007,216710,216710_ENT4,STR Roy Watts Rd,-33.97185427,150.89312612,Entrance,Glenfield Station,Train,0,19.83,45.52,31.16
20261007,216710,216710_ENT5,LFT Roy Watts Rd,-33.97198708,150.89291587,Entrance,Glenfield Station,Train,0,19.83,45.52,31.16
20261007,217020,217020_ENT1,STR Bigge St,-33.92431271,150.92681382,Entrance,Liverpool Station,Train,0,15.83,55.96,47.29
20261007,217020,217020_ENT2,LFT Bigge St,-33.92437987,150.92696824,Entrance,Liverpool Station,Train,0,15.83,55.96,47.29
20261007,217020,217020_ENT3,STR/ESC Drop Off,-33.9245571,150.9273439,Entrance,Liverpool Station,Train,0,15.83,55.96,47.29
20261007,217020,217020_ENT4,STR Bus Stand A/B,-33.92417716,150.92767234,Entrance,Liverpool Station,Train,0,15.83,55.96,47.29
20261007,217020,217020_ENT5,STR Bus Stand G,-33.92409749,150.92706335,Entrance,Liverpool Station,Train,0,15.83,55.96,47.29
20261007,217426,217426_ENT1,Main Entrance,-33.96936675,150.85885762,Entrance,Edmondson Park Station,Train,0,12.0,63.08,48.58
20261007,217933,217933_ENT1,Entrance,-33.95447269,150.80824651,Entrance,Leppington Station,Train,0,12.17,68.7,54.2
20261007,250020,250020_ENT1,ENT Station St,-34.42697408,150.88842814,Entrance,Wollongong Station,Train,0,4.5,118.09,104.49
20261007,250020,250020_ENT2,Ent West Side,-34.42704259,150.8879746,Entrance,Wollongong Station,Train,0,4.5,118.09,104.49
20261007,250020,250020_ENT3,ENT Crown St,-34.42586289,150.88823525,Entrance,Wollongong Station,Train,0,4.5,118.09,104.49
20261007,256010,256010_ENT1,RMP O'Sullivan Rd,-34.05102463,150.83042751,Entrance,Leumeah Station,Train,0,8.0,59.98,45.94
20261007,256010,256010_ENT2,STR O'Sullivan Rd,-34.05088493,150.83057279,Entrance,Leumeah Station,Train,0,8.0,59.98,45.94
20261007,256010,256010_ENT3,STR O'Sullivan Rd,-34.05079989,150.83069887,Entrance,Leumeah Station,Train,0,8.0,59.98,45.94
20261007,256010,256010_ENT4,RMP/LFT O'Sullivan,-34.05069888,150.83075927,Entrance,Leumeah Station,Train,0,8.0,59.98,45.94
20261007,256010,256010_ENT5,STR Carpark,-34.05034029,150.83069982,Entrance,Leumeah Station,Train,0,8.0,59.98,45.94
20261007,256010,256010_ENT6,LFT Carpark,-34.05045435,150.83051009,Entrance,Leumeah Station,Train,0,8.0,59.98,45.94
20261007,256020,256020_ENT1,STR Hurley St,-34.06367334,150.81461511,Entrance,Campbelltown Station,Train,0,10.5,61.58,48.54
20261007,256020,256020_ENT2,LFT Hurley St,-34.06356999,150.81475124,Entrance,Campbelltown Station,Train,0,10.5,61.58,48.54
20261007,256020,256020_ENT3,STR Farrow Rd,-34.06299582,150.81437899,Entrance,Campbelltown Station,Train,0,10.5,61.58,48.54
20261007,256020,256020_ENT4,LFT Farrow Rd,-34.06315182,150.81428854,Entrance,Campbelltown Station,Train,0,10.5,61.58,48.54
20261007,256020,256020_ENT5,STR Farrow Rd,-34.06329621,150.81399184,Entrance,Campbelltown Station,Train,0,10.5,61.58,48.54
20261007,256030,256030_ENT1,STR Menangle Nth,-34.07225532,150.79707856,Entrance,Macarthur Station,Train,0,10.0,65.7,52.1
20261007,256030,256030_ENT2,LFT Menangle Nth,-34.07219129,150.79740056,Entrance,Macarthur Station,Train,0,10.0,65.7,52.1
20261007,256030,256030_ENT3,LFT Menangle Sth,-34.07242325,150.7974759,Entrance,Macarthur Station,Train,0,10.0,65.7,52.1
20261007,256030,256030_ENT4,ENT Kellicar Ln,-34.07250692,150.79739301,Entrance,Macarthur Station,Train,0,10.0,65.7,52.1
20261007,256030,256030_ENT5,ENT West Syd Uni,-34.07164038,150.79714854,Entrance,Macarthur Station,Train,0,10.0,65.7,52.1
20261007,256310,256310_ENT1,ENT Racecourse Av,-34.10334505,150.74518128,Entrance,Menangle Park Station,Train,0,2.0,101.6,89.96
20261007,256310,256310_ENT2,ENT Racecourse,-34.10332697,150.74488799,Entrance,Menangle Park Station,Train,0,2.0,101.6,89.96
20261007,256410,256410_ENT1,STR/LFT/RAMP RwayPde,-33.98498096,150.87895981,Entrance,Macquarie Fields Station,Train,0,8.0,50.04,35.64
20261007,256510,256510_ENT1,ENT To Platform 2,-33.99741105,150.86483336,Entrance,Ingleburn Station,Train,0,8.0,52.84,38.44
20261007,256510,256510_ENT2,LFT/STR Ingleburn,-33.99786658,150.86438881,Entrance,Ingleburn Station,Train,0,8.0,52.84,38.44
20261007,256510,256510_ENT3,ENT Stanley Rd,-33.99757185,150.86401841,Entrance,Ingleburn Station,Train,0,8.0,52.84,38.44
20261007,256610,256610_ENT1,STR Somerset St,-34.02728663,150.8423249,Entrance,Minto Station,Train,0,8.0,56.76,42.44
20261007,256610,256610_ENT2,LFT Somerset St,-34.02747797,150.84225777,Entrance,Minto Station,Train,0,8.0,56.76,42.44
20261007,256610,256610_ENT3,ENT Minto Rd,-34.02739279,150.84267602,Entrance,Minto Station,Train,0,8.0,56.76,42.44
20261007,256610,256610_ENT4,RMP Minto Rd,-34.02776478,150.84259541,Entrance,Minto Station,Train,0,8.0,56.76,42.44
20261007,200070,200070_ENT1,ENT QVB,-33.87306039,151.20696039,Entrance,Town Hall Station,Train,0,89.33,0.0,19.23
20261007,200070,200070_ENT2,STR George St Buses,-33.87320814,151.20711888,Entrance,Town Hall Station,Train,0,89.33,0.0,19.23
20261007,200070,200070_ENT3,STR George St LR,-33.87356115,151.20707142,Entrance,Town Hall Station,Train,0,89.33,0.0,19.23
20261007,200070,200070_ENT4,LFT George St LR,-33.87395986,151.20700461,Entrance,Town Hall Station,Train,0,89.33,0.0,19.23
20261007,200070,200070_ENT5,STR George St LR,-33.87413076,151.20701301,Entrance,Town Hall Station,Train,0,89.33,0.0,19.23
20261007,200070,200070_ENT6,ENT Pavilion Plaza,-33.87442007,151.20698402,Entrance,Town Hall Station,Train,0,89.33,0.0,19.23
20261007,200070,200070_ENT7,STR  Cathedral LR,-33.87427749,151.20667457,Entrance,Town Hall Station,Train,0,89.33,0.0,19.23
20261007,200070,200070_ENT8,Town Hall Square,-33.87367595,151.2066126,Entrance,Town Hall Station,Train,0,89.33,0.0,19.23
20261007,200070,200070_ENT9,STR Town Hall Buses,-33.87314009,151.20673748,Entrance,Town Hall Station,Train,0,89.33,0.0,19.23
20261007,204210,204210_ENT1,ENT King St,-33.89796089,151.17876384,Entrance,Newtown Station,Train,0,19.83,7.82,23.45
20261007,204210,204210_ENT2,STR/LFT Railway Lane,-33.89818726,151.17926112,Entrance,Newtown Station,Train,0,19.83,7.82,23.45
20261007,211656,211656_ENT1,ENT Brodie St NE,-33.80974426,151.02953152,Entrance,Yallamundi Light Rail,Light rail,0,16.0,51.5,66.5
20261007,211656,211656_ENT2,ENT Brodie St SE,-33.81022761,151.02907927,Entrance,Yallamundi Light Rail,Light rail,0,16.0,51.5,66.5
20261007,211656,211656_ENT3,ENT Victoria Rd SW,-33.81016745,151.02899009,Entrance,Yallamundi Light Rail,Light rail,0,16.0,51.5,66.5
20261007,211656,211656_ENT4,ENT Victoria Rd NW,-33.8096931,151.02944276,Entrance,Yallamundi Light Rail,Light rail,0,16.0,51.5,66.5
20261007,213410,213410_ENT1,ENT Burwood Rd Sth,-33.87716646,151.10380625,Entrance,Burwood Station,Train,0,28.0,22.48,37.53
20261007,213410,213410_ENT2,ENT Burwood Rd Nth,-33.87702108,151.10384249,Entrance,Burwood Station,Train,0,28.0,22.48,37.53
20261007,213510,213510_ENT1,STR Everton Rd,-33.87136976,151.09443322,Entrance,Strathfield Station,Train,0,48.17,16.36,31.36
20261007,213510,213510_ENT2,LFT Everton Rd,-33.87143022,151.09451172,Entrance,Strathfield Station,Train,0,48.17,16.36,31.36
20261007,213510,213510_ENT3,RMP Strathfield Sq,-33.87192314,151.09377916,Entrance,Strathfield Station,Train,0,48.17,16.36,31.36
20261007,213510,213510_ENT4,RMP Interchange,-33.87225063,151.0942269,Entrance,Strathfield Station,Train,0,48.17,16.36,31.36
20261007,214110,214110_ENT1,STR Railway St,-33.86374785,151.04427614,Entrance,Lidcombe Station,Train,0,50.0,23.25,38.25
20261007,214110,214110_ENT2,LFT Railway St,-33.86385772,151.04449735,Entrance,Lidcombe Station,Train,0,50.0,23.25,38.25
20261007,214110,214110_ENT3,STR Church St,-33.863359,151.04459261,Entrance,Lidcombe Station,Train,0,50.0,23.25,38.25
20261007,214110,214110_ENT4,LFT Church St,-33.8634343,151.04476898,Entrance,Lidcombe Station,Train,0,50.0,23.25,38.25
20261007,214120,214120_ENT1,ENT Woodburn Rd,-33.87140478,151.03225859,Entrance,Berala Station,Train,0,12.0,33.4,48.06
20261007,214120,214120_ENT2,ENT Campbell St,-33.87185018,151.03269005,Entrance,Berala Station,Train,0,12.0,33.4,48.06
20261007,214240,214240_ENT1,STR/LFT Bus Int,-33.83321859,151.01182545,Entrance,Granville Station,Train,0,17.17,34.0,48.4
20261007,214240,214240_ENT2,RMP Memorial Sth,-33.83292499,151.01143381,Entrance,Granville Station,Train,0,17.17,34.0,48.4
20261007,214240,214240_ENT3,RMP Memorial Nth,-33.83276129,151.01148013,Entrance,Granville Station,Train,0,17.17,34.0,48.4
20261007,214240,214240_ENT4,STR Memorial Nth,-33.83306318,151.01189376,Entrance,Granville Station,Train,0,17.17,34.0,48.4
20261007,214240,214240_ENT5,STR Bridge St,-33.83268166,151.01226462,Entrance,Granville Station,Train,0,17.17,34.0,48.4
20261007,214240,214240_ENT6,LFT Bridge St,-33.83258796,151.01209827,Entrance,Granville Station,Train,0,17.17,34.0,48.4
20261007,214240,214240_ENT7,RMP Bridge St,-33.83240338,151.01167933,Entrance,Granville Station,Train,0,17.17,34.0,48.4
20261007,214310,214310_ENT1,ENT Park Rd,-33.88312801,151.02371423,Entrance,Regents Park Station,Train,0,12.17,36.11,50.76
20261007,214310,214310_ENT2,ENT Amy St,-33.88331323,151.02411187,Entrance,Regents Park Station,Train,0,12.17,36.11,50.76
20261007,214410,214410_ENT1,STR/RMP South Pde,-33.84973846,151.03295576,Entrance,Auburn Station,Train,0,13.5,37.32,52.16
20261007,214410,214410_ENT2,RMP South Pde,-33.84946769,151.03269463,Entrance,Auburn Station,Train,0,13.5,37.32,52.16
20261007,214410,214410_ENT3,ENT Rawson St,-33.84936041,151.03321875,Entrance,Auburn Station,Train,0,13.5,37.32,52.16
20261007,214610,214610_ENT1,RMP Wentworth Av,-33.78696728,150.95158261,Entrance,Toongabbie Station,Train,0,8.67,45.78,60.78
20261007,214610,214610_ENT2,LFT Wentworth Av,-33.78745732,150.95175625,Entrance,Toongabbie Station,Train,0,8.67,45.78,60.78
20261007,214610,214610_ENT3,RMP Portico Pde,-33.78708078,150.95113458,Entrance,Toongabbie Station,Train,0,8.67,45.78,60.78
20261007,214610,214610_ENT4,LFT Portico Pde,-33.78751959,150.95121951,Entrance,Toongabbie Station,Train,0,8.67,45.78,60.78
20261007,216010,216010_ENT1,STR/RMP Terminal Pl,-33.83673216,150.99216491,Entrance,Merrylands Station,Train,0,12.0,37.94,52.6
20261007,216010,216010_ENT2,LFT Terminal Pl,-33.83679444,150.9921894,Entrance,Merrylands Station,Train,0,12.0,37.94,52.6
20261007,216010,216010_ENT3,LFT Railway Tce,-33.83691586,150.99233543,Entrance,Merrylands Station,Train,0,12.0,37.94,52.6
20261007,216010,216010_ENT4,STR Railway Tce,-33.83683724,150.99253693,Entrance,Merrylands Station,Train,0,12.0,37.94,52.6
20261007,216010,216010_ENT5,RMP Railway Tce,-33.83671678,150.9926393,Entrance,Merrylands Station,Train,0,12.0,37.94,52.6
20261007,216110,216110_ENT1,STR Military Rd,-33.85432514,150.98425798,Entrance,Guildford Station,Train,0,12.0,41.79,55.95
20261007,216110,216110_ENT2,LFT Military Rd,-33.85446324,150.9841672,Entrance,Guildford Station,Train,0,12.0,41.79,55.95
20261007,216110,216110_ENT3,LFT Railway Tce,-33.85454309,150.98448412,Entrance,Guildford Station,Train,0,12.0,41.79,55.95
20261007,216110,216110_ENT4,STR Railway Tce,-33.85442228,150.98459731,Entrance,Guildford Station,Train,0,12.0,41.79,55.95
20261007,216110,216110_ENT5,RMP Railway Tce,-33.85424924,150.98465406,Entrance,Guildford Station,Train,0,12.0,41.79,55.95
20261007,216210,216210_ENT1,STR Wellington Rd,-33.88544279,151.01160374,Entrance,Sefton Station,Train,0,4.0,42.1,56.5
20261007,216210,216210_ENT2,LFT Wellington Rd,-33.88546416,151.0117776,Entrance,Sefton Station,Train,0,4.0,42.1,56.5
20261007,216210,216210_ENT3,STR Helen St,-33.88515313,151.01164418,Entrance,Sefton Station,Train,0,4.0,42.1,56.5
20261007,216210,216210_ENT4,LFT Helen St,-33.88516479,151.0118392,Entrance,Sefton Station,Train,0,4.0,42.1,56.5
20261007,216220,216220_ENT1,ENT Chester Hill Rd,-33.88368822,151.00045834,Entrance,Chester Hill Station,Train,0,4.0,44.4,58.8
20261007,216310,216310_ENT1,ENT Christina Rd,-33.88142841,150.9851304,Entrance,Leightonfield Station,Train,0,4.0,46.9,61.3
20261007,216310,216310_ENT2,RMP Monier Sq,-33.88189731,150.98511982,Entrance,Leightonfield Station,Train,0,4.0,46.9,61.3
20261007,216320,216320_ENT1,STR River Av,-33.88073364,150.97736267,Entrance,Villawood Station,Train,0,4.0,48.8,63.2
20261007,216320,216320_ENT2,ENT Villawood Rd,-33.88092259,150.97737145,Entrance,Villawood Station,Train,0,4.0,48.8,63.2
20261007,216510,216510_ENT1,ENT The Crescent,-33.87234681,150.95689095,Entrance,Fairfield Station,Train,0,12.0,47.53,56.61
20261007,216510,216510_ENT2,ENT Dale St,-33.8725579,150.95705194,Entrance,Fairfield Station,Train,0,12.0,47.53,56.61
20261007,216610,216610_ENT1,STR Railway Pde,-33.88723996,150.94347957,Entrance,Canley Vale Station,Train,0,12.0,50.48,55.13
20261007,216610,216610_ENT2,LFT Railway Pde,-33.88734205,150.94338704,Entrance,Canley Vale Station,Train,0,12.0,50.48,55.13
20261007,216610,216610_ENT3,RMP First Av,-33.88743272,150.94365053,Entrance,Canley Vale Station,Train,0,12.0,50.48,55.13
20261007,216610,216610_ENT4,STR First Av,-33.8873123,150.94375302,Entrance,Canley Vale Station,Train,0,12.0,50.48,55.13
20261007,216620,216620_ENT1,Platform 1,-33.89510721,150.93867714,Entrance,Cabramatta Station,Train,0,16.0,52.37,52.86
20261007,216620,216620_ENT2,RMP Railway Pde,-33.89496152,150.93872446,Entrance,Cabramatta Station,Train,0,16.0,52.37,52.86
20261007,216620,216620_ENT3,STR Broomfield St,-33.89484283,150.93905397,Entrance,Cabramatta Station,Train,0,16.0,52.37,52.86
20261007,216620,216620_ENT4,LFT Broomfield St,-33.8946435,150.93908801,Entrance,Cabramatta Station,Train,0,16.0,52.37,52.86
20261007,217010,217010_ENT1,STR Remembrance Av,-33.91352766,150.93495391,Entrance,Warwick Farm Station,Train,0,15.67,55.06,50.16
20261007,217010,217010_ENT2,LFT Remembrance Av,-33.91321967,150.93500458,Entrance,Warwick Farm Station,Train,0,15.67,55.06,50.16
20261007,217010,217010_ENT3,STR Rememberance N,-33.91278398,150.93510341,Entrance,Warwick Farm Station,Train,0,15.67,55.06,50.16
20261007,217010,217010_ENT4,STR Warwick St,-33.91316398,150.93533706,Entrance,Warwick Farm Station,Train,0,15.67,55.06,50.16
20261007,217010,217010_ENT5,LFT Warwick St,-33.91338165,150.93529305,Entrance,Warwick Farm Station,Train,0,15.67,55.06,50.16
20261007,217310,217310_ENT1,STR/RMP Boulevarde,-33.96294637,150.95648089,Entrance,Holsworthy Station,Train,0,8.17,40.3,25.46
20261007,217310,217310_ENT2,LFT Car Park West,-33.96281454,150.95637745,Entrance,Holsworthy Station,Train,0,8.17,40.3,25.46
20261007,217310,217310_ENT3,LFT Car Park East,-33.96267471,150.95652237,Entrance,Holsworthy Station,Train,0,8.17,40.3,25.46
20261007,217310,217310_ENT4,STR Barracks,-33.96338864,150.95645815,Entrance,Holsworthy Station,Train,0,8.17,40.3,25.46
20261007,219910,219910_ENT1,ENT Hume Hwy,-33.90731696,151.02467938,Entrance,Yagoona Station,Train,0,8.0,49.26,64.26
20261007,220010,220010_ENT1,Entrance1,-33.9181171,151.03413704,Entrance,Bankstown Station,Train,0,8.0,52.74,67.74
20261007,220010,220010_ENT2,STR/RMP North Tce,-33.91768965,151.03425737,Entrance,Bankstown Station,Train,0,8.0,52.74,67.74
20261007,220010,220010_ENT3,ENT Plaza,-33.91780067,151.03526775,Entrance,Bankstown Station,Train,0,8.0,52.74,67.74
20261007,220310,220310_ENT1,ENT Wardell Rd,-33.9110779,151.14125795,Entrance,Dulwich Hill Station,Light rail,0,13.5,23.92,49.16
20261007,220310,220310_ENT2,STR Ewart Ln,-33.91103601,151.14062913,Entrance,Dulwich Hill Station,Light rail,0,13.5,23.92,49.16
20261007,220310,220310_ENT3,LFT Ewart Ln,-33.91100584,151.14045476,Entrance,Dulwich Hill Station,Light rail,0,13.5,23.92,49.16
20261007,220310,220310_ENT4,Bedford Cres,-33.91060387,151.140619,Entrance,Dulwich Hill Station,Light rail,0,13.5,23.92,49.16
20261007,220310,220310_ENT5,ENT JS Park,-33.91019643,151.13987523,Entrance,Dulwich Hill Station,Light rail,0,13.5,23.92,49.16
20261007,220510,220510_ENT1,STR/LFT Discovery,-33.92887542,151.15399956,Entrance,Wolli Creek Station,Train,0,33.5,15.25,5.56
20261007,221110,221110_ENT1,ENT Memorial Dr,-33.95193511,151.03189637,Entrance,Padstow Station,Train,0,8.0,50.0,35.0
20261007,221210,221210_ENT1,STR/LFT Marco Av,-33.95229807,151.01530555,Entrance,Revesby Station,Train,0,16.0,31.9,17.06
20261007,221210,221210_ENT2,STR Blamey St,-33.95269693,151.01550812,Entrance,Revesby Station,Train,0,16.0,31.9,17.06
20261007,221210,221210_ENT3,LFT Blamey St,-33.95273203,151.01526109,Entrance,Revesby Station,Train,0,16.0,31.9,17.06
20261007,221310,221310_ENT1,RMP/LFT Braesmere,-33.95413105,150.99832919,Entrance,Panania Station,Train,0,8.0,34.5,19.66
20261007,221310,221310_ENT2,RMP/LFT Weston St,-33.9544387,150.99828954,Entrance,Panania Station,Train,0,8.0,34.5,19.66
20261007,221320,221320_ENT1,ENT Park Rd,-33.96174588,150.98443335,Entrance,East Hills Station,Train,0,8.0,36.8,21.96
20261007,221320,221320_ENT2,ENT Thompson Ln,-33.96198904,150.98471506,Entrance,East Hills Station,Train,0,8.0,36.8,21.96
20261007,221620,221620_ENT1,STR Geeves Av,-33.9522898,151.13698581,Entrance,Rockdale Station,Train,0,11.67,20.16,16.96
20261007,221620,221620_ENT2,LFT Geeves Av,-33.95245462,151.13690731,Entrance,Rockdale Station,Train,0,11.67,20.16,16.96
20261007,221620,221620_ENT3,STR Tramway Acde,-33.95259173,151.13684908,Entrance,Rockdale Station,Train,0,11.67,20.16,16.96
20261007,221620,221620_ENT4,STR Railway St,-33.95220583,151.13626816,Entrance,Rockdale Station,Train,0,11.67,20.16,16.96
20261007,221620,221620_ENT5,RMP Railway St,-33.95204891,151.13637948,Entrance,Rockdale Station,Train,0,11.67,20.16,16.96
20261007,221710,221710_ENT1,STR/LFT Railway Pde,-33.9628498,151.13269676,Entrance,Kogarah Station,Train,0,11.83,22.16,18.96
20261007,221710,221710_ENT2,STR/LFT Station St,-33.96259736,151.1321655,Entrance,Kogarah Station,Train,0,11.83,22.16,18.96
20261007,2000171,2000171_ENT1,ENT George St NW,-33.87156727,151.20688701,Entrance,QVB,Light rail,0,30.0,0.0,22.59
20261007,2000171,2000171_ENT2,ENT George St NE,-33.87157184,151.20701685,Entrance,QVB,Light rail,0,30.0,0.0,22.59
20261007,200060,200060_E4Str,ENT4 NE Chalmrs/E,-33.88394096,151.20811109,Entrance,Central Station,Train,1,207.67,0.0,12.96
20261007,200060,200060_ENT1,ENT1 West Upper L,-33.8824091,151.20574559,Entrance,Central Station,Train,1,207.67,0.0,12.96
20261007,200060,200060_ENT2,ENT2 Pitt/Eddy,-33.88218563,151.20622072,Entrance,Central Station,Train,1,207.67,0.0,12.96
20261007,200060,200060_ENT3,ENT3 Eddy Av,-33.88313581,151.20715326,Entrance,Central Station,Train,1,207.67,0.0,12.96
20261007,200060,200060_ENT4,ENT4 NE Chalmrs/E,-33.88351253,151.20799279,Entrance,Central Station,Train,1,207.67,0.0,12.96
20261007,200060,200060_ENT5,ENT5 E Chalmers,-33.88473848,151.20744813,Entrance,Central Station,Train,1,207.67,0.0,12.96
20261007,200060,200060_ENT6,ENT3 Dev SE/Chlmr,-33.8854903,151.20680451,Entrance,Central Station,Train,1,207.67,0.0,12.96
20261007,200060,200060_ENT7,ENT7 Lee St/Dev W,-33.88399919,151.20430055,Entrance,Central Station,Train,1,207.67,0.0,12.96
20261007,200080,200080_ENT1,Ent Carrington St,-33.86572202,151.20629736,Entrance,Wynyard Station,Train,0,74.67,0.0,22.51
20261007,200080,200080_ENT10,ENT Exchange Pl,-33.86540029,151.20279299,Entrance,Wynyard Station,Train,0,74.67,0.0,22.51
20261007,200080,200080_ENT2,ENT George St,-33.86581882,151.20715536,Entrance,Wynyard Station,Train,0,74.67,0.0,22.51
20261007,200080,200080_ENT3,Ent York St,-33.86559233,151.20561055,Entrance,Wynyard Station,Train,0,74.67,0.0,22.51
20261007,200080,200080_ENT4,ENT York Lane,-33.8656157,151.20519048,Entrance,Wynyard Station,Train,0,74.67,0.0,22.51
20261007,200080,200080_ENT5,Ent Clarence St,-33.86563132,151.20499684,Entrance,Wynyard Station,Train,0,74.67,0.0,22.51
20261007,200080,200080_ENT6,Ent Kent St,-33.86564518,151.20432789,Entrance,Wynyard Station,Train,0,74.67,0.0,22.51
20261007,200080,200080_ENT7,Ent Wynyard Park,-33.86570683,151.20595099,Entrance,Wynyard Station,Train,0,74.67,0.0,22.51
20261007,200080,200080_ENT8,LFT Kent St,-33.86527808,151.20399664,Entrance,Wynyard Station,Train,0,74.67,0.0,22.51
20261007,200080,200080_ENT9,STR/ESC Kent St,-33.86532217,151.2037612,Entrance,Wynyard Station,Train,0,74.67,0.0,22.51
20261007,201510,201510_ENT1,ENT Lawson St,-33.89160047,151.19885087,Entrance,Redfern Station,Train,0,68.83,3.25,18.27
20261007,201510,201510_ENT2,ENT Gibbons,-33.89179388,151.1995194,Entrance,Redfern Station,Train,0,68.83,3.25,18.27
20261007,201510,201510_ENT3,ENT Rosehill St,-33.89277774,151.19841168,Entrance,Redfern Station,Train,0,68.83,3.25,18.27
20261007,201510,201510_ENT4,ENT Lt Eveleigh St,-33.89200902,151.1977041,Entrance,Redfern Station,Train,0,68.83,3.25,18.27
20261007,204810,204810_ENT1,ENT Trafalgar St,-33.89467469,151.16408216,Entrance,Stanmore Station,Train,0,8.0,10.32,26.5
20261007,204810,204810_ENT2,ENT Douglas St,-33.89411297,151.16417366,Entrance,Stanmore Station,Train,0,8.0,10.32,26.5
20261007,204910,204910_ENT1,STR Trafalgar St,-33.89399459,151.15568646,Entrance,Petersham Station,Train,0,8.0,12.22,28.4
20261007,204910,204910_ENT2,RMP Trafalgar St,-33.89395023,151.15593281,Entrance,Petersham Station,Train,0,8.0,12.22,28.4
20261007,204910,204910_ENT3,STR Terminus St,-33.89354847,151.15555674,Entrance,Petersham Station,Train,0,8.0,12.22,28.4
20261007,204910,204910_ENT4,LFT Terminus,-33.89357789,151.15575265,Entrance,Petersham Station,Train,0,8.0,12.22,28.4
20261007,204920,204920_ENT1,STR Victoria St,-33.89362938,151.14755464,Entrance,Lewisham Station,Train,0,8.0,14.02,30.2
20261007,204920,204920_ENT2,STR Thomas St,-33.89311409,151.14760528,Entrance,Lewisham Station,Train,0,8.0,14.02,30.2
20261007,206010,206010_ENT1,ENT Blue St,-33.84105715,151.20749415,Entrance,North Sydney Station,Train,0,20.67,9.67,31.56
20261007,206010,206010_ENT2,ENT Greenwood UG,-33.84089635,151.20745386,Entrance,North Sydney Station,Train,0,20.67,9.67,31.56
20261007,206044,206044_ENT1,ENT Miller St S,-33.83772083,151.20730876,Entrance,Victoria Cross Station,Metro,1,25.17,3.57,28.08
20261007,206044,206044_ENT2,ENT Denison St,-33.83779125,151.20788446,Entrance,Victoria Cross Station,Metro,1,25.17,3.57,28.08
20261007,206044,206044_ENT3,ENT Miller St N,-33.8346739,151.20788257,Entrance,Victoria Cross Station,Metro,1,25.17,3.57,28.08
20261007,206110,206110_ENT1,ENT Alfred St,-33.84595815,151.21171927,Entrance,Milsons Point Station,Train,0,20.67,8.96,29.8
20261007,206110,206110_ENT2,ENT Ennis Rd,-33.84579888,151.21242411,Entrance,Milsons Point Station,Train,0,20.67,8.96,29.8
20261007,206516,206516_ENT1,ENT Pacific Hwy,-33.82541729,151.19874873,Entrance,Crows Nest Station,Metro,1,25.0,5.72,30.23
20261007,206516,206516_ENT2,ENT Clarke St,-33.82548241,151.1997451,Entrance,Crows Nest Station,Metro,1,25.0,5.72,30.23
20261007,206520,206520_ENT1,Ent Pacific Hwy,-33.82327091,151.19431475,Entrance,St Leonards Station,Train,0,16.5,18.85,42.41
20261007,206520,206520_ENT2,STR/LFT Herbert St,-33.82232442,151.19353439,Entrance,St Leonards Station,Train,0,16.5,18.85,42.41
20261007,206520,206520_ENT3,STR/LFT Chandos St,-33.8222185,151.19479224,Entrance,St Leonards Station,Train,0,16.5,18.85,42.41
20261007,207710,207710_ENT1,ENT Alexandria Pde S,-33.71028313,151.10523878,Entrance,Waitara Station,Train,0,9.33,44.8,60.68
20261007,207710,207710_ENT2,STR Waitara Av,-33.71068179,151.10490199,Entrance,Waitara Station,Train,0,9.33,44.8,60.68
20261007,207710,207710_ENT3,ENT Alexandria Pde N,-33.70953303,151.10395239,Entrance,Waitara Station,Train,0,9.33,44.8,60.68
20261007,207710,207710_ENT4,STR/LFT Car Park,-33.70981943,151.10373963,Entrance,Waitara Station,Train,0,9.33,44.8,60.68
20261007,207720,207720_ENT1,ENT Station St,-33.70349381,151.09805878,Entrance,Hornsby Station,Train,0,22.0,43.49,59.2
20261007,207720,207720_ENT2,STR Carpark,-33.70344822,151.0986172,Entrance,Hornsby Station,Train,0,22.0,43.49,59.2
20261007,207720,207720_ENT3,ENT George St,-33.70359108,151.09865634,Entrance,Hornsby Station,Train,0,22.0,43.49,59.2
20261007,207720,207720_ENT4,STR Florence St,-33.70387263,151.09940282,Entrance,Hornsby Station,Train,0,22.0,43.49,59.2
20261007,207720,207720_ENT5,LFT Florence St,-33.70387222,151.09914406,Entrance,Hornsby Station,Train,0,22.0,43.49,59.2
20261007,207730,207730_ENT1,ENT Pacific Hwy,-33.68849466,151.10798414,Entrance,Asquith Station,Train,0,4.83,58.87,74.2
20261007,207730,207730_ENT2,ENT Haldane St,-33.68879229,151.10824623,Entrance,Asquith Station,Train,0,4.83,58.87,74.2
20261007,207910,207910_ENT1,STR Pacific Hwy,-33.67151232,151.11467563,Entrance,Mount Colah Station,Train,0,4.5,62.3,76.7
20261007,207910,207910_ENT2,LFT Pacific Hwy,-33.67171741,151.11446988,Entrance,Mount Colah Station,Train,0,4.5,62.3,76.7
20261007,207910,207910_ENT3,STR Pierre Cl,-33.67174445,151.11500999,Entrance,Mount Colah Station,Train,0,4.5,62.3,76.7
20261007,207910,207910_ENT4,LFT Pierre Cl,-33.67193875,151.11485762,Entrance,Mount Colah Station,Train,0,4.5,62.3,76.7
20261007,208010,208010_ENT1,RMP Pacific Hwy,-33.65378808,151.13653177,Entrance,Mount Kuring-gai Station,Train,0,4.67,64.01,78.41
20261007,208010,208010_ENT2,STR Harwood Av,-33.65385318,151.13700896,Entrance,Mount Kuring-gai Station,Train,0,4.67,64.01,78.41
20261007,208110,208110_ENT1,Entrance1,-33.62316675,151.15329943,Entrance,Berowra Station,Train,0,6.67,63.44,77.4
20261007,2118249,2118249_ENT1,ENT James St,-33.78215072,151.04693718,Entrance,Carlingford Light Rail,Light rail,0,16.0,57.5,72.5
20261007,2118249,2118249_ENT2,ENT SE,-33.78221087,151.04702634,Entrance,Carlingford Light Rail,Light rail,0,16.0,57.5,72.5
20261007,2118249,2118249_ENT3,ENT NE,-33.78176487,151.04743695,Entrance,Carlingford Light Rail,Light rail,0,16.0,57.5,72.5
20261007,211910,211910_ENT1,RMP Wongala Cres,-33.74925814,151.06621769,Entrance,Beecroft Station,Train,0,8.0,38.9,60.5
20261007,211910,211910_ENT2,STR/LFT Wongala Cres,-33.74903867,151.06631518,Entrance,Beecroft Station,Train,0,8.0,38.9,60.5
20261007,211910,211910_ENT3,ENT Sutherland Rd,-33.74924866,151.06677814,Entrance,Beecroft Station,Train,0,8.0,38.9,60.5
20261007,212020,212020_ENT1,RMP Railway St P1,-33.73808482,151.0727754,Entrance,Pennant Hills Station,Train,0,8.0,41.4,63.0
20261007,212020,212020_ENT2,RMP Railway St CNC,-33.73820782,151.07259787,Entrance,Pennant Hills Station,Train,0,8.0,41.4,63.0
20261007,212020,212020_ENT3,STR Railway St,-33.73796644,151.07281293,Entrance,Pennant Hills Station,Train,0,8.0,41.4,63.0
20261007,212020,212020_ENT4,LFT Yarrara Rd,-33.73775434,151.07241463,Entrance,Pennant Hills Station,Train,0,8.0,41.4,63.0
20261007,212020,212020_ENT5,STR Yarrara Rd,-33.73795902,151.0722194,Entrance,Pennant Hills Station,Train,0,8.0,41.4,63.0
20261007,212110,212110_ENT1,STR Beecroft Rd W,-33.77292367,151.08163329,Entrance,Epping Station,Train,1,37.33,23.04,46.24
20261007,212110,212110_ENT2,LFT Beecroft Rd W,-33.77275489,151.08156053,Entrance,Epping Station,Train,1,37.33,23.04,46.24
20261007,212110,212110_ENT3,STR Beecroft Rd E,-33.77283486,151.08186644,Entrance,Epping Station,Train,1,37.33,23.04,46.24
20261007,212110,212110_ENT4,LFT Beecroft Rd E,-33.77267542,151.08178334,Entrance,Epping Station,Train,1,37.33,23.04,46.24
20261007,212110,212110_ENT5,ENT Langston Pl,-33.77255897,151.08230649,Entrance,Epping Station,Train,1,37.33,23.04,46.24
20261007,2126158,2126158_ENT1,ENT Bradfield Pde,-33.73659373,151.03206689,Entrance,Cherrybrook Station,Metro,1,25.33,28.84,53.34
20261007,2126158,2126158_ENT2,STR/LFT Castle Hill,-33.73672423,151.03138276,Entrance,Cherrybrook Station,Metro,1,25.33,28.84,53.34
20261007,213010,213010_ENT1,Ent Cartlon Cres,-33.89042447,151.13864799,Entrance,Summer Hill Station,Train,0,8.0,15.82,32.0
20261007,213010,213010_ENT2,STR Grosvenor Cres,-33.89013472,151.1389581,Entrance,Summer Hill Station,Train,0,8.0,15.82,32.0
20261007,213010,213010_ENT3,LFT Grosvenor Cres,-33.89007865,151.13875011,Entrance,Summer Hill Station,Train,0,8.0,15.82,32.0
20261007,213110,213110_ENT1,STR Brown St,-33.88780082,151.12555659,Entrance,Ashfield Station,Train,0,20.0,18.41,33.8
20261007,213110,213110_ENT2,LFT Brown St,-33.88785439,151.12584007,Entrance,Ashfield Station,Train,0,20.0,18.41,33.8
20261007,213110,213110_ENT3,STR Station St,-33.88737798,151.1258063,Entrance,Ashfield Station,Train,0,20.0,18.41,33.8
20261007,213110,213110_ENT4,LFT Station St,-33.88742617,151.12598148,Entrance,Ashfield Station,Train,0,20.0,18.41,33.8
20261007,213210,213210_ENT1,ENT The Strand,-33.88318815,151.11504953,Entrance,Croydon Station,Train,0,8.0,20.48,36.63
20261007,213210,213210_ENT2,ENT Hennessy St,-33.88281244,151.1155068,Entrance,Croydon Station,Train,0,8.0,20.48,36.63
20261007,214010,214010_ENT1,STR To FTB Sth,-33.86697149,151.0860679,Entrance,Homebush Station,Train,0,12.0,24.57,39.24
20261007,214010,214010_ENT2,LFT To FTB Sth,-33.86691245,151.08594626,Entrance,Homebush Station,Train,0,12.0,24.57,39.24
20261007,214010,214010_ENT3,STR To FTB Sth,-33.86645409,151.08645365,Entrance,Homebush Station,Train,0,12.0,24.57,39.24
20261007,214010,214010_ENT4,LFT To FTB Nth,-33.86635151,151.08628674,Entrance,Homebush Station,Train,0,12.0,24.57,39.24
20261007,214020,214020_ENT1,STR The Crescent,-33.86514105,151.07034051,Entrance,Flemington Station,Train,0,13.5,31.74,46.74
20261007,214020,214020_ENT2,LFT The Crescent,-33.8650877,151.07004634,Entrance,Flemington Station,Train,0,13.5,31.74,46.74
20261007,214510,214510_ENT1,RMP Railway Pde,-33.80818622,150.98770612,Entrance,Westmead Station,Train,0,32.5,33.78,48.78
20261007,214510,214510_ENT2,STR Railway Pde,-33.80836015,150.98817837,Entrance,Westmead Station,Train,0,32.5,33.78,48.78
20261007,214510,214510_ENT3,RMP Alexandra Av,-33.80862953,150.98765116,Entrance,Westmead Station,Train,0,32.5,33.78,48.78
20261007,214510,214510_ENT4,STR Alexandra Av,-33.80870387,150.98785971,Entrance,Westmead Station,Train,0,32.5,33.78,48.78
20261007,214510,214510_ENT5,STR LR South,-33.80778797,150.98748253,Entrance,Westmead Station,Train,0,32.5,33.78,48.78
20261007,214510,214510_ENT6,RMP LR North,-33.80736223,150.98782975,Entrance,Westmead Station,Train,0,32.5,33.78,48.78
20261007,214520,214520_ENT1,STR/LFT The Kingsway,-33.80729732,150.97227215,Entrance,Wentworthville Station,Train,0,8.33,41.6,56.6
20261007,214520,214520_ENT2,RMP The Kingsway,-33.80706069,150.97178625,Entrance,Wentworthville Station,Train,0,8.33,41.6,56.6
20261007,214520,214520_ENT3,STR/LFT Wentworth,-33.80684636,150.97256431,Entrance,Wentworthville Station,Train,0,8.33,41.6,56.6
20261007,214520,214520_ENT4,RMP Wentworth Av,-33.80663329,150.97190679,Entrance,Wentworthville Station,Train,0,8.33,41.6,56.6
20261007,214530,214530_ENT1,STR Wentworth Av,-33.80111516,150.95633533,Entrance,Pendle Hill Station,Train,0,8.67,44.07,59.07
20261007,214530,214530_ENT2,LFT Wentworth Av,-33.80091652,150.95606713,Entrance,Pendle Hill Station,Train,0,8.67,44.07,59.07
20261007,214530,214530_ENT3,STR Joyce St,-33.8013799,150.95594817,Entrance,Pendle Hill Station,Train,0,8.67,44.07,59.07
20261007,214530,214530_ENT4,LFT Joyce St,-33.80135741,150.95580682,Entrance,Pendle Hill Station,Train,0,8.67,44.07,59.07
20261007,214820,214820_ENT1,STR Railway Rd,-33.74641002,150.90004493,Entrance,Marayong Station,Train,0,8.0,55.5,70.5
20261007,214820,214820_ENT2,LFT Railway Rd,-33.74603278,150.90000625,Entrance,Marayong Station,Train,0,8.0,55.5,70.5
20261007,214820,214820_ENT3,STR Harvey Rd,-33.74623054,150.90030646,Entrance,Marayong Station,Train,0,8.0,55.5,70.5
20261007,214820,214820_ENT4,LFT Harvey Rd,-33.74601526,150.90027513,Entrance,Marayong Station,Train,0,8.0,55.5,70.5
20261007,2150149,2150149_ENT1,ENT Church St NE,-33.80876669,151.00536036,Entrance,Prince Alfred Square Light Rail,Light rail,0,16.0,42.58,57.58
20261007,2150149,2150149_ENT2,ENT Church St NW,-33.80875185,151.00526252,Entrance,Prince Alfred Square Light Rail,Light rail,0,16.0,42.58,57.58
20261007,2150149,2150149_ENT3,ENT Church St SE,-33.80937405,151.00524838,Entrance,Prince Alfred Square Light Rail,Light rail,0,16.0,42.58,57.58
20261007,2150149,2150149_ENT4,ENT Church St SW,-33.80927859,151.00513598,Entrance,Prince Alfred Square Light Rail,Light rail,0,16.0,42.58,57.58
20261007,216120,216120_ENT1,STR Nelson Rd,-33.86455797,150.97098361,Entrance,Yennora Station,Train,0,12.0,44.53,56.51
20261007,216120,216120_ENT2,STR Railway St,-33.86488049,150.97104178,Entrance,Yennora Station,Train,0,12.0,44.53,56.51
20261007,222910,222910_ENT1,STR Kingsway,-34.04156577,151.12186275,Entrance,Caringbah Station,Train,0,8.0,51.98,51.98
20261007,222910,222910_ENT2,LFT Kingsway,-34.04161829,151.12190859,Entrance,Caringbah Station,Train,0,8.0,51.98,51.98
20261007,223020,223020_ENT1,ENT Cronulla St,-34.05578256,151.15156327,Entrance,Cronulla Station,Train,0,8.0,56.98,56.98
20261007,275610,275610_ENT1,ENT Mulgrave Rd,-33.6265942,150.8298454,Entrance,Mulgrave Station,Train,0,4.0,78.3,92.7
20261007,275610,275610_ENT2,ENT Mulgrave Rd N,-33.62634855,150.82992069,Entrance,Mulgrave Station,Train,0,4.0,78.3,92.7
20261007,275630,275630_ENT1,ENT To Platform 1,-33.60845012,150.78787823,Entrance,Clarendon Station,Train,0,4.0,84.3,98.7
20261007,275630,275630_ENT2,ENT To Platform 2,-33.60861607,150.78775625,Entrance,Clarendon Station,Train,0,4.0,84.3,98.7
20261007,276520,276520_ENT1,ENT Bandon Rd,-33.65014437,150.85119012,Entrance,Vineyard Station,Train,0,4.0,74.8,89.2
20261007,276520,276520_ENT2,ENT Bandon Rd,-33.65019709,150.85094465,Entrance,Vineyard Station,Train,0,4.0,74.8,89.2
20261007,200952,200952_ENT1,ENT Miller St,-33.87074913,151.19231917,Entrance,Bank Street Light Rail,Light rail,0,13.5,0.0,36.71
20261007,200952,200952_ENT2,ENT Miller St W,-33.87076346,151.19189862,Entrance,Bank Street Light Rail,Light rail,0,13.5,0.0,36.71
20261007,206020,206020_ENT1,ENT Bay Rd,-33.83756507,151.19735709,Entrance,Waverton Station,Train,0,16.83,14.25,37.82
20261007,206410,206410_ENT1,PDT Hampden Rd,-33.80853467,151.1843983,Entrance,Artarmon Station,Train,0,16.67,19.3,42.72
20261007,206410,206410_ENT2,LFT Hampden Rd,-33.80873883,151.18475364,Entrance,Artarmon Station,Train,0,16.67,19.3,42.72
20261007,206410,206410_ENT3,PDT Elizabeth St,-33.80823511,151.18472908,Entrance,Artarmon Station,Train,0,16.67,19.3,42.72
20261007,206510,206510_ENT1,LFT To P1,-33.83242961,151.19206371,Entrance,Wollstonecraft Station,Train,0,16.67,16.45,40.02
20261007,206510,206510_ENT2,ENT To P1,-33.83191267,151.19189808,Entrance,Wollstonecraft Station,Train,0,16.67,16.45,40.02
20261007,206510,206510_ENT3,ENT To P2,-33.83197545,151.19164204,Entrance,Wollstonecraft Station,Train,0,16.67,16.45,40.02
20261007,206510,206510_ENT4,LFT To P2,-33.83230826,151.19165831,Entrance,Wollstonecraft Station,Train,0,16.67,16.45,40.02
20261007,206710,206710_ENT1,Ent Shop Arcade,-33.79730169,151.18114186,Entrance,Chatswood Station,Train,1,41.83,9.34,33.85
20261007,206910,206910_ENT1,RMP Pacific Hwy,-33.78467831,151.17770009,Entrance,Roseville Station,Train,0,17.0,20.96,42.38
20261007,206910,206910_ENT2,STR Hill St,-33.78438681,151.17779382,Entrance,Roseville Station,Train,0,17.0,20.96,42.38
20261007,206910,206910_ENT3,LFT Hill St,-33.78444649,151.17789383,Entrance,Roseville Station,Train,0,17.0,20.96,42.38
20261007,207010,207010_ENT1,STR/RMP Pacific Hwy,-33.77569166,151.16903079,Entrance,Lindfield Station,Train,0,17.0,23.26,44.68
20261007,207010,207010_ENT2,STR/RMP Lindfield,-33.77527375,151.16939892,Entrance,Lindfield Station,Train,0,17.0,23.26,44.68
20261007,207010,207010_ENT3,ENT Lindfield Av,-33.77562955,151.16953487,Entrance,Lindfield Station,Train,0,17.0,23.26,44.68
20261007,207310,207310_ENT1,STR Grandview St,-33.74464397,151.14227645,Entrance,Pymble Station,Train,0,9.33,35.9,51.78
20261007,207310,207310_ENT2,LFT Grandview St,-33.74471086,151.14243067,Entrance,Pymble Station,Train,0,9.33,35.9,51.78
20261007,207310,207310_ENT3,STR Pacific Hwy,-33.74498906,151.142196,Entrance,Pymble Station,Train,0,9.33,35.9,51.78
20261007,207310,207310_ENT4,LFT Pacific Hwy,-33.74499516,151.14228258,Entrance,Pymble Station,Train,0,9.33,35.9,51.78
20261007,207620,207620_ENT1,ENT Denman Pde,-33.72087631,151.09720386,Entrance,Normanhurst Station,Train,0,8.0,46.19,67.79
20261007,207620,207620_ENT2,STR/LFT Denman Pde,-33.72105618,151.09694285,Entrance,Normanhurst Station,Train,0,8.0,46.19,67.79
20261007,207620,207620_ENT3,STR/LFT Malsbury Rd,-33.72073053,151.09698127,Entrance,Normanhurst Station,Train,0,8.0,46.19,67.79
20261007,211320,211320_ENT1,ESC/LFT Delhi Rd,-33.7944819,151.13791301,Entrance,North Ryde Station,Metro,1,25.17,15.17,39.68
20261007,211420,211420_ENT1,ENT West Pde,-33.80697272,151.09009524,Entrance,West Ryde Station,Train,0,8.0,39.69,54.97
20261007,211420,211420_ENT2,STR/LFT Ryedale Rd,-33.80748703,151.09061627,Entrance,West Ryde Station,Train,0,8.0,39.69,54.97
20261007,211430,211430_ENT1,STR Railway Rd,-33.81579069,151.09019177,Entrance,Meadowbank Station,Train,0,8.0,37.8,52.8
20261007,211430,211430_ENT2,LFT Railway Rd,-33.81565396,151.09023922,Entrance,Meadowbank Station,Train,0,8.0,37.8,52.8
20261007,211430,211430_ENT3,RMP/LFT Bank St,-33.81562044,151.08989219,Entrance,Meadowbank Station,Train,0,8.0,37.8,52.8
20261007,212010,212010_ENT1,STR/LFT Yarrara Rd,-33.73175444,151.07810519,Entrance,Thornleigh Station,Train,0,8.17,43.1,64.7
20261007,212010,212010_ENT2,STR/LFT Pen Hills Rd,-33.73197623,151.07848236,Entrance,Thornleigh Station,Train,0,8.17,43.1,64.7
20261007,212010,212010_ENT3,RMP Pen Hills Rd,-33.73220862,151.07826691,Entrance,Thornleigh Station,Train,0,8.17,43.1,64.7
20261007,212710,212710_ENT1,ENT Stadium,-33.846971,151.06831091,Entrance,Olympic Park Station,Train,0,12.0,36.58,51.38
20261007,212710,212710_ENT2,ENT Park St,-33.84610018,151.07066689,Entrance,Olympic Park Station,Train,0,12.0,36.58,51.38
20261007,212710,212710_ENT3,STR Murray Rose,-33.84659511,151.06877901,Entrance,Olympic Park Station,Train,0,12.0,36.58,51.38
20261007,212710,212710_ENT4,LFT Murray Rose,-33.84638694,151.06935226,Entrance,Olympic Park Station,Train,0,12.0,36.58,51.38
20261007,212710,212710_ENT5,STR Dawn Fraser,-33.84694026,151.06896818,Entrance,Olympic Park Station,Train,0,12.0,36.58,51.38
20261007,212710,212710_ENT6,LFT Dawn Fraser,-33.84673209,151.06954143,Entrance,Olympic Park Station,Train,0,12.0,36.58,51.38
20261007,213820,213820_ENT1,STR Walker St,-33.83066241,151.08679834,Entrance,Rhodes Station,Train,0,8.0,35.7,50.7
20261007,213820,213820_ENT2,LFT Walker St,-33.83044579,151.08680961,Entrance,Rhodes Station,Train,0,8.0,35.7,50.7
20261007,213820,213820_ENT3,STR/LFT Blaxland Rd,-33.8306391,151.0872291,Entrance,Rhodes Station,Train,0,8.0,35.7,50.7
20261007,200020,200020_ENT1,ENT Alfred St E,-33.86148402,151.21087356,Entrance,Circular Quay,Train,0,54.17,0.0,21.46
20261007,200020,200020_ENT2,ENT Alfred St W,-33.86143803,151.2103745,Entrance,Circular Quay,Train,0,54.17,0.0,21.46
20261007,200020,200020_ENT3,ENT Light Rail,-33.86136417,151.20963647,Entrance,Circular Quay,Train,0,54.17,0.0,21.46
20261007,200020,200020_ENT4,ENT Alfred St SW,-33.8615294,151.2095474,Entrance,Circular Quay,Train,0,54.17,0.0,21.46
20261007,200020,200020_ENT5,ENT Wharf 6,-33.8610888,151.20978494,Entrance,Circular Quay,Train,0,54.17,0.0,21.46
20261007,200020,200020_ENT6,ENT Eastern Pontoon,-33.86016769,151.212742,Entrance,Circular Quay,Train,0,54.17,0.0,21.46
20261007,200030,200030_ENT1,STR Macquarie W,-33.86796379,151.21161349,Entrance,Martin Place Station,Train,1,39.83,0.0,21.97
20261007,200030,200030_ENT2,STR Phillip St SE,-33.86795208,151.2114293,Entrance,Martin Place Station,Train,1,39.83,0.0,21.97
20261007,200030,200030_ENT3,STR Phillip St NE,-33.86766609,151.21136123,Entrance,Martin Place Station,Train,1,39.83,0.0,21.97
20261007,200030,200030_ENT4,LFT Phillip St NE,-33.86773547,151.21144025,Entrance,Martin Place Station,Train,1,39.83,0.0,21.97
20261007,200030,200030_ENT5,STR Elizabeth E,-33.8677119,151.21081264,Entrance,Martin Place Station,Train,1,39.83,0.0,21.97
20261007,200030,200030_ENT6,ENT Elizabeth S,-33.86813105,151.21041203,Entrance,Martin Place Station,Train,1,39.83,0.0,21.97
20261007,200030,200030_ENT7,ENT Castlereagh S,-33.86808654,151.2098698,Entrance,Martin Place Station,Train,1,39.83,0.0,21.97
20261007,200030,200030_ENT8,ENT Elizabeth N,-33.86639558,151.21057509,Entrance,Martin Place Station,Train,1,39.83,0.0,21.97
20261007,200030,200030_ENT9,ENT Castlereagh N,-33.86635785,151.21009801,Entrance,Martin Place Station,Train,1,39.83,0.0,21.97
20261007,200040,200040_ENT1,STR/LFT Liverpool St,-33.87662038,151.20982506,Entrance,Museum Station,Train,0,24.0,0.0,16.26
20261007,200040,200040_ENT2,STR Liv/Elizab SE,-33.87692496,151.2096132,Entrance,Museum Station,Train,0,24.0,0.0,16.26
20261007,200040,200040_ENT3,STR Castlereagh St,-33.87701486,151.20882908,Entrance,Museum Station,Train,0,24.0,0.0,16.26
20261007,200040,200040_ENT4,Acc To Liverp St N,-33.87679322,151.20925026,Entrance,Museum Station,Train,0,24.0,0.0,16.26
20261007,200040,200040_ENT5,STR Elizabeth St,-33.87492569,151.20984972,Entrance,Museum Station,Train,0,24.0,0.0,16.26
20261007,200040,200040_ENT6,STR/ESC Bathurst St,-33.8748,151.20957349,Entrance,Museum Station,Train,0,24.0,0.0,16.26
20261007,200050,200050_ENT1,STR/LFT Elizabeth St,-33.87071917,151.2103449,Entrance,St James Station,Train,0,24.0,0.0,18.16
20261007,200050,200050_ENT2,STR Park NW,-33.87015785,151.21121378,Entrance,St James Station,Train,0,24.0,0.0,18.16
20261007,200050,200050_ENT3,STR St James Rd S,-33.86993658,151.21162414,Entrance,St James Station,Train,0,24.0,0.0,18.16
20261007,200050,200050_ENT4,STR Queens Square,-33.86966895,151.21154617,Entrance,St James Station,Train,0,24.0,0.0,18.16
20261007,201110,201110_ENT1,ENT Darlinghurst,-33.87428958,151.22288833,Entrance,Kings Cross Station,Train,0,14.5,0.0,26.08
20261007,201110,201110_ENT2,STR/LTF Victoria W,-33.87425068,151.22218431,Entrance,Kings Cross Station,Train,0,14.5,0.0,26.08
20261007,201110,201110_ENT3,STR Victoria E,-33.8740173,151.22242124,Entrance,Kings Cross Station,Train,0,14.5,0.0,26.08
20261007,201520,201520_ENT1,ENT Burren St,-33.89680734,151.18539553,Entrance,Macdonaldtown Station,Train,0,8.0,6.22,22.09
20261007,201710,201710_ENT1,ESC Botany Rd W,-33.90630725,151.20272836,Entrance,Green Square Station,Train,0,16.0,9.0,9.16
20261007,201710,201710_ENT2,LFT Botany Rd W,-33.9061797,151.20250598,Entrance,Green Square Station,Train,0,16.0,9.0,9.16
20261007,201710,201710_ENT3,ESC Botany Rd E,-33.90604065,151.20314748,Entrance,Green Square Station,Train,0,16.0,9.0,9.16
20261007,201710,201710_ENT4,LFT Botany Rd E,-33.90588884,151.2031076,Entrance,Green Square Station,Train,0,16.0,9.0,9.16
20261007,202010,202010_ENT1,ESC Bourke St E,-33.92308569,151.18735257,Entrance,Mascot Station,Train,0,16.17,12.6,5.5
20261007,202010,202010_ENT2,LFT Bourke St E,-33.92339299,151.1873244,Entrance,Mascot Station,Train,0,16.17,12.6,5.5
20261007,202020,202020_ENT1,ESC/LFT To Concourse,-33.93360708,151.18026947,Entrance,Domestic Airport Station,Train,0,16.0,15.4,0.0
20261007,202030,202030_ENT1,ENT Int Terminal,-33.93525699,151.16643835,Entrance,International Airport Station,Train,0,16.0,18.0,0.0
20261007,202030,202030_ENT2,LFT To Concourse,-33.93529809,151.16628902,Entrance,International Airport Station,Train,0,16.0,18.0,0.0
20261007,202210,202210_ENT1,ENT Oxford St Mall,-33.89152044,151.24840361,Entrance,Bondi Junction Station,Train,0,14.5,11.34,32.06
20261007,202210,202210_ENT2,ENT Grosvenor St,-33.8913348,151.24960439,Entrance,Bondi Junction Station,Train,0,14.5,11.34,32.06
20261007,202210,202210_ENT3,STR/RMP Grafton St,-33.89098196,151.24860374,Entrance,Bondi Junction Station,Train,0,14.5,11.34,32.06
20261007,202210,202210_ENT4,STR Grafton St,-33.89093502,151.24813686,Entrance,Bondi Junction Station,Train,0,14.5,11.34,32.06
20261007,202710,202710_ENT1,ENT New Sth Head Rd,-33.87892838,151.23602574,Entrance,Edgecliff Station,Train,0,14.33,7.81,28.53
20261007,202710,202710_ENT2,ENT New McLean St,-33.87971155,151.23578365,Entrance,Edgecliff Station,Train,0,14.33,7.81,28.53
20261007,202710,202710_ENT3,ENT Bus Int,-33.87978404,151.23629494,Entrance,Edgecliff Station,Train,0,14.33,7.81,28.53
20261007,204310,204310_ENT1,ENT Esrkineville Rd,-33.90003689,151.18554279,Entrance,Erskineville Station,Train,0,7.83,10.35,25.37
20261007,204310,204310_ENT2,ENT Bridge St,-33.90139348,151.1853931,Entrance,Erskineville Station,Train,0,7.83,10.35,25.37
20261007,204410,204410_ENT1,ENT Lord St,-33.9069431,151.18064005,Entrance,St Peters Station,Train,0,8.0,12.53,27.02
20261007,204410,204410_ENT2,ENT King St,-33.90746684,151.18087098,Entrance,St Peters Station,Train,0,8.0,12.53,27.02
20261007,204420,204420_ENT1,ENT Gleeson Av,-33.91482951,151.16596092,Entrance,Sydenham Station,Train,1,44.83,7.12,16.0
20261007,204420,204420_ENT2,ENT Burrows Av,-33.91437039,151.1672786,Entrance,Sydenham Station,Train,1,44.83,7.12,16.0
20261007,204420,204420_ENT3,ENT Railway Pde,-33.91356303,151.16717439,Entrance,Sydenham Station,Train,1,44.83,7.12,16.0
20261007,204430,204430_ENT1,STR Richardson,-33.9235749,151.15647628,Entrance,Tempe Station,Train,0,5.5,21.84,17.69
20261007,204430,204430_ENT2,STR Griffiths St,-33.92368089,151.15680568,Entrance,Tempe Station,Train,0,5.5,21.84,17.69
20261007,204430,204430_ENT3,RMP Griffith St,-33.92405905,151.15681328,Entrance,Tempe Station,Train,0,5.5,21.84,17.69
20261007,207110,207110_ENT1,STR Culworth Av,-33.76586391,151.16176827,Entrance,Killara Station,Train,0,17.17,25.36,46.78
20261007,207110,207110_ENT2,STR Werona Av,-33.76568136,151.16210465,Entrance,Killara Station,Train,0,17.17,25.36,46.78
20261007,207210,207210_ENT1,STR Wade Ln,-33.75596017,151.15407236,Entrance,Gordon Station,Train,0,17.17,27.54,48.98
20261007,207210,207210_ENT2,CPK Wade Ln,-33.75570547,151.15387668,Entrance,Gordon Station,Train,0,17.17,27.54,48.98
20261007,207210,207210_ENT3,RMP Werona Sth,-33.75596819,151.15490334,Entrance,Gordon Station,Train,0,17.17,27.54,48.98
20261007,207210,207210_ENT4,ENT Werona To P1,-33.75575811,151.1547206,Entrance,Gordon Station,Train,0,17.17,27.54,48.98
20261007,207210,207210_ENT5,RMP Werona Nth,-33.75530015,151.15440723,Entrance,Gordon Station,Train,0,17.17,27.54,48.98
20261007,207410,207410_ENT1,ENT Rohini St,-33.7326259,151.1290697,Entrance,Turramurra Station,Train,0,9.33,38.6,54.48
20261007,207410,207410_ENT2,ENT William St,-33.73291201,151.12859814,Entrance,Turramurra Station,Train,0,9.33,38.6,54.48
20261007,207420,207420_ENT1,ENT Heydon Av,-33.72455689,151.12167358,Entrance,Warrawee Station,Train,0,9.33,40.6,56.48
20261007,207420,207420_ENT2,ENT Warrawee Av,-33.7244,151.12205426,Entrance,Warrawee Station,Train,0,9.33,40.6,56.48
20261007,207610,207610_ENT1,Entrance1,-33.71807149,151.11756773,Entrance,Wahroonga Station,Train,0,9.33,42.6,58.48
20261007,208120,208120_ENT1,ENT Pacific Hwy S,-33.59378129,151.17156923,Entrance,Cowan Station,Train,0,2.0,78.31,92.07
20261007,208120,208120_ENT2,ENT Pacific Hwy N,-33.59296952,151.17159469,Entrance,Cowan Station,Train,0,2.0,78.31,92.07
20261007,208120,208120_ENT3,ENT West,-33.59330227,151.17187989,Entrance,Cowan Station,Train,0,2.0,78.31,92.07
20261007,208310,208310_ENT1,STR/LFT Dangar Rd,-33.5469635,151.2267535,Entrance,Hawkesbury River Station,Train,0,2.0,87.94,101.7
20261007,211410,211410_ENT1,Entrance1,-33.79951574,151.08672872,Entrance,Denistone Station,Train,0,8.0,37.9,55.3
20261007,211920,211920_ENT1,ENT Cheltenham Rd,-33.755425,151.07810563,Entrance,Cheltenham Station,Train,0,8.0,36.5,58.1
20261007,211920,211920_ENT2,ENT Sutherland Rd,-33.75551834,151.07855233,Entrance,Cheltenham Station,Train,0,8.0,36.5,58.1
20261007,213710,213710_ENT1,STR/LFT Queen St,-33.85917733,151.0885149,Entrance,North Strathfield Station,Train,0,8.0,31.0,46.0
20261007,213710,213710_ENT2,STR Hamilton St E,-33.85915097,151.08795202,Entrance,North Strathfield Station,Train,0,8.0,31.0,46.0
20261007,213710,213710_ENT3,LFT Hamilton St E,-33.85933774,151.08802574,Entrance,North Strathfield Station,Train,0,8.0,31.0,46.0
20261007,213810,213810_ENT1,STR Queen St,-33.84834565,151.08583817,Entrance,Concord West Station,Train,0,8.0,33.0,48.0
20261007,213810,213810_ENT2,LFT Queen St,-33.84847916,151.08588773,Entrance,Concord West Station,Train,0,8.0,33.0,48.0
20261007,213810,213810_ENT3,STR King St,-33.84839339,151.08521411,Entrance,Concord West Station,Train,0,8.0,33.0,48.0
20261007,213810,213810_ENT4,LFT King St,-33.84853518,151.08528566,Entrance,Concord West Station,Train,0,8.0,33.0,48.0
20261007,214230,214230_ENT1,RMP Berry St,-33.83548907,151.0170822,Entrance,Clyde Station,Train,0,13.5,39.2,53.81
20261007,214230,214230_ENT2,RMP Factory St,-33.83609111,151.01658132,Entrance,Clyde Station,Train,0,13.5,39.2,53.81
20261007,214320,214320_ENT1,ENT Avalon St,-33.89246102,151.02432605,Entrance,Birrong Station,Train,0,8.0,46.6,61.6
20261007,215010,215010_ENT1,STR Station St W,-33.82317835,151.00746914,Entrance,Harris Park Station,Train,0,9.5,39.2,54.35
20261007,215010,215010_ENT2,RMP Station St W,-33.82346941,151.00738557,Entrance,Harris Park Station,Train,0,9.5,39.2,54.35
20261007,215010,215010_ENT3,ENT East Ped Acc,-33.82336155,151.00793114,Entrance,Harris Park Station,Train,0,9.5,39.2,54.35
20261007,216330,216330_ENT1,ENT Sandal Cres,-33.88476687,150.96071723,Entrance,Carramar Station,Train,0,4.0,51.4,64.05
20261007,216330,216330_ENT2,ENT Carramar Av,-33.88433051,150.96055658,Entrance,Carramar Station,Train,0,4.0,51.4,64.05
20261007,217030,217030_ENT1,ENT Platform 1,-33.95036795,150.91169555,Entrance,Casula Station,Train,0,12.0,56.32,43.76
20261007,217030,217030_ENT2,STR East Side,-33.95004656,150.9121674,Entrance,Casula Station,Train,0,12.0,56.32,43.76
20261007,217030,217030_ENT3,LFT East Side,-33.95030091,150.91210337,Entrance,Casula Station,Train,0,12.0,56.32,43.76
20261007,220520,220520_ENT1,STR/LFT Firth St,-33.93671243,151.1468463,Entrance,Arncliffe Station,Train,0,5.67,30.03,17.98
20261007,220520,220520_ENT2,STR/LFT The Arcade,-33.93694999,151.14754967,Entrance,Arncliffe Station,Train,0,5.67,30.03,17.98
20261007,220530,220530_ENT1,ENT Reede St,-33.92977456,151.14043478,Entrance,Turrella Station,Train,0,8.0,32.1,17.1
20261007,220710,220710_ENT1,ENT Hartill-Law Av,-33.93137997,151.12537964,Entrance,Bardwell Park Station,Train,0,8.0,34.7,19.7
20261007,220720,220720_ENT1,ENT Bexley Rd,-33.93748465,151.11394558,Entrance,Bexley North Station,Train,0,8.0,37.0,22.0
20261007,220810,220810_ENT1,STR/LFT Kingsgrove,-33.94044276,151.10092086,Entrance,Kingsgrove Station,Train,0,8.0,39.5,24.5
20261007,220810,220810_ENT2,STR Kingsgrove,-33.94037439,151.10107973,Entrance,Kingsgrove Station,Train,0,8.0,39.5,24.5
20261007,220910,220910_ENT1,ENT1 King Georges Rd,-33.94915013,151.08078604,Entrance,Beverly Hills Station,Train,0,8.0,42.5,27.5
20261007,220910,220910_ENT2,ENT2 King Georges Rd,-33.94925048,151.0804773,Entrance,Beverly Hills Station,Train,0,8.0,42.5,27.5
20261007,220920,220920_ENT1,ENT Hannans Rd,-33.94758957,151.07078637,Entrance,Narwee Station,Train,0,8.17,44.5,29.5
20261007,220920,220920_ENT2,ENT Hurst Pl,-33.94776372,151.07069737,Entrance,Narwee Station,Train,0,8.17,44.5,29.5
20261007,221010,221010_ENT1,ENT Belmore,-33.95140951,151.0525338,Entrance,Riverwood Station,Train,0,8.0,47.4,32.4
20261007,221610,221610_ENT1,STR Railway St,-33.9448583,151.14040947,Entrance,Banksia Station,Train,0,5.67,31.8,19.9
20261007,221610,221610_ENT2,LFT Railway St,-33.94479243,151.14049276,Entrance,Banksia Station,Train,0,5.67,31.8,19.9
20261007,221610,221610_ENT3,STR Hatterseley St,-33.9450064,151.14082747,Entrance,Banksia Station,Train,0,5.67,31.8,19.9
20261007,221610,221610_ENT4,LFT Hatterseley St,-33.94490709,151.14083346,Entrance,Banksia Station,Train,0,5.67,31.8,19.9
20261007,221810,221810_ENT1,STR Railway Pde,-33.96849125,151.12435133,Entrance,Carlton Station,Train,0,8.67,28.28,20.96
20261007,221810,221810_ENT2,LFT Railway Pde,-33.96844874,151.12454393,Entrance,Carlton Station,Train,0,8.67,28.28,20.96
20261007,221810,221810_ENT3,STR Carlton Pde,-33.96807389,151.12416894,Entrance,Carlton Station,Train,0,8.67,28.28,20.96
20261007,221810,221810_ENT4,LFT Carlton Pde,-33.9680044,151.12436023,Entrance,Carlton Station,Train,0,8.67,28.28,20.96
20261007,222010,222010_ENT1,STR/LFT Ormonde Pde,-33.96771591,151.10229655,Entrance,Hurstville Station,Train,0,18.0,26.14,22.07
20261007,222010,222010_ENT2,STR/ESC Forest Rd,-33.96698541,151.10285619,Entrance,Hurstville Station,Train,0,18.0,26.14,22.07
20261007,222020,222020_ENT1,LFT/RMP Railway Pde,-33.96990055,151.11429735,Entrance,Allawah Station,Train,0,8.83,29.89,22.88
20261007,222020,222020_ENT2,STR/RMP Roberts Ln,-33.96949317,151.11462376,Entrance,Allawah Station,Train,0,8.83,29.89,22.88
20261007,222210,222210_ENT1,STR Bridge St,-33.96607369,151.08885163,Entrance,Penshurst Station,Train,0,8.83,34.8,26.94
20261007,222210,222210_ENT2,LFT Bridge St,-33.96609708,151.08869054,Entrance,Penshurst Station,Train,0,8.83,34.8,26.94
20261007,222210,222210_ENT3,STR Laycock Rd,-33.96633961,151.08871298,Entrance,Penshurst Station,Train,0,8.83,34.8,26.94
20261007,222210,222210_ENT4,RMP Laycock Rd,-33.96633673,151.08879935,Entrance,Penshurst Station,Train,0,8.83,34.8,26.94
20261007,222310,222310_ENT1,STR Morts Rd,-33.9711795,151.08081243,Entrance,Mortdale Station,Train,0,8.67,36.71,28.75
20261007,222310,222310_ENT2,LFT Morts Rd,-33.97113488,151.08079948,Entrance,Mortdale Station,Train,0,8.67,36.71,28.75
20261007,222310,222310_ENT3,STR Railway Pde,-33.97125365,151.08102146,Entrance,Mortdale Station,Train,0,8.67,36.71,28.75
20261007,222310,222310_ENT4,LFT Railway Pde,-33.97110649,151.08111175,Entrance,Mortdale Station,Train,0,8.67,36.71,28.75
20261007,222320,222320_ENT1,STR Oatley Pde,-33.98026169,151.07946251,Entrance,Oatley Station,Train,0,8.0,32.48,32.48
20261007,222320,222320_ENT2,LFT Oatley Pde,-33.98033724,151.07935796,Entrance,Oatley Station,Train,0,8.0,32.48,32.48
20261007,222320,222320_ENT3,STR Mulga Rd,-33.98027743,151.07871697,Entrance,Oatley Station,Train,0,8.0,32.48,32.48
20261007,222320,222320_ENT4,LFT Mulga Rd,-33.98033861,151.07877398,Entrance,Oatley Station,Train,0,8.0,32.48,32.48
20261007,222320,222320_ENT5,STR River Rd,-33.97998096,151.07896237,Entrance,Oatley Station,Train,0,8.0,32.48,32.48
20261007,222610,222610_ENT1,Entrance1,-34.00460708,151.06779692,Entrance,Como Station,Train,0,4.17,39.89,39.89
20261007,222610,222610_ENT2,RMP Railway Rd,-34.00427718,151.06823556,Entrance,Como Station,Train,0,4.17,39.89,39.89
20261007,222610,222610_ENT3,STR Railway Rd,-34.00456148,151.06835732,Entrance,Como Station,Train,0,4.17,39.89,39.89
20261007,222620,222620_ENT1,ENT Mitchell Av,-34.01616273,151.06439948,Entrance,Jannali Station,Train,0,8.0,38.5,38.48
20261007,222620,222620_ENT2,ENT Railway Cres,-34.0161657,151.06485408,Entrance,Jannali Station,Train,0,8.0,38.5,38.48
20261007,222620,222620_ENT3,ENT To P2,-34.0159066,151.06478761,Entrance,Jannali Station,Train,0,8.0,38.5,38.48
20261007,222710,222710_ENT1,ENT Gymea Bay Rd,-34.03486554,151.08510918,Entrance,Gymea Station,Train,0,8.0,46.99,46.99
20261007,222810,222810_ENT1,ENT Kiora Rd,-34.03606046,151.10196357,Entrance,Miranda Station,Train,0,7.83,49.38,49.38
20261007,223010,223010_ENT1,STR/LFT Swan St S,-34.04765439,151.1436004,Entrance,Woolooware Station,Train,0,8.0,54.83,54.83
20261007,223010,223010_ENT2,STR/LFT Hagger Pk,-34.04738842,151.14373897,Entrance,Woolooware Station,Train,0,8.0,54.83,54.83
20261007,223210,223210_ENT1,ENT Bridge,-34.0314692,151.05738161,Entrance,Sutherland Station,Train,0,14.83,41.0,34.66
20261007,223210,223210_ENT2,STR/RMP East Pde,-34.03186239,151.05693499,Entrance,Sutherland Station,Train,0,14.83,41.0,34.66
20261007,223220,223220_ENT1,RMP Loftus Av Nth,-34.04501311,151.05106769,Entrance,Loftus Station,Train,0,4.17,60.06,45.38
20261007,223220,223220_ENT2,RMP Loftus Av Sth,-34.045441,151.05120714,Entrance,Loftus Station,Train,0,4.17,60.06,45.38
20261007,223220,223220_ENT3,RMP Pitt St,-34.04498441,151.05139105,Entrance,Loftus Station,Train,0,4.17,60.06,45.38
20261007,223230,223230_ENT1,ENT Oak Rd,-34.03486912,151.07116966,Entrance,Kirrawee Station,Train,0,8.0,44.89,44.89
20261007,223310,223310_ENT1,RMP Railway Pde W,-34.06718404,151.01471667,Entrance,Engadine Station,Train,0,4.17,64.56,49.88
20261007,223310,223310_ENT2,LFT Railway Pde W,-34.06738692,151.01457467,Entrance,Engadine Station,Train,0,4.17,64.56,49.88
20261007,223310,223310_ENT3,RMP Railway Pde E,-34.06727275,151.01503485,Entrance,Engadine Station,Train,0,4.17,64.56,49.88
20261007,223310,223310_ENT4,RMP Carpark,-34.06712173,151.01524426,Entrance,Engadine Station,Train,0,4.17,64.56,49.88
20261007,223310,223310_ENT5,STR Royal Nat Pk,-34.06777974,151.01496136,Entrance,Engadine Station,Train,0,4.17,64.56,49.88
20261007,223320,223320_ENT1,RMP Wilson Pde,-34.0879433,151.00840939,Entrance,Heathcote Station,Train,0,4.0,67.47,52.79
20261007,223320,223320_ENT2,LFT Wilson Pde,-34.08801775,151.00833709,Entrance,Heathcote Station,Train,0,4.0,67.47,52.79
20261007,223320,223320_ENT3,STR Wilson Pde,-34.08812924,151.00823406,Entrance,Heathcote Station,Train,0,4.0,67.47,52.79
20261007,223320,223320_ENT4,RMP Princes Hwy,-34.0878223,151.00825206,Entrance,Heathcote Station,Train,0,4.0,67.47,52.79
20261007,223320,223320_ENT5,STR Princes Hwy,-34.0878292,151.00776504,Entrance,Heathcote Station,Train,0,4.0,67.47,52.79
20261007,223320,223320_ENT7,STR/LFT Brynes Lane,-34.08745416,151.0076607,Entrance,Heathcote Station,Train,0,4.0,67.47,52.79
20261007,223330,223330_ENT1,ENT Kooraban St,-34.13517654,150.99460439,Entrance,Waterfall Station,Train,0,6.0,72.4,57.72
20261007,225010,225010_ENT1,ENT East,-33.49201412,151.2571543,Entrance,Wondabyne Station,Train,0,2.0,94.96,108.74
20261007,225010,225010_ENT2,ENT West,-33.4920841,151.25695342,Entrance,Wondabyne Station,Train,0,2.0,94.96,108.74
20261007,225020,225020_ENT1,STR/RMP Bris Water,-33.45089246,151.31880075,Entrance,Tascott Station,Train,0,2.17,104.86,118.89
20261007,225020,225020_ENT2,STR Glenrock Pde,-33.45094491,151.31833045,Entrance,Tascott Station,Train,0,2.17,104.86,118.89
20261007,225020,225020_ENT3,RMP Glenrock Pde,-33.45076842,151.31874086,Entrance,Tascott Station,Train,0,2.17,104.86,118.89
20261007,225030,225030_ENT1,STR/LFT Bris Water,-33.44616758,151.32819564,Entrance,Point Clare Station,Train,0,2.17,104.95,119.16
20261007,225030,225030_ENT2,STR/LFT Kurrawa,-33.4462605,151.32863016,Entrance,Point Clare Station,Train,0,2.17,104.95,119.16
20261007,225040,225040_ENT1,STR/LFT Burns Cres,-33.42349504,151.34195974,Entrance,Gosford Station,Train,0,4.67,94.76,110.0
20261007,225040,225040_ENT2,STR Showground,-33.42329912,151.34138052,Entrance,Gosford Station,Train,0,4.67,94.76,110.0
20261007,225040,225040_ENT3,RMP Showground,-33.42357943,151.34135152,Entrance,Gosford Station,Train,0,4.67,94.76,110.0
20261007,225060,225060_ENT1,STR/LFT Kath Morr Rd,-33.38325613,151.35460315,Entrance,Niagara Park Station,Train,0,2.17,120.59,134.41
20261007,225060,225060_ENT2,STR/LFT Washington,-33.38305681,151.35437841,Entrance,Niagara Park Station,Train,0,2.17,120.59,134.41
20261007,225070,225070_ENT2,LFT Pacific Hwy,-33.38211584,151.37035407,Entrance,Lisarow Station,Train,0,2.17,122.52,136.33
20261007,225070,225070_ENT3,ENT Railway Cres,-33.38208146,151.37005165,Entrance,Lisarow Station,Train,0,2.17,122.52,136.33
20261007,225070,225070_ENT4,LFT Railway Cres,-33.38196786,151.37020705,Entrance,Lisarow Station,Train,0,2.17,122.52,136.33
20261007,2250772,2250772_ENT1,Ent Goonak Pde,-33.39474473,151.34455458,Entrance,Narara Station,Train,0,2.17,118.42,132.22
20261007,2250772,2250772_ENT2,Ent Narara Val Dr,-33.39460684,151.34437585,Entrance,Narara Station,Train,0,2.17,118.42,132.22
20261007,225610,225610_ENT1,RMP Railway St,-33.48527154,151.32374588,Entrance,Woy Woy Station,Train,0,4.0,86.16,101.24
20261007,225610,225610_ENT2,LFT Railway St,-33.48581606,151.32337516,Entrance,Woy Woy Station,Train,0,4.0,86.16,101.24
20261007,225610,225610_ENT3,STR Railway St,-33.48603005,151.32318152,Entrance,Woy Woy Station,Train,0,4.0,86.16,101.24
20261007,225620,225620_ENT1,ENT Glenrock P1,-33.46607584,151.31848008,Entrance,Koolewong Station,Train,0,2.17,104.7,118.52
20261007,225620,225620_ENT2,ENT Glenrock P2,-33.46611743,151.31832091,Entrance,Koolewong Station,Train,0,2.17,104.7,118.52
20261007,225810,225810_ENT1,ENT Pacific Hwy,-33.35974763,151.36978105,Entrance,Ourimbah Station,Train,0,2.17,125.04,138.87
20261007,225810,225810_ENT2,ENT Carpark,-33.35955642,151.37009356,Entrance,Ourimbah Station,Train,0,2.17,125.04,138.87
20261007,225910,225910_ENT1,Entrance 1,-33.30773391,151.42043113,Entrance,Tuggerah Station,Train,0,4.0,111.72,127.14
20261007,225910,225910_ENT2,STR Pac Hwy,-33.30765963,151.41998747,Entrance,Tuggerah Station,Train,0,4.0,111.72,127.14
20261007,225910,225910_ENT3,RMP Pac Hwy,-33.30755095,151.42000343,Entrance,Tuggerah Station,Train,0,4.0,111.72,127.14
20261007,225920,225920_ENT1,ENT Railway Sq,-33.28551552,151.42502581,Entrance,Wyong Station,Train,0,4.5,114.14,129.56
20261007,225920,225920_ENT2,STR Howarth St,-33.2850617,151.42562501,Entrance,Wyong Station,Train,0,4.5,114.14,129.56
20261007,225920,225920_ENT3,LFT Howarth St,-33.28527121,151.42556052,Entrance,Wyong Station,Train,0,4.5,114.14,129.56
20261007,225930,225930_ENT1,ENT P1,-33.24727854,151.44901981,Entrance,Warnervale Station,Train,0,2.17,135.82,150.28
20261007,225930,225930_ENT2,ENT P2,-33.24720029,151.44894078,Entrance,Warnervale Station,Train,0,2.17,135.82,150.28
20261007,225940,225940_ENT1,STR/LFT Wyee Rd,-33.1798747,151.48727905,Entrance,Wyee Station,Train,0,2.17,135.45,150.44
20261007,225940,225940_ENT2,STR/LFT Gorokan Rd,-33.18016069,151.48684369,Entrance,Wyee Station,Train,0,2.17,135.45,150.44
20261007,226410,226410_ENT1,ENT Dora St,-33.10890192,151.48802799,Entrance,Morisset Station,Train,0,4.17,131.93,147.67
20261007,226410,226410_ENT2,STR Macquarie St,-33.10908614,151.48816583,Entrance,Morisset Station,Train,0,4.17,131.93,147.67
20261007,226410,226410_ENT3,RMP Macquarie St,-33.10903809,151.48824902,Entrance,Morisset Station,Train,0,4.17,131.93,147.67
20261007,226420,226420_ENT1,ENT P1,-33.08401362,151.50089764,Entrance,Dora Creek Station,Train,0,2.17,157.12,171.18
20261007,226420,226420_ENT2,ENT P2,-33.0839733,151.50076716,Entrance,Dora Creek Station,Train,0,2.17,157.12,171.18
20261007,228310,228310_ENT1,ENT Wilton Rd,-33.01305855,151.5421064,Entrance,Awaba Station,Train,0,2.33,163.91,178.05
20261007,228310,228310_ENT2,ENT Gosford St,-33.01290452,151.54213057,Entrance,Awaba Station,Train,0,2.33,163.91,178.05
20261007,228330,228330_ENT1,ENT Tucker Cl,-32.98561082,151.58117731,Entrance,Fassifern Station,Train,0,4.67,147.48,163.32
20261007,228330,228330_ENT2,ENT West Side,-32.98554205,151.58084239,Entrance,Fassifern Station,Train,0,4.67,147.48,163.32
20261007,228410,228410_ENT1,RMP Station St,-32.97171121,151.60511373,Entrance,Booragul Station,Train,0,2.33,165.8,180.68
20261007,228410,228410_ENT2,RMP West Side,-32.97190444,151.60476041,Entrance,Booragul Station,Train,0,2.33,165.8,180.68
20261007,228420,228420_ENT1,ENT William St,-32.96259978,151.60399881,Entrance,Teralba Station,Train,0,2.33,165.77,180.81
20261007,228420,228420_ENT2,ENT Railway St,-32.96211006,151.60359935,Entrance,Teralba Station,Train,0,2.33,165.77,180.81
20261007,228430,228430_ENT1,ENT Creek Res Rd,-32.94300697,151.6239424,Entrance,Cockle Creek Station,Train,0,2.33,165.55,180.84
20261007,228430,228430_ENT2,STR Lake Rd,-32.94245751,151.62442655,Entrance,Cockle Creek Station,Train,0,2.33,165.55,180.84
20261007,228520,228520_ENT1,ENT Main Rd,-32.94127962,151.66282503,Entrance,Cardiff Station,Train,0,4.0,161.1,177.06
20261007,228520,228520_ENT2,STR/LFT Mary St,-32.94148756,151.66232317,Entrance,Cardiff Station,Train,0,4.0,161.1,177.06
20261007,228910,228910_ENT1,ENT Kotara Park,-32.94175883,151.69805118,Entrance,Kotara Station,Train,0,2.33,186.52,200.62
20261007,228910,228910_ENT2,ENT Kotara Pl,-32.94129265,151.69751369,Entrance,Kotara Station,Train,0,2.33,186.52,200.62
20261007,228920,228920_ENT1,STR Park Av,-32.93384434,151.72013878,Entrance,Adamstown Station,Train,0,2.33,187.82,201.92
20261007,228920,228920_ENT2,RMP Park Av,-32.93366385,151.72038554,Entrance,Adamstown Station,Train,0,2.33,187.82,201.92
20261007,228920,228920_ENT3,ENT St James Rd,-32.93335739,151.72039058,Entrance,Adamstown Station,Train,0,2.33,187.82,201.92
20261007,229210,229210_ENT1,RMP/LFT Graham Rd,-32.92281362,151.73524145,Entrance,Broadmeadow Station,Train,0,4.67,167.66,183.74
20261007,229210,229210_ENT2,STR Graham Rd,-32.92270826,151.73540672,Entrance,Broadmeadow Station,Train,0,4.67,167.66,183.74
20261007,229210,229210_ENT3,RMP Brown Rd,-32.9221492,151.73518463,Entrance,Broadmeadow Station,Train,0,4.67,167.66,183.74
20261007,229210,229210_ENT4,STR/LFT Brown Rd,-32.9223579,151.73490739,Entrance,Broadmeadow Station,Train,0,4.67,167.66,183.74
20261007,229310,229310_ENT1,ENT Stewart Av,-32.92430294,151.75976885,Entrance,Newcastle Interchange,Train,0,24.33,175.76,191.84
20261007,229310,229310_ENT2,ENT Station St,-32.92397681,151.7593455,Entrance,Newcastle Interchange,Train,0,24.33,175.76,191.84
20261007,229310,229310_ENT3,ENT Hunter St,-32.92452568,151.75770878,Entrance,Newcastle Interchange,Train,0,24.33,175.76,191.84
20261007,230310,230310_ENT1,Entrance1,-32.91841046,151.74822817,Entrance,Hamilton Station,Train,0,8.17,172.78,188.86
20261007,230310,230310_ENT2,ENT Beaumont St N,-32.91799376,151.74852627,Entrance,Hamilton Station,Train,0,8.17,172.78,188.86
20261007,250010,250010_ENT1,STR Porter St,-34.41230587,150.89121644,Entrance,North Wollongong Station,Train,0,4.5,115.98,102.38
20261007,250010,250010_ENT2,LFT Porter St,-34.41208647,150.89131498,Entrance,North Wollongong Station,Train,0,4.5,115.98,102.38
20261007,250010,250010_ENT3,STR Stafford St,-34.41234879,150.89156634,Entrance,North Wollongong Station,Train,0,4.5,115.98,102.38
20261007,250010,250010_ENT4,LFT Stafford St,-34.41212351,150.89156676,Entrance,North Wollongong Station,Train,0,4.5,115.98,102.38
20261007,250030,250030_ENT1,ENT Gladstone Av,-34.43795535,150.8848374,Entrance,Coniston Station,Train,0,4.33,122.4,108.72
20261007,250030,250030_ENT2,ENT P2,-34.43784152,150.88529977,Entrance,Coniston Station,Train,0,4.33,122.4,108.72
20261007,250510,250510_ENT1,ENT Spring Hill Rd,-34.4548411,150.87492737,Entrance,Lysaghts Station,Train,0,2.17,153.93,140.0
20261007,250510,250510_ENT2,ENT Kembla Rd,-34.45447822,150.87613979,Entrance,Lysaghts Station,Train,0,2.17,153.93,140.0
20261007,250520,250520_ENT1,STR Five Is Rd N,-34.46736837,150.87825963,Entrance,Cringila Station,Train,0,2.17,156.22,142.3
20261007,250520,250520_ENT2,STR Five Is Rd S,-34.46767808,150.8781543,Entrance,Cringila Station,Train,0,2.17,156.22,142.3
20261007,250530,250530_ENT1,STR Flinders St N,-34.47299109,150.8873223,Entrance,Port Kembla North Station,Train,0,2.17,158.42,144.5
20261007,250530,250530_ENT2,STR Flinders St S,-34.47310909,150.88701225,Entrance,Port Kembla North Station,Train,0,2.17,158.42,144.5
20261007,250540,250540_ENT1,ENT Station Carpark,-34.4772074,150.90287095,Entrance,Port Kembla Station,Train,0,2.17,161.9,147.98
20261007,250810,250810_ENT1,STR Carpark,-34.17713807,150.9940687,Entrance,Helensburgh Station,Train,0,4.67,82.62,69.1
20261007,250810,250810_ENT2,LFT Carpark,-34.1771483,150.9943077,Entrance,Helensburgh Station,Train,0,4.67,82.62,69.1
20261007,250830,250830_ENT1,ENT Lady Carr Rd,-34.21066807,151.00559794,Entrance,Otford Station,Train,0,2.17,104.96,91.0
20261007,250830,250830_ENT2,ENT South,-34.21071072,151.00594702,Entrance,Otford Station,Train,0,2.17,104.96,91.0
20261007,250840,250840_ENT1,ENT Railway Cres,-34.22619753,150.98142775,Entrance,Stanwell Park Station,Train,0,2.17,109.46,95.5
20261007,250850,250850_ENT1,STR Law Har Dr,-34.24253196,150.97704421,Entrance,Coalcliff Station,Train,0,2.17,114.36,100.4
20261007,251510,251510_ENT,STR Railway Av E,-34.26565851,150.96549059,Entrance,Scarborough Station,Train,0,2.17,118.72,104.75
20261007,251510,251510_ENT2,STR Railway Av W,-34.26553198,150.96522417,Entrance,Scarborough Station,Train,0,2.17,118.72,104.75
20261007,251520,251520_ENT1,STR Morrison Av W,-34.27529122,150.95350458,Entrance,Wombarra Station,Train,0,2.17,121.29,107.45
20261007,251520,251520_ENT2,STR Morrison Av E,-34.27538249,150.95374765,Entrance,Wombarra Station,Train,0,2.17,121.29,107.45
20261007,251530,251530_ENT1,ENT Cater St,-34.2900692,150.94315694,Entrance,Coledale Station,Train,0,2.17,123.15,109.53
20261007,251540,251540_ENT1,ENT Railway Av,-34.30647206,150.92904871,Entrance,Austinmer Station,Train,0,2.33,124.72,111.34
20261007,251540,251540_ENT2,ENT The Grove,-34.30653359,150.92937734,Entrance,Austinmer Station,Train,0,2.33,124.72,111.34
20261007,251550,251550_ENT1,STR/LFT Railway Pde,-34.31785437,150.91888281,Entrance,Thirroul Station,Train,0,4.67,106.68,93.08
20261007,251550,251550_ENT2,STR Station St,-34.31782869,150.91940289,Entrance,Thirroul Station,Train,0,4.67,106.68,93.08
20261007,251550,251550_ENT3,LFT Station St,-34.31799516,150.91926946,Entrance,Thirroul Station,Train,0,4.67,106.68,93.08
20261007,251550,251550_ENT4,FTP Railway Pde,-34.31823229,150.91861804,Entrance,Thirroul Station,Train,0,4.67,106.68,93.08
20261007,251610,251610_ENT1,ENT Franklin Av,-34.33427123,150.91496574,Entrance,Bulli Station,Train,0,2.33,132.46,118.5
20261007,251610,251610_ENT2,ENT Railway Pde,-34.33429964,150.91464119,Entrance,Bulli Station,Train,0,2.33,132.46,118.5
20261007,251610,251610_ENT3,STR/LFT To P1,-34.33374348,150.91512583,Entrance,Bulli Station,Train,0,2.33,132.46,118.5
20261007,251610,251610_ENT4,STR/LFT To P2,-34.33372204,150.91495104,Entrance,Bulli Station,Train,0,2.33,132.46,118.5
20261007,251710,251710_ENT1,ENT Park Rd,-34.3494757,150.91514113,Entrance,Woonona Station,Train,0,2.33,134.54,120.76
20261007,251710,251710_ENT2,ENT Railway Pde,-34.34953347,150.91530678,Entrance,Woonona Station,Train,0,2.33,134.54,120.76
20261007,251820,251820_ENT1,ENT Murray Rd,-34.37548426,150.90517022,Entrance,Corrimal Station,Train,0,2.33,137.24,123.82
20261007,251820,251820_ENT2,ENT Station Carpark,-34.37560229,150.90486054,Entrance,Corrimal Station,Train,0,2.33,137.24,123.82
20261007,251830,251830_ENT1,Entrance1,-34.38377488,150.90147997,Entrance,Towradgi Station,Train,0,2.33,138.35,125.08
20261007,251830,251830_ENT2,STR To P2,-34.38466044,150.90140155,Entrance,Towradgi Station,Train,0,2.33,138.35,125.08
20261007,251830,251830_ENT3,LFT To P2/FTB E,-34.38450263,150.90154638,Entrance,Towradgi Station,Train,0,2.33,138.35,125.08
20261007,251830,251830_ENT4,ENT To P2,-34.38405691,150.90167784,Entrance,Towradgi Station,Train,0,2.33,138.35,125.08
20261007,251910,251910_ENT1,ENT Monrague St,-34.39515641,150.8966499,Entrance,Fairy Meadow Station,Train,0,2.33,139.47,126.36
20261007,251910,251910_ENT2,STR/LFT Elliotts W,-34.39503703,150.89643783,Entrance,Fairy Meadow Station,Train,0,2.33,139.47,126.36
20261007,252610,252610_ENT1,STR Princes Hwy,-34.45455393,150.84582629,Entrance,Unanderra Station,Train,0,2.0,127.79,114.11
20261007,252610,252610_ENT2,LFT Princes Hwy,-34.45434048,150.84602317,Entrance,Unanderra Station,Train,0,2.0,127.79,114.11
20261007,252610,252610_ENT3,ENT Berkley Rd E,-34.45513958,150.84611426,Entrance,Unanderra Station,Train,0,2.0,127.79,114.11
20261007,252710,252710_ENT1,ENT Station Carpark,-34.56280198,150.79838483,Entrance,Albion Park Station,Train,0,2.0,140.66,126.98
20261007,252710,252710_ENT2,ENT Burroo St,-34.56341069,150.79938198,Entrance,Albion Park Station,Train,0,2.0,140.66,126.98
20261007,252920,252920_ENT1,ENT Stanford Dr,-34.57191883,150.82036933,Entrance,Oak Flats Station,Train,0,2.0,144.16,130.47
20261007,2529218,2529218_ENT1,ENT Piper Dr,-34.59132084,150.84495744,Entrance,Shellharbour Junction Station,Train,0,2.0,147.9,134.22
20261007,253020,253020_ENT1,ENT Bong Bong Rd,-34.49341218,150.79130206,Entrance,Dapto Station,Train,0,2.0,133.43,119.75
20261007,253020,253020_ENT2,Entrance2,-34.49307102,150.79184165,Entrance,Dapto Station,Train,0,2.0,133.43,119.75
20261007,253310,253310_ENT1,RMP Railway Av,-34.62632601,150.85299436,Entrance,Minnamurra Station,Train,0,1.83,153.74,140.06
20261007,253320,253320_ENT1,ENT Princes Hwy,-34.65887686,150.8537174,Entrance,Bombo Station,Train,0,2.0,158.24,144.56
20261007,275020,275020_ENT1,RMP Sth Carpark,-33.74597834,150.67170767,Entrance,Emu Plains Station,Train,0,6.67,76.13,91.73
20261007,275020,275020_ENT2,STR/RMP Nth Carpark,-33.74550996,150.67139641,Entrance,Emu Plains Station,Train,0,6.67,76.13,91.73
20261007,275030,275030_ENT1,STR/RMP To P1,-33.77377832,150.6426351,Entrance,Lapstone Station,Train,0,2.5,92.71,107.11
20261007,275030,275030_ENT2,ENT To FTB,-33.77326463,150.64263491,Entrance,Lapstone Station,Train,0,2.5,92.71,107.11
20261007,275030,275030_ENT3,ENT To P2,-33.77336341,150.64295206,Entrance,Lapstone Station,Train,0,2.5,92.71,107.11
20261007,277310,277310_ENT1,ENT Burfitt Pde,-33.76904061,150.62113263,Entrance,Glenbrook Station,Train,0,2.67,95.54,111.22
20261007,277410,277410_ENT1,STR Wilson Way,-33.74361522,150.60981376,Entrance,Blaxland Station,Train,0,2.83,100.44,116.12
20261007,277410,277410_ENT2,LFT Wilson Way,-33.74369182,150.609968,Entrance,Blaxland Station,Train,0,2.83,100.44,116.12
20261007,277410,277410_ENT3,STR Gt Western Hwy,-33.74378229,150.60964816,Entrance,Blaxland Station,Train,0,2.83,100.44,116.12
20261007,277410,277410_ENT4,STR/RMP Gt Westn Hwy,-33.74396894,150.60942944,Entrance,Blaxland Station,Train,0,2.83,100.44,116.12
20261007,277420,277420_ENT1,STR Railway Pde,-33.72134676,150.60299141,Entrance,Warrimoo Station,Train,0,2.5,105.32,119.72
20261007,277420,277420_ENT2,STR/RMP Gt Westn Hwy,-33.72166036,150.60274568,Entrance,Warrimoo Station,Train,0,2.5,105.32,119.72
20261007,277610,277610_ENT1,STR/LFT Gt West Hwy,-33.69650729,150.53478995,Entrance,Faulconbridge Station,Train,0,2.0,119.3,133.7
20261007,277610,277610_ENT2,FTB Gt West Hwy W,-33.6964076,150.53449474,Entrance,Faulconbridge Station,Train,0,2.0,119.3,133.7
20261007,277610,277610_ENT3,STR/RMP Sir Henrys,-33.69677304,150.5349518,Entrance,Faulconbridge Station,Train,0,2.0,119.3,133.7
20261007,277710,277710_ENT1,STR Green Pde,-33.70413536,150.58372468,Entrance,Valley Heights Station,Train,0,2.5,109.32,123.72
20261007,277710,277710_ENT2,STR/RMP Gt West Hwy,-33.7038643,150.58405847,Entrance,Valley Heights Station,Train,0,2.5,109.32,123.72
20261007,277720,277720_ENT1,ENT Station St,-33.69892433,150.56324755,Entrance,Springwood Station,Train,0,3.0,109.9,125.65
20261007,277720,277720_ENT2,STR Macquarie Rd,-33.69916301,150.56372107,Entrance,Springwood Station,Train,0,3.0,109.9,125.65
20261007,277720,277720_ENT3,RMP Macquarie Rd,-33.69935827,150.56351349,Entrance,Springwood Station,Train,0,3.0,109.9,125.65
20261007,277810,277810_ENT1,ENT Gt West Hwy,-33.73557648,150.48159296,Entrance,Woodford Station,Train,0,2.0,128.64,143.1
20261007,277810,277810_ENT2,STR Railway Pde,-33.73573079,150.48219252,Entrance,Woodford Station,Train,0,2.0,128.64,143.1
20261007,277820,277820_ENT1,ENT Gt West Hwy,-33.71530183,150.50530931,Entrance,Linden Station,Train,0,2.0,124.0,138.4
20261007,277820,277820_ENT2,ENT Burke Rd,-33.7147956,150.5047279,Entrance,Linden Station,Train,0,2.0,124.0,138.4
20261007,277910,277910_ENT1,ENT Main,-33.72360606,150.45406809,Entrance,Hazelbrook Station,Train,0,2.5,131.23,147.1
20261007,278010,278010_ENT1,ENT Leura Mall,-33.71216836,150.33115609,Entrance,Leura Station,Train,0,2.5,148.72,164.66
20261007,278020,278020_ENT1,STR Bathurst Rd,-33.71225793,150.31175669,Entrance,Katoomba Station,Train,0,2.5,149.98,165.92
20261007,278020,278020_ENT2,LFT Bathurst Rd,-33.71226173,150.31195097,Entrance,Katoomba Station,Train,0,2.5,149.98,165.92
20261007,278020,278020_ENT3,RMP Gang Gang St,-33.71231956,150.31214733,Entrance,Katoomba Station,Train,0,2.5,149.98,165.92
20261007,278020,278020_ENT4,RMP Goldmsith,-33.71193209,150.31214322,Entrance,Katoomba Station,Train,0,2.5,149.98,165.92
20261007,278030,278030_ENT3,STR/LFT Footbidge,-33.67291374,150.28036249,Entrance,Medlow Bath Station,Train,0,2.33,159.84,175.8
20261007,278210,278210_ENT1,ENT Station St,-33.70952555,150.37599455,Entrance,Wentworth Falls Station,Train,0,2.67,143.39,159.33
20261007,278210,278210_ENT2,ENT Railway Pde,-33.70929531,150.3765032,Entrance,Wentworth Falls Station,Train,0,2.67,143.39,159.33
20261007,278310,278310_ENT1,RMP Gt West Hwy E,-33.71911082,150.43008378,Entrance,Lawson Station,Train,0,2.17,135.72,150.8
20261007,278310,278310_ENT2,RMP Gt West Hwy W,-33.7194343,150.42947109,Entrance,Lawson Station,Train,0,2.17,135.72,150.8
20261007,278310,278310_ENT3,RMP Honour Av,-33.71949797,150.43042277,Entrance,Lawson Station,Train,0,2.17,135.72,150.8
20261007,278310,278310_ENT4,RMP Loftus St,-33.71896224,150.42959251,Entrance,Lawson Station,Train,0,2.17,135.72,150.8
20261007,278410,278410_ENT1,RMP Gt West Hwy,-33.72332424,150.41563611,Entrance,Bullaburra Station,Train,0,2.17,138.4,153.7
20261007,278410,278410_ENT2,STR Railway Pde,-33.72318491,150.41513441,Entrance,Bullaburra Station,Train,0,2.17,138.4,153.7
20261007,278510,278510_ENT1,ENT Gt West Hwy,-33.63397817,150.28463826,Entrance,Blackheath Station,Train,0,2.33,165.68,181.66
20261007,278510,278510_ENT2,ENT Station St,-33.63406137,150.28422117,Entrance,Blackheath Station,Train,0,2.33,165.68,181.66
20261007,278610,278610_ENT1,ENT Station St,-33.58814956,150.25681361,Entrance,Mount Victoria Station,Train,0,2.33,169.32,185.3
20261007,278610,278610_ENT2,ENT Patrick St,-33.58824656,150.2572373,Entrance,Mount Victoria Station,Train,0,2.33,169.32,185.3
20261007,278620,278620_ENT1,ENT Chifley Rd,-33.50625147,150.27892815,Entrance,Bell Station,Train,0,2.33,182.54,200.02
20261007,278620,278620_ENT2,ENT Sandham Rd,-33.50594651,150.27955147,Entrance,Bell Station,Train,0,2.33,182.54,200.02
20261007,278630,278630_ENT1,ENT East,-33.47171145,150.20207745,Entrance,Zig Zag Station,Train,0,2.0,204.17,218.95
20261007,27871,27871_ENT1,ENT Carpark,-33.52424587,149.90737669,Entrance,Tarana Station,Train,0,1.17,275.52,292.92
20261007,279010,279010_ENT1,ENT Railway Pde,-33.48051205,150.15668422,Entrance,Lithgow Station,Train,0,3.83,201.11,218.59
20261007,279010,279010_ENT2,ENT Main St,-33.48090502,150.15682757,Entrance,Lithgow Station,Train,0,3.83,201.11,218.59
20261007,2790128,2790128_ENT1,ENT Bathurst St,-33.48382069,150.03186361,Entrance,Rydal Station,Train,0,1.17,259.43,276.83
20261007,279538,279538_ENT1,Main Entrance,-33.42558073,149.58312634,Entrance,Bathurst Station,Train,0,1.17,307.51,324.91
20261007,200046,200046_ENT1,ESC Hickson Rd,-33.85911662,151.20237659,Entrance,Barangaroo Station,Metro,1,25.0,0.0,25.08
20261007,200046,200046_ENT2,LFT Hickson Rd,-33.85944832,151.20242526,Entrance,Barangaroo Station,Metro,1,25.0,0.0,25.08
20261007,200066,200066_ENT1,ENT Park St,-33.87304451,151.20874185,Entrance,Gadigal Station,Metro,1,25.0,0.0,20.9
20261007,200066,200066_ENT2,ENT Bathurst St,-33.8746135,151.20844095,Entrance,Gadigal Station,Metro,1,25.0,0.0,20.9
20261007,201721,201721_ENT1,ENT Cope St,-33.89685662,151.20007053,Entrance,Waterloo Station,Metro,1,25.17,3.42,18.62
20261007,201721,201721_ENT2,ENT Arcade,-33.89740162,151.20020535,Entrance,Waterloo Station,Metro,1,25.17,3.42,18.62
20261007,203294,203294_ENT1,ENT Anzac/Rainbow,-33.92452043,151.22861218,Entrance,Juniors Kingsford Light Rail,Light rail,0,15.17,20.44,36.44
20261007,203294,203294_ENT2,ENT Anzac/Gardeners,-33.92468188,151.22837159,Entrance,Juniors Kingsford Light Rail,Light rail,0,15.17,20.44,36.44
20261007,203294,203294_ENT3,ENT Anzac Pde SE,-33.92550505,151.23010919,Entrance,Juniors Kingsford Light Rail,Light rail,0,15.17,20.44,36.44
20261007,203294,203294_ENT4,ENT Anzac Pde SW,-33.92573927,151.23010999,Entrance,Juniors Kingsford Light Rail,Light rail,0,15.17,20.44,36.44
20261007,232020,232020_ENT1,ENT Station St,-32.73774913,151.55223466,Entrance,Maitland Station,Train,0,5.17,215.04,231.28
20261007,230410,230410_ENT1,ENT Platt St To P2,-32.90235524,151.73101055,Entrance,Waratah Station,Train,0,4.33,189.68,205.52
20261007,230410,230410_ENT2,LFT Platt St,-32.90215454,151.73083968,Entrance,Waratah Station,Train,0,4.33,189.68,205.52
20261007,230410,230410_ENT3,STR Railway Tce,-32.90209423,151.73124223,Entrance,Waratah Station,Train,0,4.33,189.68,205.52
20261007,230410,230410_ENT4,LFT Railway Tce,-32.90197161,151.73115028,Entrance,Waratah Station,Train,0,4.33,189.68,205.52
20261007,232030,232030_ENT1,ENT Station Carpark,-32.72339773,151.53984433,Entrance,Telarah Station,Train,0,3.67,219.72,235.32
20261007,232050,232050_ENT1,ENT Station Carpark,-32.66805247,151.58468987,Entrance,Mindaribba Station,Train,0,0.33,298.67,312.9
20261007,232230,232230_ENT1,STR Addison St,-32.7996134,151.65831145,Entrance,Beresfield Station,Train,0,4.33,202.56,218.28
20261007,232230,232230_ENT2,LFT Addison St,-32.79946691,151.65813314,Entrance,Beresfield Station,Train,0,4.33,202.56,218.28
20261007,232230,232230_ENT3,STR Lawson Av,-32.79940568,151.65856725,Entrance,Beresfield Station,Train,0,4.33,202.56,218.28
20261007,232240,232240_ENT1,STR Karuah St,-32.78356594,151.64000511,Entrance,Thornton Station,Train,0,4.33,205.32,221.04
20261007,232240,232240_ENT2,LFT Karuah St,-32.78355813,151.63997271,Entrance,Thornton Station,Train,0,4.33,205.32,221.04
20261007,232310,232310_ENT1,STR McCubbin Cl,-32.76550731,151.61826415,Entrance,Metford Station,Train,0,4.33,208.08,223.8
20261007,232310,232310_ENT2,LFT McCubbin Cl,-32.76537795,151.61810818,Entrance,Metford Station,Train,0,4.33,208.08,223.8
20261007,232320,232320_ENT1,STR/LFT Waller St,-32.75092737,151.59416338,Entrance,Victoria Street Station,Train,0,4.33,210.84,226.56
20261007,232320,232320_ENT2,STR/LFT Victoria St,-32.75114786,151.5938016,Entrance,Victoria Street Station,Train,0,4.33,210.84,226.56
20261007,232330,232330_ENT1,ENT Carpark,-32.74453093,151.58754505,Entrance,East Maitland Station,Train,0,2.0,215.08,231.88
20261007,233010,233010_ENT1,ENT Main Munro St,-32.57192229,151.16562007,Entrance,Singleton Station,Train,0,0.83,340.67,356.7
20261007,233010,233010_ENT2,RMP Munro St,-32.57169824,151.16531173,Entrance,Singleton Station,Train,0,0.83,340.67,356.7
20261007,233310,233310_ENT1,ENT Market St,-32.26747484,150.89058824,Entrance,Muswellbrook Station,Train,0,0.5,371.67,387.7
20261007,233310,233310_ENT2,ENT Carpark,-32.26758499,150.8908157,Entrance,Muswellbrook Station,Train,0,0.5,371.67,387.7
20261007,233510,233510_ENT1,ENT Railway St,-32.66211043,151.34551048,Entrance,Branxton Station,Train,0,0.5,326.67,342.7
20261007,242010,242010_ENT1,STR/RMP Stn Carpark,-32.40269744,151.75904401,Entrance,Dungog Station,Train,0,1.0,325.33,345.0
20261007,242020,242020_ENT1,ENT Station Carpark,-32.49619301,151.69581695,Entrance,Wallarobba Station,Train,0,0.5,325.67,339.6
20261007,242030,242030_ENT1,ENT Station Carpark,-32.46288567,151.74244037,Entrance,Wirragulla Station,Train,0,0.5,331.33,345.3
20261007,242040,242040_ENT1,ENT Station Carpark,-32.50428537,151.64999509,Entrance,Hilldale Station,Train,0,0.5,320.33,334.3
20261007,242050,242050_ENT1,ENT Grace Av,-32.55850326,151.61840487,Entrance,Martins Creek Station,Train,0,0.5,311.67,325.9
20261007,242110,242110_ENT1,STR Main St,-32.60240114,151.61476477,Entrance,Paterson Station,Train,0,0.5,306.67,320.9
20261007,233610,233610_ENT1,ENT Macqueen St,-32.16682842,150.89189249,Entrance,Aberdeen Station,Train,0,0.33,434.0,441.5
20261007,257110,257110_ENT1,ENT Station St,-34.17914319,150.61273233,Entrance,Picton Station,Train,0,2.0,114.96,103.32
20261007,257110,257110_ENT2,ENT Prince St,-34.17976583,150.61270468,Entrance,Picton Station,Train,0,2.0,114.96,103.32
20261007,257420,257420_ENT1,ENT Railside Av,-34.29095656,150.57985141,Entrance,Bargo Station,Train,0,2.0,136.6,124.96
20261007,257420,257420_ENT2,ENT Gt Southern Rd,-34.29089335,150.58016361,Entrance,Bargo Station,Train,0,2.0,136.6,124.96
20261007,257510,257510_ENT1,ENT Regent St,-34.45240925,150.44819905,Entrance,Mittagong Station,Train,0,2.33,149.4,139.44
20261007,257510,257510_ENT2,ENT Railway Pde,-34.4526564,150.44838329,Entrance,Mittagong Station,Train,0,2.33,149.4,139.44
20261007,257540,257540_ENT1,ENT Old Hume Hwy,-34.37157505,150.54344873,Entrance,Yerrinbool Station,Train,0,2.0,147.6,135.96
20261007,257610,257610_ENT1,ENT Station St,-34.47811135,150.41682619,Entrance,Bowral Station,Train,0,2.33,153.4,143.44
20261007,257610,257610_ENT2,STR/LFT Wingecarri E,-34.47839772,150.41657668,Entrance,Bowral Station,Train,0,2.33,153.4,143.44
20261007,257610,257610_ENT3,LFT Wingecarri W,-34.47829517,150.4163766,Entrance,Bowral Station,Train,0,2.33,153.4,143.44
20261007,257610,257610_ENT4,STR Kirkham Rd,-34.47819645,150.41636169,Entrance,Bowral Station,Train,0,2.33,153.4,143.44
20261007,257620,257620_ENT1,ENT Railway Rd,-34.49431065,150.39795963,Entrance,Burradoo Station,Train,0,2.0,161.24,149.92
20261007,257930,257930_ENT1,ENT Bundanoon Rd,-34.61341192,150.31741292,Entrance,Exeter Station,Train,0,0.0,287.4,287.4
20261007,257930,257930_ENT2,ENT Ringwood Rd,-34.61343062,150.31771889,Entrance,Exeter Station,Train,0,0.0,287.4,287.4
20261007,200946,200946_ENT1,ENT Murray St,-33.8695819,151.19774896,Entrance,Pyrmont Bay Light Rail,Light rail,0,13.5,0.0,33.14
20261007,200946,200946_ENT2,ENT Pirrama Rd,-33.86878708,151.19727795,Entrance,Pyrmont Bay Light Rail,Light rail,0,13.5,0.0,33.14
20261007,200946,200946_ENT3,LFT Laneway,-33.86904188,151.19720403,Entrance,Pyrmont Bay Light Rail,Light rail,0,13.5,0.0,33.14
20261007,200947,200947_ENT1,ENT Pirrama Rd North,-33.86732212,151.195586,Entrance,The Star Light Rail,Light rail,0,13.5,0.0,34.31
20261007,200947,200947_ENT2,ENT Pirrama Rd South,-33.86813677,151.19600396,Entrance,The Star Light Rail,Light rail,0,13.5,0.0,34.31
20261007,200948,200948_ENT1,STR/LFT Harris St,-33.86729783,151.19233377,Entrance,John Street Square Light Rail,Light rail,0,13.5,0.0,35.27
20261007,200948,200948_ENT2,LFT Harvey St,-33.86732832,151.19196804,Entrance,John Street Square Light Rail,Light rail,0,13.5,0.0,35.27
20261007,204089,204089_ENT1,STR Catherine St,-33.87410976,151.16473408,Entrance,Lilyfield Light Rail,Light rail,0,13.5,10.42,45.14
20261007,204089,204089_ENT2,LFT Catherine St,-33.87418136,151.16474837,Entrance,Lilyfield Light Rail,Light rail,0,13.5,10.42,45.14
20261007,204092,204092_ENT1,STR/LFT Marion St,-33.88408492,151.14496369,Entrance,Marion Light Rail,Light rail,0,13.5,16.24,45.5
20261007,220355,220355_ENT1,STR/LFT New Cant Rd,-33.90473853,151.1390058,Entrance,Dulwich Grove Light Rail,Light rail,0,13.5,22.4,47.64
20261007,230420,230420_ENT1,ENT South,-32.88849454,151.70951714,Entrance,Warabrook Station,Train,0,4.33,192.68,208.52
20261007,230420,230420_ENT2,ENT North,-32.88697099,151.71121931,Entrance,Warabrook Station,Train,0,4.33,192.68,208.52
20261007,230430,230430_ENT1,ENT Astra St,-32.87280477,151.70277183,Entrance,Sandgate Station,Train,0,2.0,196.6,213.4
20261007,232010,232010_ENT1,STR High St,-32.74131327,151.56444039,Entrance,High Street Station,Train,0,2.0,217.84,234.64
20261007,232010,232010_ENT2,RMP Les Darcy Dr,-32.74197118,151.56418619,Entrance,High Street Station,Train,0,2.0,217.84,234.64
20261007,232110,232110_ENT1,ENT Station Lane,-32.72057815,151.45030529,Entrance,Lochinvar Station,Train,0,0.33,316.67,332.7
20261007,232210,232210_ENT1,ENT Maitland Rd,-32.82872827,151.68432072,Entrance,Hexham Station,Train,0,2.0,200.36,217.16
20261007,232220,232220_ENT1,ENT Woodberry Rd,-32.80889518,151.66932516,Entrance,Tarro Station,Train,0,2.0,203.12,219.68
20261007,233410,233410_ENT1,STR/RMP Nelson St,-32.68681327,151.38435059,Entrance,Greta Station,Train,0,0.5,322.67,338.7
20261007,233410,233410_ENT2,RMP Mansfield St,-32.6866453,151.38400143,Entrance,Greta Station,Train,0,0.5,322.67,338.7
20261007,233710,233710_ENT1,ENT St Aubins St,-32.04670351,150.86707891,Entrance,Scone Station,Train,0,0.33,443.0,450.5
20261007,23901,23901_ENT1,ENT Carpark,-30.32526177,149.79199054,Entrance,Narrabri Station,Train,0,0.0,,
20261007,256810,256810_ENT1,ENT Stevens Rd,-34.12580205,150.74399463,Entrance,Menangle Station,Train,0,2.0,104.24,92.6
20261007,256910,256910_ENT1,ENT Camden Rd N,-34.18320605,150.71049953,Entrance,Douglas Park Station,Train,0,1.83,108.68,97.04
20261007,256910,256910_ENT2,ENT Camden Rd S,-34.18332305,150.71050466,Entrance,Douglas Park Station,Train,0,1.83,108.68,97.04
20261007,257310,257310_ENT1,ENT Pitt St,-34.22350647,150.58983732,Entrance,Tahmoor Station,Train,0,2.0,123.96,112.32
20261007,257310,257310_ENT2,ENT George St,-34.22338671,150.59023366,Entrance,Tahmoor Station,Train,0,2.0,123.96,112.32
20261007,257710,257710_ENT1,ENT Stn Forecourt,-34.54788451,150.37184023,Entrance,Moss Vale Station,Train,0,2.33,161.08,151.2
20261007,257710,257710_ENT2,RMP Argyle St,-34.54838233,150.37208908,Entrance,Moss Vale Station,Train,0,2.33,161.08,151.2
20261007,257710,257710_ENT3,STR Lackey Rd,-34.54670188,150.37191229,Entrance,Moss Vale Station,Train,0,2.33,161.08,151.2
20261007,258011,258011_ENT1,ENT Goulburn St,-35.06987594,149.65156079,Entrance,Tarago Station,Train,0,0.5,334.5,342.0
20261007,27051,27051_ENT1,ENT Carpark,-34.5547055,146.39796505,Entrance,Leeton Station,Train,0,0.0,,
20261007,2000169,2000169_ENT1,ENT George St SE,-33.87898174,151.20558794,Entrance,Chinatown Light Rail,Light rail,0,30.0,0.0,21.8
20261007,2000169,2000169_ENT2,ENT George St SW,-33.87895166,151.20541362,Entrance,Chinatown Light Rail,Light rail,0,30.0,0.0,21.8
20261007,2000169,2000169_ENT3,ENT George St NE,-33.87825737,151.20569276,Entrance,Chinatown Light Rail,Light rail,0,30.0,0.0,21.8
20261007,2000169,2000169_ENT4,ENT George St NW,-33.87823592,151.20552968,Entrance,Chinatown Light Rail,Light rail,0,30.0,0.0,21.8
20261007,2000177,2000177_ENT1,ENT George/Gosvenor,-33.86374649,151.20742074,Entrance,Bridge Street Light Rail,Light rail,0,30.0,0.0,26.34
20261007,2000177,2000177_ENT2,ENT George/Bridge,-33.86376905,151.20755145,Entrance,Bridge Street Light Rail,Light rail,0,30.0,0.0,26.34
20261007,2000177,2000177_ENT3,ENT George Op Bond,-33.864583,151.20746184,Entrance,Bridge Street Light Rail,Light rail,0,30.0,0.0,26.34
20261007,2000177,2000177_ENT4,ENT George/Bond,-33.86457769,151.20735358,Entrance,Bridge Street Light Rail,Light rail,0,30.0,0.0,26.34
20261007,2000200,2000200_ENT1,ENT Hay St North,-33.87968665,151.20552536,Entrance,Capitol Square Light Rail,Light rail,0,13.5,0.0,23.08
20261007,2000203,2000203_ENT2,ENT Pyrmont St,-33.87678593,151.19918248,Entrance,Exhibition Centre Light Rail,Light rail,0,13.5,0.0,30.39
20261007,2000203,2000203_ENT3,ENT IanTAC PyrRd,-33.8772261,151.19948493,Entrance,Exhibition Centre Light Rail,Light rail,0,13.5,0.0,30.39
20261007,2000204,2000204_ENT1,ENT1 Darling Dr East,-33.87283067,151.19812431,Entrance,Convention Light Rail,Light rail,0,13.5,0.0,31.89
20261007,2000204,2000204_ENT2,ENT2 Darling Dr East,-33.87281783,151.19797246,Entrance,Convention Light Rail,Light rail,0,13.5,0.0,31.89
20261007,201029,201029_ENT1,ENT Devonshire St S,-33.88812906,151.211839,Entrance,Surry Hills Light Rail,Light rail,0,30.67,4.52,20.44
20261007,201029,201029_ENT2,ENT Devonshire St E,-33.88782828,151.21141366,Entrance,Surry Hills Light Rail,Light rail,0,30.67,4.52,20.44
20261007,201029,201029_ENT3,ENT Devonshire St E,-33.88829123,151.21236555,Entrance,Surry Hills Light Rail,Light rail,0,30.67,4.52,20.44
20261007,202158,202158_ENT1,ENT Alison Rd W,-33.90506801,151.22836289,Entrance,Royal Randwick Light Rail,Light rail,0,15.17,14.02,30.02
20261007,202158,202158_ENT2,ENT Centennial Pk W,-33.90493049,151.22843172,Entrance,Royal Randwick Light Rail,Light rail,0,15.17,14.02,30.02
20261007,202158,202158_ENT3,ENT Alison Rd E,-33.90539059,151.22920006,Entrance,Royal Randwick Light Rail,Light rail,0,15.17,14.02,30.02
20261007,202158,202158_ENT4,ENT Centennial Pk E,-33.90546912,151.22979824,Entrance,Royal Randwick Light Rail,Light rail,0,15.17,14.02,30.02
20261007,202195,202195_ENT1,LVX To LR Stop,-33.89337214,151.22184238,Entrance,Moore Park Light Rail,Light rail,0,30.67,7.35,23.27
20261007,202195,202195_ENT2,STR To PDT,-33.89399017,151.22194852,Entrance,Moore Park Light Rail,Light rail,0,30.67,7.35,23.27
20261007,202195,202195_ENT3,LFT Anzac Pde,-33.89317505,151.22102236,Entrance,Moore Park Light Rail,Light rail,0,30.67,7.35,23.27
20261007,202195,202195_ENT4,STR Anzac Pde,-33.89343478,151.22106759,Entrance,Moore Park Light Rail,Light rail,0,30.67,7.35,23.27
20261007,2031157,2031157_ENT1,ENT Alison Rd NW,-33.91025905,151.23486558,Entrance,Wansey Road Light Rail,Light rail,0,15.17,16.6,32.6
20261007,2031157,2031157_ENT2,ENT Alison Rd SW,-33.91105561,151.23554261,Entrance,Wansey Road Light Rail,Light rail,0,15.17,16.6,32.6
20261007,2031157,2031157_ENT3,ENT Alison Rd SW,-33.91102417,151.23567073,Entrance,Wansey Road Light Rail,Light rail,0,15.17,16.6,32.6
20261007,2031167,2031167_ENT1,ENT High/Avoca Sts,-33.91719147,151.24102324,Entrance,Randwick Light Rail,Light rail,0,15.0,20.6,36.6
20261007,2031167,2031167_ENT2,ENT High St NW,-33.91700761,151.24008473,Entrance,Randwick Light Rail,Light rail,0,15.0,20.6,36.6
20261007,2031167,2031167_ENT3,ENT High St SW,-33.91709867,151.24005682,Entrance,Randwick Light Rail,Light rail,0,15.0,20.6,36.6
20261007,203295,203295_ENT2,ENT Anzac/Middle,-33.92146032,151.22694766,Entrance,Kingsford Light Rail,Light rail,0,15.17,18.94,34.94
20261007,203360,203360_ENT1,ENT Anzac Pde NW,-33.91609064,151.22563377,Entrance,UNSW Anzac Parade Light Rail,Light rail,0,15.17,17.36,33.36
20261007,203360,203360_ENT2,ENT Anzac/CollegeW,-33.91597492,151.22585499,Entrance,UNSW Anzac Parade Light Rail,Light rail,0,15.17,17.36,33.36
20261007,203360,203360_ENT3,ENT Anzac SW,-33.91727948,151.2259087,Entrance,UNSW Anzac Parade Light Rail,Light rail,0,15.17,17.36,33.36
20261007,203360,203360_ENT4,ENT Uni Mall,-33.91720688,151.22618609,Entrance,UNSW Anzac Parade Light Rail,Light rail,0,15.17,17.36,33.36
20261007,203361,203361_ENT1,ENT Anzac/Duke,-33.90886544,151.22325583,Entrance,Kensington Light Rail,Light rail,0,15.17,14.94,30.94
20261007,203361,203361_ENT2,ENT Anzac/Bowral,-33.90883485,151.22362172,Entrance,Kensington Light Rail,Light rail,0,15.17,14.94,30.94
20261007,203361,203361_ENT3,ENT Anzac/Todman W,-33.90987013,151.22312177,Entrance,Kensington Light Rail,Light rail,0,15.17,14.94,30.94
20261007,203361,203361_ENT4,ENT Anzac/Todman E,-33.90988525,151.22346831,Entrance,Kensington Light Rail,Light rail,0,15.17,14.94,30.94
20261007,203362,203362_ENT1,ENT Anzac NW,-33.90517652,151.2238948,Entrance,ES Marks Light Rail,Light rail,0,15.17,13.86,29.86
20261007,203362,203362_ENT2,ENT Anzac NE,-33.90514964,151.2241528,Entrance,ES Marks Light Rail,Light rail,0,15.17,13.86,29.86
20261007,203755,203755_ENT3,ENT East Of BridgeRd,-33.87731329,151.18794179,Entrance,Glebe Light Rail,Light rail,0,13.5,5.42,40.14
20261007,203755,203755_ENT4,ENT Palmerston Av,-33.87733495,151.18730553,Entrance,Glebe Light Rail,Light rail,0,13.5,5.42,40.14
20261007,203756,203756_ENT1,ENT Maxwell Rd,-33.87549649,151.17857406,Entrance,Jubilee Park Light Rail,Light rail,0,13.5,7.17,41.89
20261007,203756,203756_ENT2,ENT Jubilee Oval,-33.87533991,151.17867443,Entrance,Jubilee Park Light Rail,Light rail,0,13.5,7.17,41.89
20261007,203817,203817_ENT1,ENT Bayview Cres,-33.87194948,151.17291374,Entrance,Rozelle Bay Light Rail,Light rail,0,13.5,8.77,43.49
20261007,203817,203817_ENT2,ENT The Crescent,-33.87181529,151.1728856,Entrance,Rozelle Bay Light Rail,Light rail,0,13.5,8.77,43.49
20261007,204090,204090_ENT1,STR/LFT James St,-33.87506082,151.15499378,Entrance,Leichhardt North Light Rail,Light rail,0,13.5,12.92,47.64
20261007,204090,204090_ENT2,ENT Canal Rd,-33.87501416,151.15290673,Entrance,Leichhardt North Light Rail,Light rail,0,13.5,12.92,47.64
20261007,204091,204091_ENT1,ENT Darley Rd,-33.87954676,151.14728248,Entrance,Hawthorne Light Rail,Light rail,0,13.5,15.02,46.59
20261007,204091,204091_ENT2,ENT Hawthorne Can,-33.87952341,151.14717332,Entrance,Hawthorne Light Rail,Light rail,0,13.5,15.02,46.59
20261007,204093,204093_ENT1,STR/LFT Parra Rd Nth,-33.88964882,151.14509282,Entrance,Taverners Hill Light Rail,Light rail,0,13.5,17.69,44.47
20261007,204093,204093_ENT2,STR/LFT Parra Rd Sth,-33.88985644,151.14508127,Entrance,Taverners Hill Light Rail,Light rail,0,13.5,17.69,44.47
20261007,204950,204950_ENT1,ENT Hudson St,-33.89388266,151.14351526,Entrance,Lewisham West Light Rail,Light rail,0,13.5,18.41,36.62
20261007,204950,204950_ENT2,ENT Flour Mill,-33.8937719,151.14332622,Entrance,Lewisham West Light Rail,Light rail,0,13.5,18.41,36.62
20261007,211753,211753_ENT1,ENT NW,-33.80379578,151.03287888,Entrance,Dundas Light Rail,Light rail,0,16.0,53.0,68.0
20261007,211753,211753_ENT2,ENT SW,-33.8039736,151.032952,Entrance,Dundas Light Rail,Light rail,0,16.0,53.0,68.0
20261007,211753,211753_ENT3,ENT SE,-33.80371128,151.03353332,Entrance,Dundas Light Rail,Light rail,0,16.0,53.0,68.0
20261007,214214,214214_ENT1,ENT SW,-33.81838388,151.02434526,Entrance,Rosehill Gardens Light Rail,Light rail,0,16.0,49.42,64.42
20261007,214214,214214_ENT2,ENT NW,-33.81787372,151.02451564,Entrance,Rosehill Gardens Light Rail,Light rail,0,16.0,49.42,64.42
20261007,214214,214214_ENT3,ENT NE,-33.81788819,151.02462428,Entrance,Rosehill Gardens Light Rail,Light rail,0,16.0,49.42,64.42
20261007,214214,214214_ENT4,ENT SE,-33.81839835,151.02445389,Entrance,Rosehill Gardens Light Rail,Light rail,0,16.0,49.42,64.42
20261007,2145553,2145553_ENT1,ENT Hainsworth SW,-33.80244476,150.99276064,Entrance,Childrens Hospital Light Rail,Light rail,0,16.0,42.3,57.3
20261007,2145553,2145553_ENT2,ENT Hainsworth SE,-33.80299647,150.99353107,Entrance,Childrens Hospital Light Rail,Light rail,0,16.0,42.3,57.3
20261007,2145553,2145553_ENT3,ENT 3 Hainsworth NW,-33.80234509,150.99277759,Entrance,Childrens Hospital Light Rail,Light rail,0,16.0,42.3,57.3
20261007,2145553,2145553_ENT4,ENT Hainsworth NE,-33.80292204,150.99360316,Entrance,Childrens Hospital Light Rail,Light rail,0,16.0,42.3,57.3
20261007,2145584,2145584_ENT1,ENT Hawkesbury SE,-33.80489669,150.98994954,Entrance,Westmead Hospital Light Rail,Light rail,0,16.0,40.97,55.97
20261007,2145584,2145584_ENT2,ENT Hawkesbury SW,-33.80483615,150.98987117,Entrance,Westmead Hospital Light Rail,Light rail,0,16.0,40.97,55.97
20261007,2145584,2145584_ENT3,ENT Hawkesbury NE,-33.80456162,150.99027937,Entrance,Westmead Hospital Light Rail,Light rail,0,16.0,40.97,55.97
20261007,2145584,2145584_ENT4,ENT Hawkesbury NW,-33.80451043,150.99019064,Entrance,Westmead Hospital Light Rail,Light rail,0,16.0,40.97,55.97
20261007,2150115,2150115_ENT1,ENT Tramway Av SW,-33.81719619,151.01822256,Entrance,Tramway Avenue Light Rail,Light rail,0,16.0,47.42,62.42
20261007,2150115,2150115_ENT2,ENT Tramway Av NW,-33.81707783,151.0182602,Entrance,Tramway Avenue Light Rail,Light rail,0,16.0,47.42,62.42
20261007,2150115,2150115_ENT3,ENT Tramway Av NE,-33.81719589,151.0187839,Entrance,Tramway Avenue Light Rail,Light rail,0,16.0,47.42,62.42
20261007,2150115,2150115_ENT4,ENT Tramway Av SE,-33.81731426,151.01874627,Entrance,Tramway Avenue Light Rail,Light rail,0,16.0,47.42,62.42
20261007,2150128,2150128_ENT1,ENT Macquarie St SW,-33.81686905,151.01084481,Entrance,Robin Thomas Light Rail,Light rail,0,16.0,44.33,59.33
20261007,2150128,2150128_ENT2,ENT Macquarie St NW,-33.81678702,151.01087337,Entrance,Robin Thomas Light Rail,Light rail,0,16.0,44.33,59.33
20261007,2150128,2150128_ENT3,ENT Macquarie St NE,-33.81695244,151.01160439,Entrance,Robin Thomas Light Rail,Light rail,0,16.0,44.33,59.33
20261007,2150128,2150128_ENT4,ENT Macquarie St SE,-33.81704346,151.01157626,Entrance,Robin Thomas Light Rail,Light rail,0,16.0,44.33,59.33
20261007,2150135,2150135_ENT1,ENT Church St NE,-33.81265728,151.00376082,Entrance,Church Street Light Rail,Light rail,0,16.0,40.83,55.83
20261007,2150135,2150135_ENT2,ENT Church St NW,-33.8126338,151.00365177,Entrance,Church Street Light Rail,Light rail,0,16.0,40.83,55.83
20261007,2150135,2150135_ENT3,ENT Church St SE,-33.81323076,151.00358247,Entrance,Church Street Light Rail,Light rail,0,16.0,40.83,55.83
20261007,2150135,2150135_ENT4,ENT Church St SW,-33.81320727,151.00347343,Entrance,Church Street Light Rail,Light rail,0,16.0,40.83,55.83
20261007,2150163,2150163_ENT1,ENT Church St NE,-33.80487445,151.0059019,Entrance,Fennell Street Light Rail,Light rail,0,16.0,44.08,59.08
20261007,2150163,2150163_ENT2,ENT Church St NW,-33.8048693,151.00578293,Entrance,Fennell Street Light Rail,Light rail,0,16.0,44.08,59.08
20261007,2150163,2150163_ENT3,ENT Church St SE,-33.80548835,151.00586579,Entrance,Fennell Street Light Rail,Light rail,0,16.0,44.08,59.08
20261007,2150163,2150163_ENT4,ENT Church St SW,-33.80548321,151.00574682,Entrance,Fennell Street Light Rail,Light rail,0,16.0,44.08,59.08
20261007,2151155,2151155_ENT1,ENT Church St NE,-33.80052416,151.00445765,Entrance,Benaud Oval Light Rail,Light rail,0,16.0,44.2,59.2
20261007,2151155,2151155_ENT2,ENT Church St NW,-33.800564,151.00434078,Entrance,Benaud Oval Light Rail,Light rail,0,16.0,44.2,59.2
20261007,2151155,2151155_ENT3,ENT Church St SE,-33.80106387,151.00476345,Entrance,Benaud Oval Light Rail,Light rail,0,16.0,44.2,59.2
20261007,2151155,2151155_ENT4,ENT Church St SW,-33.80109472,151.00464616,Entrance,Benaud Oval Light Rail,Light rail,0,16.0,44.2,59.2
20261007,2151158,2151158_ENT1,ENT SW,-33.80163352,151.00109866,Entrance,Ngara Light Rail,Light rail,0,16.0,44.02,59.02
20261007,2151158,2151158_ENT2,ENT NW,-33.80152731,151.00103974,Entrance,Ngara Light Rail,Light rail,0,16.0,44.02,59.02
20261007,2151158,2151158_ENT3,ENT NE,-33.80125403,151.00168541,Entrance,Ngara Light Rail,Light rail,0,16.0,44.02,59.02
20261007,2151158,2151158_ENT4,ENT SE,-33.80138793,151.00172403,Entrance,Ngara Light Rail,Light rail,0,16.0,44.02,59.02
20261007,220320,220320_ENT1,ENT Weston St,-33.89879648,151.13993915,Entrance,Waratah Mills Light Rail,Light rail,0,13.5,20.55,45.79
20261007,220320,220320_ENT2,ENT Davis St,-33.89915912,151.14014039,Entrance,Waratah Mills Light Rail,Light rail,0,13.5,20.55,45.79
20261007,220322,220322_ENT1,STR Johnson Pk,-33.90206321,151.1379146,Entrance,Arlington Light Rail,Light rail,0,13.5,21.52,46.76
20261007,220322,220322_ENT2,RMP Johnson Pk,-33.90177608,151.13787909,Entrance,Arlington Light Rail,Light rail,0,13.5,21.52,46.76
20261007,220322,220322_ENT3,STR/RMP Constitution,-33.90204332,151.1382378,Entrance,Arlington Light Rail,Light rail,0,13.5,21.52,46.76
20261007,2300130,2300130_ENT1,ENT Worth Pl S,-32.92647014,151.76552461,Entrance,Honeysuckle Light Rail,Light rail,0,16.0,184.76,200.96
20261007,2300130,2300130_ENT2,ENT Worth Pl N,-32.92635983,151.76558276,Entrance,Honeysuckle Light Rail,Light rail,0,16.0,184.76,200.96
20261007,2300133,2300133_ENT1,ENT Hunter St S,-32.92701049,151.77212233,Entrance,Civic Light Rail,Light rail,0,16.0,187.76,203.96
20261007,2300133,2300133_ENT2,ENT Hunter St N,-32.92692999,151.77210732,Entrance,Civic Light Rail,Light rail,0,16.0,187.76,203.96
20261007,2300134,2300134_ENT1,ENT Hunter St N,-32.9264828,151.77696433,Entrance,Crown Street Light Rail,Light rail,0,16.0,189.76,205.96
20261007,2300134,2300134_ENT2,ENT Hunter St S,-32.9264117,151.77693914,Entrance,Crown Street Light Rail,Light rail,0,16.0,189.76,205.96
20261007,2300135,2300135_ENT1,ENT Scott St S,-32.92633655,151.78125007,Entrance,Queens Wharf Light Rail,Light rail,0,16.0,191.76,207.96
20261007,2300135,2300135_ENT2,ENT Scott St N,-32.92627322,151.78125734,Entrance,Queens Wharf Light Rail,Light rail,0,16.0,191.76,207.96
20261007,2300136,2300136_ENT1,ENT Scott St,-32.92750661,151.78620494,Entrance,Newcastle Beach Light Rail,Light rail,0,16.0,192.76,208.96
20261007,251810,251810,,-34.36264805,150.91011528,Station point,Bellambi Station,Train,0,2.33,135.94,122.34
20261007,26501,26501,,-35.1204162,147.36845635,Station point,Wagga Wagga Station,Train,0,0.33,,
20261007,28202,28202,,-32.55403115,148.94683973,Station point,Wellington Station,Train,0,0.33,,
20261007,28311,28311,,-32.39799009,148.83043562,Station point,Geurie Station,Train,0,0.33,,
20261007,234012,234012,,-31.08756674,150.93107296,Station point,Tamworth Station,Train,0,0.33,,
20261007,23411,23411,,-31.34906879,150.64641949,Station point,Werris Creek Station,Train,0,0.67,,
20261007,23431,23431,,-31.50539998,150.68109985,Station point,Quirindi Station,Train,0,0.33,,
20261007,23501,23501,,-30.515198,151.65175865,Station point,Armidale Station,Train,0,0.0,,
20261007,24301,24301,,-31.90633103,152.45724515,Station point,Taree Station,Train,0,0.33,357.5,365.0
20261007,24391,24391,,-31.63540366,152.70629422,Station point,Kendall Station,Train,0,0.33,405.5,413.0
20261007,24461,24461,,-31.45590568,152.736523,Station point,Wauchope Station,Train,0,0.33,424.5,432.0
20261007,24551,24551,,-30.49903768,153.0186389,Station point,Urunga Station,Train,0,0.33,538.5,546.0
20261007,24601,24601,,-29.703906,152.94169226,Station point,Grafton Station,Train,0,0.0,637.5,645.0
20261007,26631,26631,,-34.87028661,147.58396445,Station point,Junee Station,Train,0,0.33,,
20261007,26801,26801,,-34.2868193,146.0477288,Station point,Griffith Station,Train,0,0.0,,
20261007,28001,28001,,-33.28696469,149.10373338,Station point,Orange Station,Train,0,0.33,,
20261007,2000168,2000168,,-33.88139919,151.20524224,Station point,Haymarket Light Rail,Light rail,0,30.0,0.0,17.91
20261007,26401,26401,,-36.08393704,146.92451575,Station point,Albury Station,Train,0,0.33,,
20261007,20030,20030,,-37.68311252,144.91962279,Station point,Broadmeadows Station,Train,0,0.0,,
20261007,20295,20295,,-36.54475601,145.98372243,Station point,Benalla Station,Train,0,0.17,,
20261007,20342,20342,,-37.0244093,145.13862445,Station point,Seymour Station,Train,0,0.0,,
20261007,20356,20356,,-36.35519935,146.316915,Station point,Wangaratta Station,Train,0,0.33,,
20261007,22180,22180,,-37.81827452,144.95219708,Station point,Melbourne (Southern Cross) Station,Train,0,0.0,,
20261007,23381,23381,,-31.76833822,150.83925384,Station point,Murrurundi Station,Train,0,0.33,,
20261007,23391,23391,,-31.65010159,150.72606029,Station point,Willow Tree Station,Train,0,0.33,,
20261007,23521,23521,,-31.0587123,151.0561658,Station point,Kootingal Station,Train,0,0.17,,
20261007,23541,23541,,-30.94099658,151.40217239,Station point,Walcha Road Station,Train,0,0.0,,
20261007,235813,235813,,-30.64401382,151.50497744,Station point,Uralla Station,Train,0,0.0,,
20261007,23801,23801,,-30.97938261,150.24799863,Station point,Gunnedah Station,Train,0,0.33,,
20261007,23821,23821,,-30.7036477,150.04003862,Station point,Boggabri Station,Train,0,0.0,,
20261007,23971,23971,,-29.91832547,149.79047633,Station point,Bellata Station,Train,0,0.0,,
20261007,24001,24001,,-29.4733669,149.84821846,Station point,Moree Station,Train,0,0.0,,
20261007,24221,24221,,-32.00468828,151.96695608,Station point,Gloucester Station,Train,0,0.5,295.5,303.0
20261007,24291,24291,,-31.86802006,152.36717454,Station point,Wingham Station,Train,0,0.5,344.5,352.0
20261007,24401,24401,,-31.076981,152.83287734,Station point,Kempsey Station,Train,0,0.33,464.5,472.0
20261007,24411,24411,,-30.8496051,152.90012805,Station point,Eungai Station,Train,0,0.33,493.5,501.0
20261007,24471,24471,,-30.70928464,152.91314384,Station point,Macksville Station,Train,0,0.33,510.5,518.0
20261007,24481,24481,,-30.62906919,152.97753742,Station point,Nambucca Heads Station,Train,0,0.33,522.5,530.0
20261007,24501,24501,,-30.30612747,153.13776909,Station point,Coffs Harbour Station,Train,0,0.17,563.5,571.0
20261007,24521,24521,,-30.35950091,153.09749763,Station point,Sawtell Station,Train,0,0.33,555.5,563.0
20261007,24701,24701,,-28.86067501,153.0382764,Station point,Casino Station,Train,0,0.0,,
20261007,25811,25811,,-34.77970055,149.26129133,Station point,Gunning Station,Train,0,0.33,,
20261007,25821,25821,,-34.8088804,148.91538577,Station point,Yass Junction,Train,0,0.17,,
20261007,25871,25871,,-34.55366153,148.37155731,Station point,Harden Station,Train,0,0.33,,
20261007,25901,25901,,-34.64118692,148.03044233,Station point,Cootamundra Station,Train,0,0.33,,
20261007,26041,26041,,-35.31937003,149.14925144,Station point,Canberra Station,Train,0,0.33,397.5,405.0
20261007,26201,26201,,-35.34293112,149.22759463,Station point,Queanbeyan Station,Train,0,0.33,387.5,395.0
20261007,26211,26211,,-35.25607532,149.44634404,Station point,Bungendore Station,Train,0,0.5,359.5,367.0
20261007,26551,26551,,-35.27176626,147.11829714,Station point,The Rock Station,Train,0,0.33,,
20261007,26581,26581,,-35.51788881,147.03536886,Station point,Henty Station,Train,0,0.33,,
20261007,26601,26601,,-35.66611115,147.03813007,Station point,Culcairn Station,Train,0,0.33,,
20261007,27001,27001,,-34.7405854,146.556812,Station point,Narrandera Station,Train,0,0.0,,
20261007,27011,27011,,-34.81596351,147.20189041,Station point,Coolamon Station,Train,0,0.0,,
20261007,279821,279821,,-33.44871362,149.18279906,Station point,Millthorpe Station,Train,0,0.17,,
20261007,27991,27991,,-33.52704011,149.25451963,Station point,Blayney Station,Train,0,0.17,,
20261007,28201,28201,,-32.80134361,149.07847292,Station point,Stuart Town Station,Train,0,0.33,,
20261007,28301,28301,,-32.24512266,148.60830397,Station point,Dubbo Station,Train,0,0.33,,
20261007,2000202,2000202,,-33.87928172,151.20261045,Station point,Paddy's Markets Light Rail,Light rail,0,13.5,0.0,25.29
20261007,200953,200953,,-33.87441219,151.19402163,Station point,Wentworth Park Light Rail,Light rail,0,13.5,0.0,38.14
20261007,2031156,2031156,,-33.91636479,151.23547074,Station point,UNSW High Street Light Rail,Light rail,0,15.17,18.68,34.68
20261007,2150132,2150132,,-33.81555003,151.00513726,Station point,Parramatta Square Light Rail,Light rail,0,16.0,33.82,48.82
